<?xml version="1.0" encoding="utf-8"?>
<COLLADA xmlns="http://www.collada.org/2005/11/COLLADASchema" version="1.4.1" xmlns:xsi="http://www.w3.org/2001/XMLSchema-instance">
  <asset>
    <contributor>
      <author>Blender User</author>
      <authoring_tool>Blender 2.90.1 commit date:2020-09-23, commit time:06:43, hash:3e85bb34d0d7</authoring_tool>
    </contributor>
    <created>2025-09-07T13:27:11</created>
    <modified>2025-09-07T13:27:11</modified>
    <unit name="meter" meter="1"/>
    <up_axis>Z_UP</up_axis>
  </asset>
  <library_effects>
    <effect id="White-effect">
      <profile_COMMON>
        <technique sid="common">
          <lambert>
            <emission>
              <color sid="emission">0 0 0 1</color>
            </emission>
            <diffuse>
              <color sid="diffuse">0.838058 0.838058 0.838058 1</color>
            </diffuse>
            <index_of_refraction>
              <float sid="ior">1.45</float>
            </index_of_refraction>
          </lambert>
        </technique>
      </profile_COMMON>
    </effect>
    <effect id="Black-effect">
      <profile_COMMON>
        <technique sid="common">
          <lambert>
            <emission>
              <color sid="emission">0 0 0 1</color>
            </emission>
            <diffuse>
              <color sid="diffuse">0.04518425 0.04518425 0.04518425 1</color>
            </diffuse>
            <index_of_refraction>
              <float sid="ior">1.45</float>
            </index_of_refraction>
          </lambert>
        </technique>
      </profile_COMMON>
    </effect>
  </library_effects>
  <library_images/>
  <library_materials>
    <material id="White-material" name="White">
      <instance_effect url="#White-effect"/>
    </material>
    <material id="Black-material" name="Black">
      <instance_effect url="#Black-effect"/>
    </material>
  </library_materials>
  <library_geometries>
    <geometry id="Nano_Atom_Caster_Wheel-mesh" name="Nano Atom Caster Wheel">
      <mesh>
        <source id="Nano_Atom_Caster_Wheel-mesh-positions">
          <float_array id="Nano_Atom_Caster_Wheel-mesh-positions-array" count="3201">-0.003054738 8.19855e-4 -0.001666486 -0.003680169 9.861e-4 -0.002092719 -0.003809988 0 -0.002092719 -0.003299534 0.001904964 -0.002092719 -0.003441989 0.001633524 -0.002092719 -0.002977788 0.001625955 -0.001805126 -0.00269407 0.00269407 -0.002092719 -0.001952826 0.003143548 -0.00201261 -0.001904964 0.003299534 -0.002092719 -0.001188278 0.003143548 -0.00178492 -9.861e-4 0.003680169 -0.002092719 -3.98873e-4 0.003143548 -0.001669883 -3.73866e-4 0.00379157 -0.002092719 0 0.003809988 -0.002092719 3.98873e-4 0.003143548 -0.001669883 3.73866e-4 0.00379157 -0.002092719 0.001188278 0.003143548 -0.00178492 9.861e-4 0.003680169 -0.002092719 0.001952826 0.003143548 -0.00201261 0.001904964 0.003299534 -0.002092719 0.002080142 0.002404868 -0.001676201 0.002851068 0.002404868 -0.00203365 0.00269407 0.00269407 -0.002092719 0.003080546 0 -0.001619994 0.003809988 0 -0.002092719 0.003680169 9.861e-4 -0.002092719 -0.002851068 0.002404868 -0.00203365 -0.002080142 0.002404868 -0.001676201 -0.001265704 0.002404868 -0.00143367 -4.24877e-4 0.002404868 -0.001311123 4.24877e-4 0.002404868 -0.001311123 0.001265704 0.002404868 -0.00143367 -0.002172589 0.001625955 -0.001431822 -0.001321971 0.001625955 -0.001178503 -4.43768e-4 0.001625955 -0.001050472 4.43768e-4 0.001625955 -0.001050472 0.001321971 0.001625955 -0.001178503 0.002172589 0.001625955 -0.001431822 0.002977788 0.001625955 -0.001805126 0.003299534 0.001904964 -0.002092719 -0.002228736 8.19855e-4 -0.001283526 -0.001356124 8.19855e-4 -0.00102365 -4.55231e-4 8.19855e-4 -8.92378e-4 4.55231e-4 8.19855e-4 -8.92378e-4 0.001356124 8.19855e-4 -0.00102365 0.002228736 8.19855e-4 -0.001283526 0.003054738 8.19855e-4 -0.001666486 0.003441989 0.001633524 -0.002092719 -0.003080546 0 -0.001619994 -0.002247571 0 -0.001233816 -0.001367568 0 -9.71776e-4 -4.59073e-4 0 -8.39369e-4 4.59073e-4 0 -8.39369e-4 0.001367568 0 -9.71776e-4 0.002247571 0 -0.001233816 0.002574861 -0.008450627 0 0.002574861 -0.008450627 -0.00209546 0.003025829 -0.007610499 0 0.003025829 -0.007610499 -0.00209546 0.003625869 -0.006869494 0 0.003625869 -0.006869494 -0.00209546 0.004353821 -0.0062536 0 0.004353821 -0.0062536 -0.00209546 0.004353821 0.0062536 0 0.004353821 0.0062536 -0.00209546 0.003625869 0.006869494 0 0.003625869 0.006869494 -0.00209546 0.003025829 0.007610499 0 0.003025829 0.007610499 -0.00209546 0.002574861 0.008450627 0 0.002574861 0.008450627 -0.00209546 -0.002574861 0.008450627 0 -0.002574861 0.008450627 -0.00209546 -0.003025829 0.007610499 0 -0.003025829 0.007610499 -0.00209546 -0.003625869 0.006869494 0 -0.003625869 0.006869494 -0.00209546 -0.004353821 0.0062536 0 -0.004353821 0.0062536 -0.00209546 -0.004353821 -0.0062536 0 -0.004353821 -0.0062536 -0.00209546 -0.003625869 -0.006869494 0 -0.003625869 -0.006869494 -0.00209546 -0.003025829 -0.007610499 0 -0.003025829 -0.007610499 -0.00209546 -0.002574861 -0.008450627 0 -0.002574861 -0.008450627 -0.00209546 0.003637015 0.006695985 -0.008127987 0.003912508 0.006538808 -0.008127987 0.003726541 0.006231606 -0.009380221 0.002332746 0.007237255 -0.008183896 0.002303659 0.007263422 -0.008127987 0.00262463 0.007153689 -0.008127987 0.003727614 -0.00623089 -0.009380578 0.004060506 -0.005987226 -0.009472966 0.003912508 -0.006538808 -0.008127987 0.004770338 -0.005942046 -0.008127987 0.003697812 -0.006252169 -0.00936985 0.003637015 -0.006695985 -0.008127987 0.003358066 -0.006490707 -0.009216129 0.00262463 -0.007153689 -0.008127987 0.002303659 -0.007263422 -0.008127987 0.002339959 -0.007230877 -0.008197367 0.002505123 -0.007095038 -0.008461594 0.002752363 -0.006911695 -0.008757114 0.003037154 -0.006712198 -0.009008944 0.002530157 0.007075667 -0.008495986 0.003432154 0.006439208 -0.009254932 0.003094494 0.00667262 -0.009051144 0.002793192 0.006882607 -0.008798122 0.004796981 0.005395233 -0.009525001 0.004571974 0.00558716 -0.009525001 0.004770338 0.005942046 -0.008127987 0.004186034 0.005892217 -0.009495556 0.003802299 0.006177186 -0.009405612 0.005063116 0.005694568 -0.008127987 0.00575143 0.004998505 -0.008127987 0.005718886 0.004406154 -0.009525001 0.006036162 0.004650592 -0.008127987 0.006548941 0.003895461 -0.008127987 0.006440162 0.003262519 -0.009525001 0.006797492 0.003443539 -0.008127987 0.007137537 0.002668142 -0.008127987 0.006935536 0.002004384 -0.009525001 0.007320404 0.002115607 -0.008127987 0.007498383 0.001355707 -0.008127987 0.007187664 6.76051e-4 -0.009525001 0.007586479 7.13564e-4 -0.008127987 0.007619976 0 -0.008127987 0.007187664 -6.76051e-4 -0.009525001 0.007586479 -7.13564e-4 -0.008127987 0.007498383 -0.001355707 -0.008127987 0.006935536 -0.002004384 -0.009525001 0.007320404 -0.002115607 -0.008127987 0.007137537 -0.002668142 -0.008127987 0.006440162 -0.003262519 -0.009525001 0.006797492 -0.003443539 -0.008127987 0.006548941 -0.003895461 -0.008127987 0.005718886 -0.004406154 -0.009525001 0.004429697 -0.005702018 -0.009521007 0.004571974 -0.00558716 -0.009525001 0.005063116 -0.005694568 -0.008127987 0.004796981 -0.005395233 -0.009525001 0.00575143 -0.004998505 -0.008127987 0.006036162 -0.004650592 -0.008127987 -0.003637015 -0.006695985 -0.008127987 -0.003912508 -0.006538808 -0.008127987 -0.003726541 -0.006231606 -0.009380221 -0.002332746 -0.007237255 -0.008183896 -0.002303659 -0.007263422 -0.008127987 -0.00262463 -0.007153689 -0.008127987 -0.003727614 0.00623089 -0.009380578 -0.004060506 0.005987226 -0.009472966 -0.003912508 0.006538808 -0.008127987 -0.004770338 0.005942046 -0.008127987 -0.003697812 0.006252169 -0.00936985 -0.003637015 0.006695985 -0.008127987 -0.003358066 0.006490707 -0.009216129 -0.00262463 0.007153689 -0.008127987 -0.002303659 0.007263422 -0.008127987 -0.002339959 0.007230877 -0.008197367 -0.002505123 0.007095038 -0.008461594 -0.002752363 0.006911695 -0.008757114 -0.003037154 0.006712198 -0.009008944 -0.002530157 -0.007075667 -0.008495986 -0.003432154 -0.006439208 -0.009254932 -0.003094494 -0.00667262 -0.009051144 -0.002793192 -0.006882607 -0.008798122 -0.004796981 -0.005395233 -0.009525001 -0.004571974 -0.00558716 -0.009525001 -0.004770338 -0.005942046 -0.008127987 -0.004186034 -0.005892217 -0.009495556 -0.003802299 -0.006177186 -0.009405612 -0.005063116 -0.005694568 -0.008127987 -0.00575143 -0.004998505 -0.008127987 -0.005718886 -0.004406154 -0.009525001 -0.006036162 -0.004650592 -0.008127987 -0.006548941 -0.003895461 -0.008127987 -0.006440162 -0.003262519 -0.009525001 -0.006797492 -0.003443539 -0.008127987 -0.007137537 -0.002668142 -0.008127987 -0.006935536 -0.002004384 -0.009525001 -0.007320404 -0.002115607 -0.008127987 -0.007498383 -0.001355707 -0.008127987 -0.007187664 -6.76051e-4 -0.009525001 -0.007586479 -7.13564e-4 -0.008127987 -0.007619976 0 -0.008127987 -0.007187664 6.76051e-4 -0.009525001 -0.007586479 7.13564e-4 -0.008127987 -0.007498383 0.001355707 -0.008127987 -0.006935536 0.002004384 -0.009525001 -0.007320404 0.002115607 -0.008127987 -0.007137537 0.002668142 -0.008127987 -0.006440162 0.003262519 -0.009525001 -0.006797492 0.003443539 -0.008127987 -0.006548941 0.003895461 -0.008127987 -0.005718886 0.004406154 -0.009525001 -0.004429697 0.005702018 -0.009521007 -0.004571974 0.00558716 -0.009525001 -0.005063116 0.005694568 -0.008127987 -0.004796981 0.005395233 -0.009525001 -0.00575143 0.004998505 -0.008127987 -0.006036162 0.004650592 -0.008127987 -0.004571974 0.003726422 -0.009525001 -0.005139291 0.002894222 -0.009525001 -0.005556762 0.001977682 -0.009525001 -0.004571974 -0.003726422 -0.009525001 -0.005139291 -0.002894222 -0.009525001 -0.005556762 -0.001977682 -0.009525001 -0.005812227 -0.001003444 -0.009525001 -0.005898237 0 -0.009525001 -0.005812227 0.001003444 -0.009525001 -0.002355277 -0.008868992 0 -0.002355277 -0.008868992 -0.00209546 -0.001834511 -0.009473323 -0.00209546 -0.001834511 -0.009473323 0 -0.001164138 -0.009905874 -0.00209546 -0.001164138 -0.009905874 0 -3.98894e-4 -0.01013135 -0.00209546 -3.98894e-4 -0.01013135 0 3.98894e-4 -0.01013135 -0.00209546 3.98894e-4 -0.01013135 0 0.001164138 -0.009905874 -0.00209546 0.001164138 -0.009905874 0 0.001834511 -0.009473323 -0.00209546 0.001834511 -0.009473323 0 0.002355277 -0.008868992 -0.00209546 0.002355277 -0.008868992 0 -0.004770338 -0.005942046 0 -0.002032279 -0.007343947 -0.007026195 -0.002031981 -0.007344067 -0.006984949 -0.002156734 -0.007308363 -0.007771372 -0.002064883 -0.007334828 -0.007392883 -0.002387642 0.007236242 -0.00209546 -0.002031981 0.007344067 -0.00209546 -0.002031981 0.007344067 -0.006984949 -0.002061724 0.007335722 -0.007373034 -0.002150774 0.007310152 -0.007752835 -0.004770338 0.005942046 0 -0.002780735 0.007094442 -0.00209546 -0.003637015 0.006695985 -0.00209546 -0.00575143 0.004998505 0 -0.006548941 0.003895461 0 -0.007137537 0.002668142 0 -0.007498383 0.001355707 0 -0.007619976 0 0 -0.007498383 -0.001355707 0 -0.007137537 -0.002668142 0 -0.006548941 -0.003895461 0 -0.00575143 -0.004998505 0 -0.003637015 -0.006695985 -0.00209546 -0.002780735 -0.007094442 -0.00209546 -0.002387642 -0.007236242 -0.00209546 -0.002031981 -0.007344067 -0.00209546 0.002031981 -0.007344067 -0.006984949 0.002031981 -0.007344067 -0.00209546 0.002031981 -0.006350278 -0.006984949 0.002031981 -0.006350278 -0.00209546 -0.002355277 0.008868992 -0.00209546 0.002355277 0.008868992 0 0.002355277 0.008868992 -0.00209546 0.001834511 0.009473323 -0.00209546 0.001834511 0.009473323 0 0.001164138 0.009905874 -0.00209546 0.001164138 0.009905874 0 3.98894e-4 0.01013135 -0.00209546 3.98894e-4 0.01013135 0 -3.98894e-4 0.01013135 -0.00209546 -3.98894e-4 0.01013135 0 -0.001164138 0.009905874 -0.00209546 -0.001164138 0.009905874 0 -0.001834511 0.009473323 -0.00209546 -0.001834511 0.009473323 0 -0.002355277 0.008868992 0 0.001617133 -0.003453791 -0.00209546 0.002060353 -0.003209173 -0.00209546 0.002060353 -0.006341159 -0.00209546 -4.14335e-4 -0.003791034 -0.00209546 4.4774e-4 -0.003787279 -0.00209546 0.002387642 -0.007236242 -0.00209546 0.002780735 -0.007094442 -0.00209546 0.003637015 -0.006695985 -0.00209546 0.001286923 -0.003589928 -0.00209546 5e-4 -0.008216023 -0.00209546 -5e-4 -0.006483972 -0.00209546 -8.66025e-4 -0.006849944 -0.00209546 -0.000999987 -0.007349967 -0.00209546 -8.66025e-4 -0.007849991 -0.00209546 -5e-4 -0.008216023 -0.00209546 0 -0.008349955 -0.00209546 -0.001541912 -0.003488004 -0.00209546 -0.001255214 -0.003601133 -0.00209546 -7.54952e-4 -0.003738164 -0.00209546 8.66025e-4 -0.007849991 -0.00209546 0.000999987 -0.007349967 -0.00209546 8.66025e-4 -0.006849944 -0.00209546 5e-4 -0.006483972 -0.00209546 0 -0.00634998 -0.00209546 -0.002031981 -0.003227174 -0.00209546 -0.002031981 -0.006350278 -0.00209546 -0.001616001 -0.003454327 -0.00209546 0.004770338 0.005942046 0 0.002032279 0.007343947 -0.007026195 0.002031981 0.007344067 -0.006984949 0.002156734 0.007308363 -0.007771372 0.002064883 0.007334828 -0.007392883 0.002061724 -0.007335722 -0.007373034 0.002150774 -0.007310152 -0.007752835 0.004770338 -0.005942046 0 0.00575143 -0.004998505 0 0.006548941 -0.003895461 0 0.007137537 -0.002668142 0 0.007498383 -0.001355707 0 0.007619976 0 0 0.007498383 0.001355707 0 0.007137537 0.002668142 0 0.006548941 0.003895461 0 0.00575143 0.004998505 0 0.003637015 0.006695985 -0.00209546 0.002780735 0.007094442 -0.00209546 0.002387642 0.007236242 -0.00209546 0.002031981 0.007344067 -0.00209546 0.000999987 0.007349967 -0.00209546 8.66025e-4 0.007849991 -0.00209546 5e-4 0.008216023 -0.00209546 0 0.008349955 -0.00209546 -5e-4 0.008216023 -0.00209546 5e-4 0.006483972 -0.00209546 7.54805e-4 0.003738164 -0.00209546 0 0.00634998 -0.00209546 4.27701e-4 0.003789544 -0.00209546 -5e-4 0.006483972 -0.00209546 -0.002031981 0.003227174 -0.00209546 -8.66025e-4 0.006849944 -0.00209546 -0.002031981 0.006350278 -0.00209546 -0.000999987 0.007349967 -0.00209546 -8.66025e-4 0.007849991 -0.00209546 -4.27701e-4 0.003789544 -0.00209546 -7.54805e-4 0.003738164 -0.00209546 -0.001261532 0.003598928 -0.00209546 8.66025e-4 0.006849944 -0.00209546 0.002031981 0.006350278 -0.00209546 0.002031981 0.003227174 -0.00209546 0.001616775 0.003453969 -0.00209546 0.001541614 0.003488123 -0.00209546 0.001261532 0.003598928 -0.00209546 -0.001541614 0.003488123 -0.00209546 -0.001616775 0.003453969 -0.00209546 0.002060353 -0.006341159 -0.007363557 0.002039074 -0.006348013 -0.007174849 -0.002031981 0.005966424 -0.006401479 -0.002031981 0.006013154 -0.006984949 -0.002031981 0.004148423 -0.002815663 -0.002031981 0.004802644 -0.003549456 -0.002031981 0.004158675 -0.002825438 -0.002031981 0.004166603 -0.002833068 -0.002031981 0.004912912 -0.003700494 -0.002031981 0.005491793 -0.004716515 -0.002031981 0.00555706 -0.00486797 -0.002031981 0.005756914 -0.005426108 -0.002031981 0.005791902 -0.005545794 -0.002031981 0.005863249 -0.005825281 0.002060353 -0.003435909 -0.002246141 0.002060353 -0.004069805 -0.002755284 0.002060353 -0.004158854 -0.002839028 0.002060353 -0.004187524 -0.002866685 0.002060353 -0.004985749 -0.003823161 0.002060353 -0.005106389 -0.004010081 0.002060353 -0.005356967 -0.004456102 0.002060353 -0.005542993 -0.004859209 0.002060353 -0.005569458 -0.004923701 0.002060353 -0.00577265 -0.005513429 0.002060353 -0.005776762 -0.005527794 0.002060353 -0.005913615 -0.006120979 0.002060353 -0.005990803 -0.006739914 0.002060353 -0.006003379 -0.007363557 0.005139291 -0.002894222 -0.009525001 0.004571974 -0.003726422 -0.009525001 0.004571974 0.003726422 -0.009525001 0.005139291 0.002894222 -0.009525001 0.005556762 0.001977682 -0.009525001 0.005812227 0.001003444 -0.009525001 0.005898237 0 -0.009525001 0.005812227 -0.001003444 -0.009525001 0.005556762 -0.001977682 -0.009525001 5e-4 0.008216023 0 0 0.008349955 0 -5e-4 0.008216023 0 8.66025e-4 0.007849991 0 0 -0.008349955 0 -5e-4 -0.008216023 0 -8.66025e-4 -0.007849991 0 -8.66025e-4 0.006849944 0 -0.000999987 0.007349967 0 5e-4 -0.008216023 0 -0.00269407 0.00269407 0 0 0.00634998 0 -0.003299534 0.001904964 0 -5e-4 0.006483972 0 -8.66025e-4 0.007849991 0 8.66025e-4 -0.006849944 0 0.000999987 -0.007349967 0 -0.000999987 -0.007349967 0 -8.66025e-4 -0.006849944 0 0.001904964 -0.003299534 0 -5e-4 -0.006483972 0 0.00269407 -0.00269407 0 0 -0.00634998 0 0.003299534 -0.001904964 0 5e-4 -0.006483972 0 9.861e-4 0.003680169 0 0.001904964 0.003299534 0 8.66025e-4 -0.007849991 0 9.861e-4 -0.003680169 0 0 -0.003809988 0 -9.861e-4 -0.003680169 0 -0.001904964 -0.003299534 0 -0.00269407 -0.00269407 0 -0.003299534 -0.001904964 0 -0.003680169 -9.861e-4 0 8.66025e-4 0.006849944 0 0.000999987 0.007349967 0 0.003680169 -9.861e-4 0 0.003809988 0 0 0.003680169 9.861e-4 0 -0.003680169 9.861e-4 0 -0.003809988 0 0 0 0.003809988 0 5e-4 0.006483972 0 -9.861e-4 0.003680169 0 -0.001904964 0.003299534 0 0.00269407 0.00269407 0 0.003299534 0.001904964 0 0.002031981 0.004912912 -0.003700494 0.002031981 0.004802644 -0.003549456 0.002031981 0.004166603 -0.002833068 0.002031981 0.005756914 -0.005426108 0.002031981 0.00555706 -0.00486797 0.002031981 0.005491793 -0.004716515 0.002031981 0.004158675 -0.002825438 0.002031981 0.004148423 -0.002815663 0.002031981 0.006013154 -0.006984949 0.002031981 0.005966424 -0.006401479 0.002031981 0.005863249 -0.005825281 0.002031981 0.005791902 -0.005545794 -0.002032577 0.006014406 -0.007040739 -0.002061903 0.006002485 -0.007374465 -0.002140581 0.005953192 -0.007720112 -0.002259135 0.005871534 -0.008034944 -0.002340495 0.005813121 -0.008198201 -0.002430498 0.005746901 -0.008350789 -0.002642989 0.005584895 -0.008637428 -0.002777278 0.005478858 -0.008782267 -0.002884626 0.005392014 -0.008883535 -0.003188252 0.005136668 -0.009114921 -0.003362417 0.004983067 -0.009218454 -0.0042243 0.004129827 -0.009501218 -0.003850579 0.004521429 -0.009420394 -0.003524839 0.00483489 -0.009299039 -0.004370748 -0.003965258 -0.009516954 -0.004198849 -0.004157841 -0.009497404 -0.004028141 -0.004340112 -0.009466052 -0.003693342 -0.004675626 -0.009368121 -0.003389179 -0.004959046 -0.009232759 -0.003089785 -0.005221068 -0.009047627 -0.002813637 -0.005449652 -0.008817911 -0.002776563 -0.005479454 -0.008781611 -0.002595901 -0.005621433 -0.008580803 -0.002404153 -0.005766451 -0.008308529 -0.002340376 -0.005813241 -0.008197963 -0.002246618 -0.005880355 -0.00800693 -0.002128243 -0.005961298 -0.007677912 -0.002056479 -0.006005465 -0.007336676 -0.002031981 -0.006013154 -0.006984949 0.002077043 -0.005993723 -0.00746119 0.002039074 -0.006348013 -0.007174849 0.00216192 -0.005938947 -0.00778687 0.002299308 -0.005842864 -0.008119285 0.002483725 -0.005707025 -0.008430898 0.002697765 -0.00554198 -0.008699297 0.002777099 -0.005479037 -0.008782148 0.002941906 -0.005344986 -0.008932888 0.003247439 -0.00508511 -0.009152054 0.003361999 -0.004983544 -0.009217917 0.004224777 -0.00412929 -0.009501218 0.003884017 -0.004487872 -0.00943005 0.003556847 -0.004805207 -0.009312987 0.004370748 0.003965258 -0.009516954 0.004198849 0.004157841 -0.009497404 0.004028141 0.004340112 -0.009466052 0.003693342 0.004675626 -0.009368121 0.003389179 0.004959046 -0.009232759 0.003089785 0.005221068 -0.009047627 0.002813637 0.005449652 -0.008817911 0.002776563 0.005479454 -0.008781611 0.002595901 0.005621433 -0.008580803 0.002404153 0.005766451 -0.008308529 0.002340376 0.005813241 -0.008197963 0.002246618 0.005880355 -0.00800693 0.002128243 0.005961298 -0.007677912 0.002056479 0.006005465 -0.007336676 -0.002031981 -0.004912912 -0.003700494 -0.002031981 -0.004802644 -0.003549456 -0.002031981 -0.004166603 -0.002833068 -0.002031981 -0.005756914 -0.005426108 -0.002031981 -0.00555706 -0.00486797 -0.002031981 -0.005491793 -0.004716515 -0.002031981 -0.004158675 -0.002825438 -0.002031981 -0.004148423 -0.002815663 -0.002031981 -0.005966424 -0.006401479 -0.002031981 -0.005863249 -0.005825281 -0.002031981 -0.005791902 -0.005545794 2.60355e-4 -0.006285309 -0.006307363 1.3158e-4 -0.006285309 -0.006278634 0 -0.00634998 -0.007172703 3.83581e-4 -0.006285309 -0.006354451 4.98632e-4 -0.006285309 -0.006419062 6.03055e-4 -0.006285309 -0.006499648 6.94626e-4 -0.006285309 -0.006594657 7.71391e-4 -0.006285309 -0.006701946 8.31716e-4 -0.006285309 -0.006819307 8.74314e-4 -0.006285309 -0.006944119 8.98278e-4 -0.006285309 -0.007073879 9.03096e-4 -0.006285309 -0.007205724 8.88667e-4 -0.006285309 -0.007336854 8.55297e-4 -0.006285309 -0.007464528 8.03698e-4 -0.006285309 -0.007585942 7.34969e-4 -0.006285309 -0.007698535 6.50576e-4 -0.006285309 -0.007799983 5.52317e-4 -0.006285309 -0.007888019 4.42287e-4 -0.006285309 -0.007960796 3.22829e-4 -0.006285309 -0.008016765 1.96491e-4 -0.006285309 -0.008054792 6.59658e-5 -0.006285309 -0.008073985 -6.59658e-5 -0.006285309 -0.008073985 -1.96491e-4 -0.006285309 -0.008054792 -3.22829e-4 -0.006285309 -0.008016765 -4.42287e-4 -0.006285309 -0.007960796 -5.52317e-4 -0.006285309 -0.007888019 -6.50576e-4 -0.006285309 -0.007799983 -7.34969e-4 -0.006285309 -0.007698535 -8.03698e-4 -0.006285309 -0.007585942 -8.55297e-4 -0.006285309 -0.007464528 -8.88667e-4 -0.006285309 -0.007336854 -9.03096e-4 -0.006285309 -0.007205724 -8.98278e-4 -0.006285309 -0.007073879 -8.74314e-4 -0.006285309 -0.006944119 -8.31716e-4 -0.006285309 -0.006819307 -7.71391e-4 -0.006285309 -0.006701946 -6.94626e-4 -0.006285309 -0.006594657 -6.03055e-4 -0.006285309 -0.006499648 -4.98632e-4 -0.006285309 -0.006419062 -3.83581e-4 -0.006285309 -0.006354451 -2.60355e-4 -0.006285309 -0.006307363 -1.3158e-4 -0.006285309 -0.006278634 0 -0.006285309 -0.006269037 0.002345979 -0.005776107 -0.008378863 0.001894235 -0.005341947 -0.004309535 -0.002345979 -0.005776107 -0.008378863 -0.003902971 -0.004158318 -0.009965062 -0.005418539 -0.001788973 -0.009958624 -0.005136966 -0.002637863 -0.009813845 -0.004750788 -0.003433048 -0.009615302 -0.004344522 -0.003433048 -0.01028096 -0.003381907 -0.004799008 -0.009592294 -0.00279206 -0.005341947 -0.009170293 -0.002145349 -0.005776107 -0.008707582 -0.001591026 -0.006092727 -0.007990717 -0.001693129 -0.006092727 -0.007750332 -0.001759231 -0.006092727 -0.007497668 -0.001787781 -0.006092727 -0.00723809 -0.001778244 -0.006092727 -0.006977081 -0.001730799 -0.006092727 -0.006720244 -0.001646459 -0.006092727 -0.006473064 -0.00152707 -0.006092727 -0.006240785 -0.002027571 -0.005776107 -0.005485355 -0.001760303 -0.005776107 -0.005208075 -0.001765012 -0.004799008 -0.003407537 -0.001382589 -0.004158318 -0.002577185 -6.98741e-4 -0.004158318 -0.002424836 0 -0.004158318 -0.002373695 6.98741e-4 -0.004158318 -0.002424836 0.001382589 -0.004158318 -0.002577185 0.002036929 -0.004158318 -0.002827465 0.001457154 -0.005341947 -0.004064261 0.001455485 -0.005776107 -0.004972755 0.001760303 -0.005776107 -0.005208075 0.002027571 -0.005776107 -0.005485355 0.00152707 -0.006092727 -0.006240785 0.001375079 -0.006092727 -0.006028354 0.001646459 -0.006092727 -0.006473064 0.001730799 -0.006092727 -0.006720244 0.001778244 -0.006092727 -0.006977081 0.001787781 -0.006092727 -0.00723809 0.001759231 -0.006092727 -0.007497668 0.001693129 -0.006092727 -0.007750332 0.00279206 -0.005341947 -0.009170293 0.002145349 -0.005776107 -0.008707582 0.003381907 -0.004799008 -0.009592294 0.003902971 -0.004158318 -0.009965062 0.005418539 -0.001788973 -0.009958624 0.005647301 0 -0.01007622 -0.005647301 0 -0.01007622 -0.005589783 -9.03699e-4 -0.01004666 -0.005164384 0 -0.01086753 -0.005111813 -9.03699e-4 -0.01082992 -0.004571378 0 -0.0115801 -0.004524827 -9.03699e-4 -0.01153522 -0.003880918 0 -0.01219874 -0.0038414 -9.03699e-4 -0.01214754 -0.003107786 0 -0.01271021 -0.003076136 -9.03699e-4 -0.01265388 -0.002268373 0 -0.01310372 -0.002245306 -9.03699e-4 -0.01304334 -0.001380681 0 -0.01337081 -0.001366615 -9.03699e-4 -0.01330775 -4.6352e-4 0 -0.01350581 -4.58802e-4 -9.03699e-4 -0.01344132 4.6352e-4 0 -0.01350581 4.58802e-4 -9.03699e-4 -0.01344132 0.001380681 0 -0.01337081 0.001366615 -9.03699e-4 -0.01330775 0.002268373 0 -0.01310372 0.002245306 -9.03699e-4 -0.01304334 0.003107786 0 -0.01271021 0.003076136 -9.03699e-4 -0.01265388 0.003880918 0 -0.01219874 0.0038414 -9.03699e-4 -0.01214754 0.004571378 0 -0.0115801 0.004524827 -9.03699e-4 -0.01153522 0.005164384 0 -0.01086753 0.005111813 -9.03699e-4 -0.01082992 0.005589783 -9.03699e-4 -0.01004666 0.004955172 -0.001788973 -0.01071786 0.004386186 -0.001788973 -0.01140159 0.00372374 -0.001788973 -0.01199513 0.002981901 -0.001788973 -0.01248592 0.002176523 -0.001788973 -0.01286345 0.001324713 -0.001788973 -0.01311975 4.44744e-4 -0.001788973 -0.01324927 -4.44744e-4 -0.001788973 -0.01324927 -0.001324713 -0.001788973 -0.01311975 -0.002176523 -0.001788973 -0.01286345 -0.002981901 -0.001788973 -0.01248592 -0.00372374 -0.001788973 -0.01199513 -0.004386186 -0.001788973 -0.01140159 -0.004955172 -0.001788973 -0.01071786 -0.00469768 -0.002637863 -0.01053363 -0.004158258 -0.002637863 -0.01118183 -0.003845691 -0.003433048 -0.01088047 -0.003530204 -0.002637863 -0.01174455 -0.003264844 -0.003433048 -0.01140087 -0.002826929 -0.002637863 -0.01220983 -0.002614438 -0.003433048 -0.01183116 -0.002063393 -0.002637863 -0.01256775 -0.001908302 -0.003433048 -0.0121622 -0.001255869 -0.002637863 -0.0128107 -0.001161456 -0.003433048 -0.01238685 -4.21633e-4 -0.002637863 -0.01293349 -3.89938e-4 -0.003433048 -0.01250046 4.21633e-4 -0.002637863 -0.01293349 3.89938e-4 -0.003433048 -0.01250046 0.001255869 -0.002637863 -0.0128107 0.001161456 -0.003433048 -0.01238685 0.002063393 -0.002637863 -0.01256775 0.001908302 -0.003433048 -0.0121622 0.002826929 -0.002637863 -0.01220983 0.002614438 -0.003433048 -0.01183116 0.003530204 -0.002637863 -0.01174455 0.003264844 -0.003433048 -0.01140087 0.004158258 -0.002637863 -0.01118183 0.003845691 -0.003433048 -0.01088047 0.00469768 -0.002637863 -0.01053363 0.004344522 -0.003433048 -0.01028096 0.005136966 -0.002637863 -0.009813845 0.004750788 -0.003433048 -0.009615302 0.003454804 -0.004158318 -0.01050359 0.002933025 -0.004158318 -0.01097112 0.002348721 -0.004158318 -0.01135772 0.001714348 -0.004158318 -0.01165509 0.001043438 -0.004158318 -0.01185691 3.50305e-4 -0.004158318 -0.01195895 -3.50305e-4 -0.004158318 -0.01195895 -0.001043438 -0.004158318 -0.01185691 -0.001714348 -0.004158318 -0.01165509 -0.002348721 -0.004158318 -0.01135772 -0.002933025 -0.004158318 -0.01097112 -0.003454804 -0.004158318 -0.01050359 0.002993583 -0.004799008 -0.01005893 0.002541482 -0.004799008 -0.01046407 0.00203514 -0.004799008 -0.01079905 0.001485466 -0.004799008 -0.01105672 9.04154e-4 -0.004799008 -0.0112316 3.03541e-4 -0.004799008 -0.01131999 -3.03541e-4 -0.004799008 -0.01131999 -9.04154e-4 -0.004799008 -0.0112316 -0.001485466 -0.004799008 -0.01105672 -0.00203514 -0.004799008 -0.01079905 -0.002541482 -0.004799008 -0.01046407 -0.002993583 -0.004799008 -0.01005893 -0.001197993 -0.004799008 -0.003190696 -6.05463e-4 -0.004799008 -0.003058671 0 -0.004799008 -0.003014385 6.05463e-4 -0.004799008 -0.003058671 0.001197993 -0.004799008 -0.003190696 0.001765012 -0.004799008 -0.003407537 0.002471446 -0.005341947 -0.009555518 0.002098143 -0.005341947 -0.00988996 0.001680195 -0.005341947 -0.01016652 0.001226365 -0.005341947 -0.01037925 7.46453e-4 -0.005341947 -0.01052367 2.50598e-4 -0.005341947 -0.01059663 -2.50598e-4 -0.005341947 -0.01059663 -7.46453e-4 -0.005341947 -0.01052367 -0.001226365 -0.005341947 -0.01037925 -0.001680195 -0.005341947 -0.01016652 -0.002098143 -0.005341947 -0.00988996 -0.002471446 -0.005341947 -0.009555518 -0.001894235 -0.005341947 -0.004309535 -0.001457154 -0.005341947 -0.004064261 -9.89064e-4 -0.005341947 -0.003885209 -4.99859e-4 -0.005341947 -0.003776252 0 -0.005341947 -0.003739655 4.99859e-4 -0.005341947 -0.003776252 9.89064e-4 -0.005341947 -0.003885209 0.001899003 -0.005776107 -0.009003639 0.001612186 -0.005776107 -0.009260594 0.001290977 -0.005776107 -0.009473085 9.42334e-4 -0.005776107 -0.00963658 5.73556e-4 -0.005776107 -0.009747505 1.92553e-4 -0.005776107 -0.009803593 -1.92553e-4 -0.005776107 -0.009803593 -5.73556e-4 -0.005776107 -0.009747505 -9.42334e-4 -0.005776107 -0.00963658 -0.001290977 -0.005776107 -0.009473085 -0.001612186 -0.005776107 -0.009260594 -0.001899003 -0.005776107 -0.009003639 -0.001455485 -0.005776107 -0.004972755 -0.001119613 -0.005776107 -0.004784226 -7.59972e-4 -0.005776107 -0.004646658 -3.84079e-4 -0.005776107 -0.004562973 0 -0.005776107 -0.00453484 3.84079e-4 -0.005776107 -0.004562973 7.59972e-4 -0.005776107 -0.004646658 0.001119613 -0.005776107 -0.004784226 0.001591026 -0.006092727 -0.007990717 0.001454949 -0.006092727 -0.008213698 0.001287877 -0.006092727 -0.008414447 0.001093387 -0.006092727 -0.008588731 8.75569e-4 -0.006092727 -0.008732795 6.39087e-4 -0.006092727 -0.00884366 3.88983e-4 -0.006092727 -0.008918941 1.30589e-4 -0.006092727 -0.008956968 -1.30589e-4 -0.006092727 -0.008956968 -3.88983e-4 -0.006092727 -0.008918941 -6.39087e-4 -0.006092727 -0.00884366 -8.75569e-4 -0.006092727 -0.008732795 -0.001093387 -0.006092727 -0.008588731 -0.001287877 -0.006092727 -0.008414447 -0.001454949 -0.006092727 -0.008213698 -0.001375079 -0.006092727 -0.006028354 -0.001193821 -0.006092727 -0.005840301 -9.87113e-4 -0.006092727 -0.00568068 -7.59354e-4 -0.006092727 -0.005552887 -5.1541e-4 -0.006092727 -0.005459547 -2.60481e-4 -0.006092727 -0.005402803 0 -0.006092727 -0.005383729 2.60481e-4 -0.006092727 -0.005402803 5.1541e-4 -0.006092727 -0.005459547 7.59354e-4 -0.006092727 -0.005552887 9.87113e-4 -0.006092727 -0.00568068 0.001193821 -0.006092727 -0.005840301 -0.005136966 0.002637863 -0.009813845 -0.004750788 0.003433048 -0.009615302 -0.004344522 0.003433048 -0.01028096 6.39087e-4 0.006092727 -0.00884366 3.22829e-4 0.006285309 -0.008016765 4.42287e-4 0.006285309 -0.007960796 -0.001287877 0.006092727 -0.008414447 -6.50576e-4 0.006285309 -0.007799983 -5.52317e-4 0.006285309 -0.007888019 -0.001646459 0.006092727 -0.006473064 -8.31716e-4 0.006285309 -0.006819307 -8.74314e-4 0.006285309 -0.006944119 -7.59354e-4 0.006092727 -0.005552887 -3.83581e-4 0.006285309 -0.006354451 -4.98632e-4 0.006285309 -0.006419062 0 0.00634998 -0.007172703 7.71391e-4 0.006285309 -0.006701946 8.31716e-4 0.006285309 -0.006819307 8.98278e-4 0.006285309 -0.007073879 9.03096e-4 0.006285309 -0.007205724 8.74314e-4 0.006285309 -0.006944119 8.55297e-4 0.006285309 -0.007464528 8.03698e-4 0.006285309 -0.007585942 8.88667e-4 0.006285309 -0.007336854 1.96491e-4 0.006285309 -0.008054792 -7.34969e-4 0.006285309 -0.007698535 -7.71391e-4 0.006285309 -0.006701946 -6.94626e-4 0.006285309 -0.006594657 -2.60355e-4 0.006285309 -0.006307363 -0.003902971 0.004158318 -0.009965062 -0.003381907 0.004799008 -0.009592294 -0.00279206 0.005341947 -0.009170293 -0.002345979 0.005776107 -0.008378863 -0.001778244 0.006092727 -0.006977081 -0.002027571 0.005776107 -0.005485355 -0.001375079 0.006092727 -0.006028354 0.001760303 0.005776107 -0.005208075 0.002345979 0.005776107 -0.008378863 0.004750788 0.003433048 -0.009615302 0.004344522 0.003433048 -0.01028096 0.003381907 0.004799008 -0.009592294 0.003902971 0.004158318 -0.009965062 0.00279206 0.005341947 -0.009170293 0.00152707 0.006092727 -0.006240785 0.001382589 0.004158318 -0.002577185 0 0.004158318 -0.002373695 -6.98741e-4 0.004158318 -0.002424836 -0.001382589 0.004158318 -0.002577185 -0.001894235 0.005341947 -0.004309535 -0.001765012 0.004799008 -0.003407537 0.005589783 9.03699e-4 -0.01004666 0.005418539 0.001788973 -0.009958624 0.005136966 0.002637863 -0.009813845 -5.1541e-4 0.006092727 -0.005459547 -7.59972e-4 0.005776107 -0.004646658 -1.3158e-4 0.006285309 -0.006278634 -0.00152707 0.006092727 -0.006240785 -0.001730799 0.006092727 -0.006720244 -8.98278e-4 0.006285309 -0.007073879 -9.03096e-4 0.006285309 -0.007205724 -0.001787781 0.006092727 -0.00723809 -0.001759231 0.006092727 -0.007497668 -8.88667e-4 0.006285309 -0.007336854 -0.001591026 0.006092727 -0.007990717 -0.001693129 0.006092727 -0.007750332 -8.03698e-4 0.006285309 -0.007585942 -0.001454949 0.006092727 -0.008213698 -0.002145349 0.005776107 -0.008707582 3.88983e-4 0.006092727 -0.008918941 5.73556e-4 0.005776107 -0.009747505 7.34969e-4 0.006285309 -0.007698535 0.001454949 0.006092727 -0.008213698 0.001591026 0.006092727 -0.007990717 0.002145349 0.005776107 -0.008707582 0.001646459 0.006092727 -0.006473064 0.001730799 0.006092727 -0.006720244 0.001778244 0.006092727 -0.006977081 0.001787781 0.006092727 -0.00723809 0.001759231 0.006092727 -0.007497668 0.001693129 0.006092727 -0.007750332 6.03055e-4 0.006285309 -0.006499648 6.94626e-4 0.006285309 -0.006594657 0.001375079 0.006092727 -0.006028354 4.98632e-4 0.006285309 -0.006419062 9.87113e-4 0.006092727 -0.00568068 0.001193821 0.006092727 -0.005840301 -2.60481e-4 0.006092727 -0.005402803 -3.84079e-4 0.005776107 -0.004562973 -4.99859e-4 0.005341947 -0.003776252 0 0.006285309 -0.006269037 -0.001760303 0.005776107 -0.005208075 -0.001455485 0.005776107 -0.004972755 -0.001193821 0.006092727 -0.005840301 -0.001899003 0.005776107 -0.009003639 -0.001093387 0.006092727 -0.008588731 -4.42287e-4 0.006285309 -0.007960796 0.002027571 0.005776107 -0.005485355 0.001455485 0.005776107 -0.004972755 0.001894235 0.005341947 -0.004309535 0 0.006092727 -0.005383729 0 0.005776107 -0.00453484 0 0.005341947 -0.003739655 0 0.004799008 -0.003014385 1.3158e-4 0.006285309 -0.006278634 -0.002471446 0.005341947 -0.009555518 -0.001612186 0.005776107 -0.009260594 -8.75569e-4 0.006092727 -0.008732795 -3.22829e-4 0.006285309 -0.008016765 3.83581e-4 0.006285309 -0.006354451 7.59354e-4 0.006092727 -0.005552887 0.001119613 0.005776107 -0.004784226 0.001457154 0.005341947 -0.004064261 0.001765012 0.004799008 -0.003407537 -0.001457154 0.005341947 -0.004064261 -0.001197993 0.004799008 -0.003190696 -0.002993583 0.004799008 -0.01005893 -0.002098143 0.005341947 -0.00988996 -0.001290977 0.005776107 -0.009473085 -6.39087e-4 0.006092727 -0.00884366 -1.96491e-4 0.006285309 -0.008054792 -8.55297e-4 0.006285309 -0.007464528 0.001197993 0.004799008 -0.003190696 9.89064e-4 0.005341947 -0.003885209 7.59972e-4 0.005776107 -0.004646658 5.1541e-4 0.006092727 -0.005459547 2.60355e-4 0.006285309 -0.006307363 2.60481e-4 0.006092727 -0.005402803 3.84079e-4 0.005776107 -0.004562973 4.99859e-4 0.005341947 -0.003776252 6.05463e-4 0.004799008 -0.003058671 6.98741e-4 0.004158318 -0.002424836 -6.05463e-4 0.004799008 -0.003058671 -9.89064e-4 0.005341947 -0.003885209 -0.001119613 0.005776107 -0.004784226 -9.87113e-4 0.006092727 -0.00568068 -6.03055e-4 0.006285309 -0.006499648 -0.003454804 0.004158318 -0.01050359 -0.003845691 0.003433048 -0.01088047 -0.003264844 0.003433048 -0.01140087 -0.002933025 0.004158318 -0.01097112 -0.002541482 0.004799008 -0.01046407 -0.002614438 0.003433048 -0.01183116 -0.002348721 0.004158318 -0.01135772 -0.00203514 0.004799008 -0.01079905 -0.001680195 0.005341947 -0.01016652 -0.001908302 0.003433048 -0.0121622 -0.001714348 0.004158318 -0.01165509 -0.001485466 0.004799008 -0.01105672 -0.001226365 0.005341947 -0.01037925 -9.42334e-4 0.005776107 -0.00963658 -0.001161456 0.003433048 -0.01238685 -0.001043438 0.004158318 -0.01185691 -9.04154e-4 0.004799008 -0.0112316 -7.46453e-4 0.005341947 -0.01052367 -5.73556e-4 0.005776107 -0.009747505 -3.88983e-4 0.006092727 -0.008918941 -3.89938e-4 0.003433048 -0.01250046 -3.50305e-4 0.004158318 -0.01195895 -3.03541e-4 0.004799008 -0.01131999 -2.50598e-4 0.005341947 -0.01059663 -1.92553e-4 0.005776107 -0.009803593 -1.30589e-4 0.006092727 -0.008956968 -6.59658e-5 0.006285309 -0.008073985 3.89938e-4 0.003433048 -0.01250046 3.50305e-4 0.004158318 -0.01195895 3.03541e-4 0.004799008 -0.01131999 2.50598e-4 0.005341947 -0.01059663 1.92553e-4 0.005776107 -0.009803593 1.30589e-4 0.006092727 -0.008956968 6.59658e-5 0.006285309 -0.008073985 0.001908302 0.003433048 -0.0121622 0.001161456 0.003433048 -0.01238685 0.001714348 0.004158318 -0.01165509 0.001043438 0.004158318 -0.01185691 0.001485466 0.004799008 -0.01105672 9.04154e-4 0.004799008 -0.0112316 0.001226365 0.005341947 -0.01037925 7.46453e-4 0.005341947 -0.01052367 9.42334e-4 0.005776107 -0.00963658 0.002614438 0.003433048 -0.01183116 0.002348721 0.004158318 -0.01135772 0.00203514 0.004799008 -0.01079905 0.001680195 0.005341947 -0.01016652 0.001290977 0.005776107 -0.009473085 8.75569e-4 0.006092727 -0.008732795 0.003264844 0.003433048 -0.01140087 0.002933025 0.004158318 -0.01097112 0.002541482 0.004799008 -0.01046407 0.002098143 0.005341947 -0.00988996 0.001612186 0.005776107 -0.009260594 0.001093387 0.006092727 -0.008588731 5.52317e-4 0.006285309 -0.007888019 6.50576e-4 0.006285309 -0.007799983 0.001287877 0.006092727 -0.008414447 0.001899003 0.005776107 -0.009003639 0.002471446 0.005341947 -0.009555518 0.002993583 0.004799008 -0.01005893 0.003454804 0.004158318 -0.01050359 0.003845691 0.003433048 -0.01088047 -0.00469768 0.002637863 -0.01053363 -0.004158258 0.002637863 -0.01118183 -0.003530204 0.002637863 -0.01174455 -0.002826929 0.002637863 -0.01220983 -0.002063393 0.002637863 -0.01256775 -0.001255869 0.002637863 -0.0128107 -4.21633e-4 0.002637863 -0.01293349 4.21633e-4 0.002637863 -0.01293349 0.00469768 0.002637863 -0.01053363 0.004158258 0.002637863 -0.01118183 0.003530204 0.002637863 -0.01174455 0.002826929 0.002637863 -0.01220983 0.002063393 0.002637863 -0.01256775 0.001255869 0.002637863 -0.0128107 0.004955172 0.001788973 -0.01071786 0.004386186 0.001788973 -0.01140159 0.00372374 0.001788973 -0.01199513 0.002981901 0.001788973 -0.01248592 0.002176523 0.001788973 -0.01286345 0.001324713 0.001788973 -0.01311975 4.44744e-4 0.001788973 -0.01324927 -4.44744e-4 0.001788973 -0.01324927 -0.001324713 0.001788973 -0.01311975 -0.002176523 0.001788973 -0.01286345 -0.002981901 0.001788973 -0.01248592 -0.00372374 0.001788973 -0.01199513 -0.004386186 0.001788973 -0.01140159 -0.004955172 0.001788973 -0.01071786 -0.005418539 0.001788973 -0.009958624 0.005111813 9.03699e-4 -0.01082992 0.004524827 9.03699e-4 -0.01153522 0.0038414 9.03699e-4 -0.01214754 0.003076136 9.03699e-4 -0.01265388 0.002245306 9.03699e-4 -0.01304334 0.001366615 9.03699e-4 -0.01330775 4.58802e-4 9.03699e-4 -0.01344132 -4.58802e-4 9.03699e-4 -0.01344132 -0.001366615 9.03699e-4 -0.01330775 -0.002245306 9.03699e-4 -0.01304334 -0.003076136 9.03699e-4 -0.01265388 -0.0038414 9.03699e-4 -0.01214754 -0.004524827 9.03699e-4 -0.01153522 -0.005111813 9.03699e-4 -0.01082992 -0.005589783 9.03699e-4 -0.01004666 -3.73866e-4 -0.00379157 -0.002092719 -9.861e-4 -0.003680169 -0.002092719 -0.001904964 -0.003299534 -0.002092719 -0.00269407 -0.00269407 -0.002092719 -0.003299534 -0.001904964 -0.002092719 -0.003441989 -0.001633524 -0.002092719 -0.003680169 -9.861e-4 -0.002092719 -0.003809988 0 0 0 0.003809988 0 0.003809988 0 0 0.003680169 -9.861e-4 -0.002092719 0.003441989 -0.001633524 -0.002092719 0.003299534 -0.001904964 -0.002092719 0.00269407 -0.00269407 -0.002092719 0.001904964 -0.003299534 -0.002092719 9.861e-4 -0.003680169 -0.002092719 3.73866e-4 -0.00379157 -0.002092719 0 -0.003809988 -0.002092719 -0.002851068 -0.002404868 -0.00203365 -0.002080142 -0.002404868 -0.001676201 -0.002977788 -0.001625955 -0.001805126 3.98873e-4 -0.003143548 -0.001669883 0.001188278 -0.003143548 -0.00178492 0.001952826 -0.003143548 -0.00201261 -0.001952826 -0.003143548 -0.00201261 -0.001188278 -0.003143548 -0.00178492 -3.98873e-4 -0.003143548 -0.001669883 0.003054738 -8.19855e-4 -0.001666486 0.002228736 -8.19855e-4 -0.001283526 0.001356124 -8.19855e-4 -0.00102365 4.55231e-4 -8.19855e-4 -8.92378e-4 -4.55231e-4 -8.19855e-4 -8.92378e-4 -0.001356124 -8.19855e-4 -0.00102365 -0.002228736 -8.19855e-4 -0.001283526 -0.003054738 -8.19855e-4 -0.001666486 -0.002172589 -0.001625955 -0.001431822 -0.001321971 -0.001625955 -0.001178503 -4.43768e-4 -0.001625955 -0.001050472 4.43768e-4 -0.001625955 -0.001050472 0.001321971 -0.001625955 -0.001178503 0.002172589 -0.001625955 -0.001431822 0.002977788 -0.001625955 -0.001805126 -0.001265704 -0.002404868 -0.00143367 -4.24877e-4 -0.002404868 -0.001311123 4.24877e-4 -0.002404868 -0.001311123 0.001265704 -0.002404868 -0.00143367 0.002080142 -0.002404868 -0.001676201 0.002851068 -0.002404868 -0.00203365 0 -0.00634998 -0.00209546 0 -0.008349955 0 0 0.008349955 -0.00209546 0 0.008349955 0</float_array>
          <technique_common>
            <accessor source="#Nano_Atom_Caster_Wheel-mesh-positions-array" count="1067" stride="3">
              <param name="X" type="float"/>
              <param name="Y" type="float"/>
              <param name="Z" type="float"/>
            </accessor>
          </technique_common>
        </source>
        <source id="Nano_Atom_Caster_Wheel-mesh-normals">
          <float_array id="Nano_Atom_Caster_Wheel-mesh-normals-array" count="5793">-0.5485332 0.07221567 0.8330044 -0.5047319 0.2649281 0.8216198 -0.5149116 0.1893929 0.8360601 -0.3933753 0.5126571 0.7631766 -0.2469064 0.5016077 0.8291121 -0.2267774 0.547488 0.8054991 -0.1224586 0.5281374 0.8402827 -0.09945982 0.5464408 0.8315709 -0.02690184 0.5469909 0.8367062 0 0.5357551 0.8443734 0.02690184 0.5469911 0.8367061 0.1208449 0.5457226 0.8292066 0.09501272 0.5220118 0.8476299 0.2385019 0.5492625 0.8008918 0.2055737 0.4963001 0.8434606 0.3886793 0.3823387 0.8382993 0.5424497 0.07141447 0.8370473 -0.5981917 0.4590097 0.6568689 -0.3886793 0.3823387 0.8382992 -0.3546121 0.4374674 0.8263611 -0.2567311 0.4368761 0.8621071 -0.2567309 0.4368761 0.8621072 -0.1297214 0.4368764 0.8901187 -0.1297217 0.436876 0.8901189 0 0.4368763 0.8995217 0 0.436876 0.8995217 0.1297218 0.4368764 0.8901187 0.1297213 0.4368761 0.890119 0.2567311 0.4368762 0.862107 0.2567309 0.4368759 0.8621073 0.354612 0.4374673 0.8263611 0.3933756 0.5126563 0.763177 -0.4635043 0.3180552 0.8270458 -0.3989006 0.3173105 0.8603444 -0.3989005 0.3173105 0.8603444 -0.2706587 0.3173102 0.9088774 -0.270659 0.3173105 0.9088772 -0.1367591 0.3173103 0.9384089 -0.1367589 0.3173102 0.938409 0 0.3173103 0.9483218 0 0.3173104 0.9483217 0.1367591 0.3173102 0.9384089 0.136759 0.3173103 0.9384089 0.2706591 0.3173104 0.9088772 0.2706587 0.3173103 0.9088774 0.3989006 0.3173105 0.8603444 0.3989005 0.3173104 0.8603445 0.4635043 0.3180552 0.8270457 0.5981914 0.4590095 0.6568693 -0.5171151 0.1927713 0.8339252 -0.4127707 0.1925038 0.89026 -0.4127707 0.1925036 0.8902599 -0.2800703 0.1925036 0.9404802 -0.2800701 0.1925037 0.9404802 -0.1415144 0.1925037 0.9710386 -0.1415142 0.1925038 0.9710387 0 0.1925038 0.9812963 0 0.1925037 0.9812963 0.1415143 0.1925037 0.9710386 0.1415143 0.1925038 0.9710386 0.2800703 0.1925038 0.9404802 0.2800701 0.1925036 0.9404803 0.4127704 0.1925035 0.8902601 0.412771 0.1925039 0.8902598 0.5145224 0.1927982 0.8355212 0.5047319 0.264928 0.8216197 -0.5427047 0.06453973 0.8374403 -0.4197616 0.06452238 0.9053381 -0.4197619 0.06452238 0.9053381 -0.2848134 0.06452256 0.956409 -0.2848137 0.06452244 0.9564089 -0.1439112 0.06452238 0.987485 -0.1439111 0.06452238 0.987485 0 0.06452238 0.9979164 0 0.06452244 0.9979164 0.1439112 0.06452244 0.9874849 0.143911 0.06452238 0.9874849 0.2848134 0.06452232 0.9564091 0.2848137 0.06452268 0.9564089 0.4197621 0.06452238 0.9053379 0.4197614 0.06452238 0.9053383 0.5502465 0.06449753 0.8325076 0.5178021 0.1904564 0.8340308 0.8810672 -0.4729911 3.18627e-6 0.8810703 -0.4729853 0 0.7771624 -0.6293002 0 0.6458783 -0.7634404 0 0.6458744 -0.7634437 2.27591e-6 0.6458744 0.7634437 0 0.645874 0.7634441 0 0.7771624 0.6293002 0 0.8810703 0.4729853 0 0.881067 0.4729915 -3.18627e-6 -0.8810706 0.472985 -3.18627e-6 -0.8810671 0.4729915 0 -0.7771624 0.6293002 0 -0.6458783 0.7634404 0 -0.6458744 0.7634437 2.27591e-6 -0.6458773 -0.7634413 1.36554e-6 -0.645874 -0.7634441 0 -0.7771624 -0.6293002 0 -0.8810659 -0.4729937 0 -0.8810669 -0.4729918 1.13795e-6 0.476305 0.8349869 -0.2755551 0.3119695 0.912601 -0.2642622 0.5167441 -0.8105862 -0.2755464 0.5508146 -0.7917507 -0.2640721 0.4914306 -0.8261491 -0.2756333 0.4763706 -0.8351002 -0.2750978 0.464661 -0.8408128 -0.2777124 0.3119382 -0.9125372 -0.2645193 0.3130793 -0.9099091 -0.2721155 0.3349438 -0.9002189 -0.2782422 0.3980428 -0.880395 -0.2578112 0.3951424 -0.8831539 -0.252788 0.421883 -0.865099 -0.2713275 0.3128308 0.9096856 -0.2731464 0.4724534 0.8368532 -0.2765223 0.4293515 0.8605436 -0.2740841 0.3982097 0.8807629 -0.2562921 0.3988569 0.8805926 -0.255871 0.3402758 0.898356 -0.2777931 0.6240907 0.731568 -0.274443 0.5828051 0.7640076 -0.2768224 0.5508004 0.7917314 -0.2641596 0.5314891 0.8019208 -0.2728413 0.4986282 0.8218227 -0.2756401 0.62046 0.7342328 -0.2755571 0.683649 0.6759716 -0.2751118 0.6994726 0.6519502 -0.2927439 0.7438538 0.608906 -0.275527 0.7953477 0.5400908 -0.2751802 0.808443 0.5098837 -0.2940046 0.8423498 0.4631968 -0.2754914 0.8804196 0.3861373 -0.2752441 0.8890817 0.3500941 -0.2949035 0.9126538 0.3019759 -0.2754518 0.9360182 0.2192677 -0.2753031 0.9386051 0.1781409 -0.2954429 0.9524088 0.1306474 -0.2754068 0.9602854 0.04505962 -0.2753573 0.9553049 0 -0.2956224 0.9602854 -0.04505962 -0.2753573 0.9524087 -0.1306474 -0.2754068 0.9386051 -0.1781409 -0.2954429 0.9360182 -0.2192677 -0.275303 0.9126538 -0.3019758 -0.2754517 0.8890815 -0.3500941 -0.2949035 0.8804196 -0.3861374 -0.2752441 0.8423497 -0.4631969 -0.2754915 0.808443 -0.5098837 -0.2940046 0.5657529 -0.7782788 -0.2724072 0.599223 -0.75151 -0.2759795 0.6206221 -0.7344257 -0.2746765 0.6238793 -0.7313194 -0.2755842 0.6836491 -0.6759715 -0.2751117 0.6994726 -0.6519502 -0.2927439 0.7438538 -0.608906 -0.275527 0.7953479 -0.5400905 -0.2751801 -0.476305 -0.8349869 -0.2755551 -0.3119695 -0.912601 -0.2642622 -0.5167441 0.8105862 -0.2755464 -0.5508146 0.7917507 -0.2640721 -0.4914306 0.8261491 -0.2756333 -0.4763706 0.8351002 -0.2750978 -0.464661 0.8408128 -0.2777124 -0.3119382 0.9125372 -0.2645193 -0.3130793 0.9099091 -0.2721155 -0.3349438 0.9002189 -0.2782422 -0.3980428 0.880395 -0.2578112 -0.3951424 0.8831539 -0.252788 -0.421883 0.865099 -0.2713275 -0.3128308 -0.9096856 -0.2731464 -0.4724534 -0.8368532 -0.2765223 -0.4293515 -0.8605436 -0.2740841 -0.3982097 -0.8807629 -0.2562921 -0.3988569 -0.8805926 -0.255871 -0.3402758 -0.898356 -0.2777931 -0.6240907 -0.731568 -0.274443 -0.5828051 -0.7640076 -0.2768224 -0.5508004 -0.7917314 -0.2641596 -0.5314891 -0.8019208 -0.2728413 -0.4986282 -0.8218227 -0.2756401 -0.62046 -0.7342328 -0.2755571 -0.683649 -0.6759716 -0.2751118 -0.6994726 -0.6519502 -0.2927439 -0.7438538 -0.608906 -0.275527 -0.7953477 -0.5400908 -0.2751802 -0.808443 -0.5098837 -0.2940046 -0.8423498 -0.4631968 -0.2754914 -0.8804196 -0.3861373 -0.2752441 -0.8890817 -0.3500941 -0.2949035 -0.9126538 -0.3019759 -0.2754518 -0.9360182 -0.2192677 -0.2753031 -0.9386051 -0.1781409 -0.2954429 -0.9524088 -0.1306474 -0.2754068 -0.9602854 -0.04505962 -0.2753573 -0.9553049 0 -0.2956224 -0.9602854 0.04505962 -0.2753573 -0.9524087 0.1306474 -0.2754068 -0.9386051 0.1781409 -0.2954429 -0.9360182 0.2192677 -0.275303 -0.9126538 0.3019758 -0.2754517 -0.8890815 0.3500941 -0.2949035 -0.8804196 0.3861374 -0.2752441 -0.8423497 0.4631969 -0.2754915 -0.808443 0.5098837 -0.2940046 -0.5657529 0.7782788 -0.2724072 -0.599223 0.75151 -0.2759795 -0.6206221 0.7344257 -0.2746765 -0.6238793 0.7313194 -0.2755842 -0.6836491 0.6759715 -0.2751117 -0.6994726 0.6519502 -0.2927439 -0.7438538 0.608906 -0.275527 -0.7953479 0.5400905 -0.2751801 -8.68939e-6 0 -1 5.16458e-7 0 -1 0 0 -1 -7.78083e-7 0 -1 1.03292e-6 0 -1 -1.03744e-6 0 -1 1.35136e-6 0 -1 -1.0407e-6 0 -1 1.34735e-6 0 -1 6.72675e-7 0 -1 3.36338e-7 0 -1 1.44787e-6 0 -1 -0.8854564 -0.4647227 1.27332e-6 -0.8854548 -0.4647256 0 -0.7575471 -0.6527804 0 -0.5421814 -0.8402616 0 -0.5421813 -0.8402616 0 -0.2826109 -0.9592346 0 -0.282611 -0.9592346 0 0 -1 0 0.282611 -0.9592346 0 0.2826109 -0.9592346 0 0.5421813 -0.8402616 0 0.5421814 -0.8402616 0 0.7575471 -0.6527804 0 0.8854475 -0.4647396 0 0.885454 -0.4647271 2.91951e-6 -0.5990458 -0.8007148 1.66886e-6 -0.3064006 -0.9519026 3.23948e-4 -0.3234302 -0.9461494 0.01393616 -0.3220641 -0.9466428 0.01192724 -0.3129956 -0.9497451 0.00425446 -0.2900934 0.9569968 -0.001698732 -0.3058092 0.9520929 0 -0.3121302 0.9500325 0.003620088 -0.3217569 0.9467514 0.01159232 -0.3234313 0.9461488 0.01395165 -0.5990431 0.8007168 2.77547e-6 -0.3392668 0.9406902 4.5588e-4 -0.4119685 0.9111966 -0.00171554 -0.4219281 0.9066294 0 -0.4954876 0.868615 0 -0.525141 0.8510134 0.001812636 -0.5710847 0.8208858 -0.00297302 -0.599052 0.8007102 0 -0.6454489 0.7638035 0 -0.6931732 0.7207648 0.003029406 -0.7110881 0.7031029 0 -0.7738045 0.6334246 0 -0.8103496 0.5859374 0.003312885 -0.8272863 0.5617806 0 -0.876258 0.4818423 0 -0.9016683 0.4324142 0.003525376 -0.915792 0.4016529 0 -0.9493797 0.3141313 0 -0.9642156 0.2650938 0.003667056 -0.9736426 0.2280794 0 -0.9907223 0.1359027 0 -0.9959964 0.08931511 0.003737866 -0.998901 0.04687207 0 -0.998901 -0.04687207 0 -0.9959964 -0.08931511 0.003737866 -0.9907223 -0.1359027 0 -0.9736426 -0.2280794 0 -0.9642156 -0.2650938 0.003667056 -0.9493797 -0.3141313 0 -0.915792 -0.4016529 0 -0.9016683 -0.4324142 0.003525376 -0.876258 -0.4818423 0 -0.8272863 -0.5617806 0 -0.8103496 -0.5859374 0.003312826 -0.7738045 -0.6334246 0 -0.7110881 -0.7031029 0 -0.6931732 -0.7207648 0.003029465 -0.6454489 -0.7638035 0 -0.599052 -0.8007102 0 -0.5710847 -0.8208858 -0.00297302 -0.525141 -0.8510134 0.001812577 -0.4954876 -0.868615 0 -0.4219281 -0.9066294 0 -0.4119685 -0.9111966 -0.00171554 -0.3392668 -0.9406902 4.5588e-4 -0.3038888 -0.9527069 -0.001098155 -0.2900934 -0.9569984 0 -1 0 0 -0.885454 0.4647271 -2.91951e-6 0.8854472 0.4647403 -3.07867e-6 0.8854548 0.4647256 0 0.7575471 0.6527804 0 0.5421814 0.8402616 0 0.5421813 0.8402616 0 0.2826109 0.9592346 0 0.282611 0.9592346 0 0 1 0 -0.282611 0.9592346 0 -0.2826109 0.9592346 0 -0.5421813 0.8402616 0 -0.5421814 0.8402616 0 -0.7575471 0.6527804 0 -0.8854475 0.4647396 0 -6.55212e-7 0 -1 4.78489e-7 0 -1 0 0 -1 1.84749e-7 0 -1 2.41846e-7 0 -1 -9.24529e-7 0 -1 3.24017e-7 0 -1 2.18444e-6 0 -1 -4.30198e-7 0 -1 7.46617e-7 0 -1 -4.83683e-7 0 -1 -4.41326e-7 0 -1 1.86472e-7 0 -1 -2.48005e-7 0 -1 0 0 -1 2.25463e-7 0 -1 3.02233e-7 0 -1 -8.38156e-6 0 -1 0.5990514 0.8007106 0 0.3064006 0.9519026 3.23948e-4 0.3234302 0.9461494 0.01393616 0.3220641 0.9466428 0.01192724 0.3129956 0.9497451 0.00425446 0.2900934 -0.9569968 -0.001698732 0.3058092 -0.9520929 0 0.3121302 -0.9500325 0.003620088 0.3217569 -0.9467514 0.01159232 0.3234313 -0.9461488 0.01395165 0.5990431 -0.8007168 2.77547e-6 0.3392668 -0.9406902 4.5588e-4 0.4119685 -0.9111966 -0.00171554 0.4219281 -0.9066294 0 0.4954876 -0.868615 0 0.525141 -0.8510134 0.001812636 0.5710847 -0.8208858 -0.00297302 0.599052 -0.8007102 0 0.6454489 -0.7638035 0 0.6931732 -0.7207648 0.003029406 0.7110881 -0.7031029 0 0.7738045 -0.6334246 0 0.8103496 -0.5859374 0.003312885 0.8272863 -0.5617806 0 0.876258 -0.4818423 0 0.9016683 -0.4324142 0.003525376 0.915792 -0.4016529 0 0.9493797 -0.3141313 0 0.9642156 -0.2650938 0.003667056 0.9736426 -0.2280794 0 0.9907223 -0.1359027 0 0.9959964 -0.08931511 0.003737866 0.998901 -0.04687207 0 0.998901 0.04687207 0 0.9959964 0.08931511 0.003737866 0.9907223 0.1359027 0 0.9736426 0.2280794 0 0.9642156 0.2650938 0.003667056 0.9493797 0.3141313 0 0.915792 0.4016529 0 0.9016683 0.4324142 0.003525376 0.876258 0.4818423 0 0.8272863 0.5617806 0 0.8103496 0.5859374 0.003312826 0.7738045 0.6334246 0 0.7110881 0.7031029 0 0.6931732 0.7207648 0.003029465 0.6454489 0.7638035 0 0.599052 0.8007102 0 0.5710847 0.8208858 -0.00297302 0.525141 0.8510134 0.001812577 0.4954876 0.868615 0 0.4219281 0.9066294 0 0.4119685 0.9111966 -0.00171554 0.3392668 0.9406902 4.5588e-4 0.3038888 0.9527069 -0.001098155 0.2900934 0.9569984 0 0 0 -1 -4.78489e-7 0 -1 -2.41846e-7 0 -1 0 0 -1 0 0 -1 0 0 -1 2.96227e-7 0 -1 5.1888e-7 0 -1 -2.49762e-7 0 -1 4.41326e-7 0 -1 7.54655e-7 0 -1 -2.93437e-7 0 -1 1.86472e-7 0 -1 2.26279e-7 0 -1 3.14209e-7 0 -1 2.93437e-7 0 -1 5.24974e-7 0 -1 -2.26279e-7 0 -1 -0.3068952 0.9517433 0 -0.3068975 0.9517427 0 -0.3084928 0.9512268 -1.30168e-4 1 0 0 1 -1.89926e-6 0 1 0 0 1 -8.35679e-7 0 1 1.33783e-7 0 1 -1.13276e-6 0 1 5.86227e-7 0 1 -5.56567e-7 0 1 0 0 1 -1.02985e-6 0 1 3.09959e-7 0 -1 1.44396e-7 0 -1 -7.83208e-7 0 -1 -1.23087e-7 0 -1 3.30946e-7 0 -1 -1.08811e-6 0 -1 -4.56085e-7 0 -1 4.08864e-5 0 -1 -8.47938e-7 0 -1 -2.01912e-7 0 -1 1.34776e-6 0 -6.78707e-7 0 -1 -1.03292e-6 0 -1 4.88778e-6 0 -1 8.68939e-6 0 -1 1.03744e-6 0 -1 -1.35136e-6 0 -1 1.0407e-6 0 -1 -1.34735e-6 0 -1 -6.72675e-7 0 -1 2.94385e-6 0 -1 -1.9562e-6 0 -1 -1.44787e-6 0 -1 0 0 1 0 0 1 0 0 1 0 0 1 0 0 1 0 0 1 0 0 1 0 0 1 0 0 1 0 0 1 0 0 1 0 0 1 0 0 1 0 0 1 0 0 1 0 0 1 0 0 1 0 0 1 0 0 1 0 0 1 0 0 1 0 0 1 0 0 1 0 0 1 0 0 1 0 0 1 0 0 1 0 0 1 0 0 1 0 0 1 0 0 1 0 0 1 0 0 1 0 0 1 0 0 1 0 0 1 0 0 1 0 0 1 0 0 1 0 0 1 0 0 1 0 0 1 0 0 1 0 0 1 0 0 1 0 0 1 0 0 1 0 0 1 0 0 1 0 0 1 0 0 1 -1 -8.65437e-7 0 -1 0 0 -1 5.86227e-7 0 -1 -1.13276e-6 0 -1 1.33783e-7 0 -1 2.9551e-6 0 -1 3.09959e-7 0 -1 -1.25614e-7 0 -1 1.67201e-7 0 -1 -5.56567e-7 0 0.9999457 0 -0.01042664 0.9970602 0.002776145 -0.07657206 0.9961501 -3.41097e-5 -0.08766531 0.9736133 1.17614e-4 -0.228204 0.9750112 0.001964747 -0.2221472 0.9261148 -0.002139866 -0.3772358 0.9353075 0.006304502 -0.35378 0.8865677 -0.002528607 -0.4625923 0.895 -5.07835e-5 -0.4460662 0.8479697 1.46751e-5 -0.5300449 0.8601328 0.005687892 -0.5100385 0.7700065 -0.009812831 -0.6379606 0.8000793 0.01181721 -0.599778 0.7337407 -8.34889e-4 -0.6794292 0.6616942 0.001653611 -0.7497721 0.6818961 0.009289205 -0.7313901 0.5500231 -0.01579111 -0.8350002 0.5980866 0.01512312 -0.8012888 0.5111334 -1.35611e-4 -0.8595014 0.06823897 0 -0.9976691 0.03434932 -0.008114397 -0.999377 0.1978099 0.01348805 -0.9801476 0.1406742 -0.01537322 -0.9899366 0.3367661 0.01445287 -0.9414774 0.2780604 -0.01569992 -0.9604353 0.4364073 0.01084905 -0.8996839 0.3500748 -0.01920288 -0.9365249 0.4121317 2.27365e-4 -0.9111243 0.03980314 0 -0.9992076 0.1040935 -0.008000791 -0.9945354 0.07562738 -5.17625e-4 -0.9971361 0.1810239 2.73238e-4 -0.9834787 0.2251371 -0.004389941 -0.9743172 0.2837084 0.003317356 -0.9589049 0.3180187 5.57351e-4 -0.9480844 0.4054293 -0.001573801 -0.9141252 0.3930172 0.002343833 -0.9195281 0.5243548 -0.002490758 -0.8514963 0.6189923 -0.04051339 -0.7843515 0.5354121 0.03796035 -0.8437374 0.6909442 -0.02085876 -0.7226071 0.6436122 0.001406073 -0.7653505 0.7430254 -9.05725e-4 -0.6692626 0.8107392 -0.02604919 -0.5848277 0.7603219 0.01977974 -0.6492453 0.8640736 -0.01110702 -0.503243 0.8449249 -7.614e-4 -0.5348846 0.8977513 4.52962e-4 -0.4405025 0.8881382 0.003551781 -0.4595627 0.9402443 -0.009029388 -0.340381 0.924851 0.00683242 -0.3802686 0.9717263 -0.004162609 -0.2360737 0.9786712 0.002518773 -0.2054176 0.9960654 -0.002533912 -0.08858573 0.9975761 0.00190711 -0.06955885 0.999968 0 -0.008003473 -0.9857203 0 -0.1683916 -0.9970687 0 -0.07651346 -0.9991749 -0.01539391 -0.03758484 -0.9736998 0.02312833 -0.2266578 -0.9924208 -0.04699212 -0.1135469 -0.9791945 -0.009950935 -0.2026798 -0.9269222 0.03092753 -0.3739773 -0.9654782 -0.03693962 -0.2578518 -0.8900645 0.02198559 -0.4553042 -0.9235609 -0.005475699 -0.383413 -0.8490832 0.004855275 -0.5282368 -0.8602471 -0.001998603 -0.5098736 -0.76776 0.002320706 -0.6407335 -0.7804102 -0.004692852 -0.6252504 -0.7225898 3.96828e-4 -0.691277 -0.6616844 -0.001677095 -0.7497807 -0.6722651 -0.005654454 -0.740289 -0.5465434 0.008504927 -0.8373878 -0.5782067 -0.008321821 -0.8158479 -0.4984982 2.79818e-4 -0.8668908 -0.06824386 0 -0.9976688 -0.03433942 0.00810337 -0.9993774 -0.1917183 -0.01263058 -0.9813688 -0.1382001 0.01209706 -0.9903305 -0.3269082 -0.01141792 -0.9449872 -0.2759063 0.01249814 -0.9611034 -0.4319484 -0.008998453 -0.9018535 -0.3502148 0.01946264 -0.9364672 -0.4122663 1.82392e-6 -0.9110635 -0.03980314 0 -0.9992076 -0.1040935 0.008000791 -0.9945354 -0.07562738 5.17625e-4 -0.9971361 -0.1810239 -2.73238e-4 -0.9834787 -0.2251371 0.004389941 -0.9743172 -0.2837084 -0.003317356 -0.9589049 -0.3180187 -5.57351e-4 -0.9480844 -0.4054293 0.001573801 -0.9141252 -0.3930172 -0.002343833 -0.9195281 -0.5243548 0.002490758 -0.8514963 -0.6189923 0.04051339 -0.7843515 -0.5354121 -0.03796035 -0.8437374 -0.6909442 0.02085876 -0.7226071 -0.6436122 -0.001406073 -0.7653505 -0.7430254 9.05725e-4 -0.6692626 -0.8107392 0.02604919 -0.5848277 -0.7603219 -0.01977974 -0.6492453 -0.8640736 0.01110702 -0.503243 -0.8449249 7.614e-4 -0.5348846 -0.8977513 -4.52962e-4 -0.4405025 -0.8881382 -0.003551781 -0.4595627 -0.9402443 0.009029388 -0.340381 -0.924851 -0.00683242 -0.3802686 -0.9717263 0.004162609 -0.2360737 -0.9786712 -0.002518773 -0.2054176 -0.9960654 0.002533912 -0.08858573 -0.9975761 -0.00190711 -0.06955885 -0.999968 0 -0.008003473 1 8.65437e-7 0 1 0 0 1 -5.86227e-7 0 1 1.13276e-6 0 1 -1.33783e-7 0 1 -2.9551e-6 0 1 -3.09959e-7 0 1 1.25614e-7 0 1 -1.67201e-7 0 1 5.56567e-7 0 0.0155524 -0.9974386 0.06981778 0.02555173 -0.9974387 0.06680804 0.03500801 -0.9974383 0.06237936 0.0437166 -0.9974386 0.05661547 0.051494 -0.9974384 0.04965013 0.05817335 -0.9974387 0.04161679 0.06361347 -0.9974383 0.03271359 0.06769829 -0.9974386 0.02309328 0.07033944 -0.9974386 0.01299232 0.07148134 -0.9974386 0.002609133 0.07109928 -0.9974387 -0.007819771 0.06920278 -0.9974387 -0.01808863 0.0658316 -0.9974386 -0.02797591 0.06105667 -0.9974387 -0.03726053 0.05498009 -0.9974388 -0.04575169 0.0477333 -0.9974384 -0.05327391 0.03946644 -0.9974386 -0.05965596 0.03036189 -0.9974387 -0.06476348 0.02060717 -0.9974384 -0.06849795 0.01041465 -0.9974384 -0.07076758 0 -0.9974386 -0.07152861 -0.01041465 -0.9974385 -0.0707671 -0.02060717 -0.9974384 -0.06849795 -0.03036189 -0.9974387 -0.06476348 -0.03946644 -0.9974387 -0.05965214 -0.0477333 -0.9974383 -0.05327773 -0.05498003 -0.9974388 -0.04575169 -0.06105667 -0.9974387 -0.03726053 -0.0658316 -0.9974386 -0.02797591 -0.06920278 -0.9974387 -0.01808863 -0.07109928 -0.9974387 -0.007819771 -0.07148134 -0.9974386 0.002609133 -0.07033944 -0.9974386 0.01299232 -0.06769835 -0.9974386 0.02309328 -0.06361347 -0.9974386 0.03270596 -0.05817335 -0.997439 0.04160916 -0.051494 -0.9974384 0.04965013 -0.0437166 -0.9974386 0.05661547 -0.03500801 -0.9974386 0.06237554 -0.02555173 -0.9974387 0.06680804 -0.0155524 -0.9974386 0.06981778 -0.005221605 -0.9974386 0.07133877 0.005221605 -0.9974386 0.07133877 0.3928315 -0.9052013 -0.1621543 0.333113 -0.8220132 0.4618767 0.2920753 -0.5291839 0.7966533 -0.3926603 -0.8973593 -0.2014061 -0.6336001 -0.6621342 -0.4001614 -0.8922276 -0.2339588 -0.3862553 -0.8520205 -0.3880864 -0.3513545 -0.8111905 -0.5530259 -0.1900852 -0.7056136 -0.5627328 -0.430629 -0.6818823 -0.5890217 -0.4336936 -0.5511913 -0.7581017 -0.3485254 -0.4108059 -0.8645452 -0.2894825 -0.4589907 -0.8413708 -0.2853467 -0.3728721 -0.8995457 -0.2275612 -0.2988979 -0.9366571 -0.1825747 -0.3027271 -0.9443549 -0.1286472 -0.3226478 -0.9427532 -0.0843504 -0.2726675 -0.9524167 -0.1362169 -0.3199878 -0.9467674 -0.03520596 -0.2871106 -0.9557999 -0.06335693 -0.3126084 -0.9498134 0.01142483 -0.2993693 -0.9541373 1.34004e-4 -0.3004822 -0.9521713 0.0555005 -0.3164867 -0.945572 0.07569569 -0.2930215 -0.9508657 0.09996509 -0.2835216 -0.9478228 0.1457656 -0.2894303 -0.9422071 0.1687482 -0.3800129 -0.8878718 0.2593722 -0.2862097 -0.9175735 0.2759399 -0.319341 -0.8921658 0.3194708 -0.2895743 -0.7729623 0.5645141 -0.2657517 -0.6670566 0.6959969 -0.2662476 -0.6655023 0.6972941 -0.2829157 -0.6037526 0.7452796 -0.3187353 -0.5837864 0.7467271 -0.1703289 -0.6218848 0.7643608 -0.238117 -0.6034806 0.7609939 -0.2744457 -0.6033349 0.7487767 -0.170261 -0.621945 0.7643271 -0.05723309 -0.6206656 0.7819839 -0.1044783 -0.6727541 0.7324522 0.06055176 -0.5584509 0.8273246 0.002921104 -0.6627323 0.7488507 0.1765083 -0.5839456 0.7923714 0.146963 -0.6250048 0.7666622 0.2786963 -0.6014351 0.7487351 0.3214049 -0.6579523 0.6810271 0.3254814 -0.6477229 0.6888518 0.2713783 -0.6503024 0.7095496 0.2754485 -0.6033807 0.7483716 0.2480738 -0.6016895 0.7592294 0.2773876 -0.8238739 0.4942549 0.2765262 -0.891789 0.3581142 0.2670914 -0.8914641 0.3659974 0.321906 -0.8944581 0.3103566 0.3544335 -0.8840668 0.3046355 0.2667922 -0.9390939 0.2166206 0.2837957 -0.9371423 0.2030381 0.2852237 -0.9471768 0.1466417 0.3161948 -0.9425417 0.1078708 0.2999159 -0.9466337 0.1180477 0.2981019 -0.9529446 0.0550633 0.3308435 -0.9436082 0.01209074 0.319437 -0.9474148 0.01911324 0.2977437 -0.9540835 -0.03276371 0.3016599 -0.9524617 -0.04264008 0.3048518 -0.9490592 -0.07969969 0.3051328 -0.9489343 -0.08011054 0.4762451 -0.8223803 -0.3112578 0.4341083 -0.8545661 -0.2850736 0.3457984 -0.8968855 -0.2757171 0.3824338 -0.8940194 -0.2333961 0.3754528 -0.8749926 -0.3056521 0.5728265 -0.7288631 -0.3750045 0.5332422 -0.7696509 -0.3511274 0.4918416 -0.7910104 -0.3638604 0.671893 -0.6041917 -0.4283832 0.6264901 -0.6733601 -0.3925511 0.8234511 -0.3750705 -0.4257353 0.9073807 -0.07775413 -0.4130555 -0.907823 -0.07125854 -0.413255 -0.8514302 -0.07114976 -0.5196195 -0.8514293 -0.07114982 -0.519621 -0.7666989 -0.07115036 -0.6380521 -0.7666984 -0.07114994 -0.6380529 -0.6656292 -0.07114917 -0.7428833 -0.6656284 -0.07115036 -0.7428839 -0.5503681 -0.07114958 -0.831885 -0.5503691 -0.07114964 -0.8318844 -0.4233817 -0.07114976 -0.9031533 -0.4233815 -0.07114994 -0.9031533 -0.2873674 -0.07115012 -0.9551743 -0.2873684 -0.07115 -0.9551739 -0.1452342 -0.07115006 -0.9868357 -0.1452311 -0.07114994 -0.9868363 0 -0.07114988 -0.9974657 0 -0.07114988 -0.9974656 0.145232 -0.07114994 -0.986836 0.1452333 -0.07115012 -0.9868358 0.2873674 -0.07115018 -0.9551742 0.2873684 -0.07114994 -0.9551739 0.4233835 -0.07115 -0.9031524 0.4233797 -0.0711497 -0.9031542 0.5503697 -0.07114928 -0.8318841 0.5503675 -0.07114994 -0.8318854 0.665628 -0.07114928 -0.7428844 0.6656296 -0.07115024 -0.7428829 0.7666981 -0.07114994 -0.6380532 0.7666992 -0.07115 -0.6380517 0.8514297 -0.07114988 -0.5196204 0.8514299 -0.07114958 -0.51962 0.9125585 -0.07121378 -0.4026979 0.8784703 -0.2303513 -0.4186028 0.9006354 -0.2119762 -0.3793707 0.8341863 -0.2120235 -0.5090965 0.8341861 -0.2120242 -0.5090966 0.751172 -0.2120239 -0.6251294 0.7511721 -0.2120229 -0.6251294 0.6521461 -0.2120234 -0.7278404 0.6521478 -0.2120238 -0.7278387 0.5392242 -0.2120237 -0.8150358 0.5392221 -0.2120242 -0.815037 0.4148057 -0.2120237 -0.8848628 0.4148071 -0.212024 -0.8848622 0.2815484 -0.212024 -0.9358292 0.2815479 -0.2120237 -0.9358295 0.1422911 -0.2120234 -0.9668502 0.1422924 -0.2120239 -0.96685 0 -0.2120239 -0.9772645 0 -0.212024 -0.9772645 -0.1422933 -0.2120239 -0.9668499 -0.1422904 -0.2120236 -0.9668503 -0.2815485 -0.2120237 -0.9358294 -0.2815479 -0.2120241 -0.9358295 -0.4148075 -0.212024 -0.884862 -0.4148053 -0.2120239 -0.884863 -0.5392242 -0.212024 -0.8150357 -0.5392222 -0.212024 -0.8150371 -0.6521472 -0.2120242 -0.7278392 -0.6521466 -0.2120232 -0.72784 -0.7511721 -0.2120229 -0.6251295 -0.751172 -0.2120239 -0.6251293 -0.8341858 -0.212024 -0.5090973 -0.8341867 -0.2120246 -0.5090956 -0.8835624 -0.2124513 -0.4173511 -0.9115911 -0.0781145 -0.4036087 -0.7645643 -0.4789718 -0.4313091 -0.7496407 -0.4782623 -0.4574977 -0.7496385 -0.4782641 -0.4574993 -0.6750388 -0.478263 -0.5617715 -0.6750396 -0.4782623 -0.5617711 -0.5860503 -0.4782629 -0.6540717 -0.5860494 -0.4782631 -0.6540722 -0.4845746 -0.478262 -0.7324296 -0.4845693 -0.478264 -0.7324317 -0.3727639 -0.4782634 -0.7951801 -0.3727686 -0.4782626 -0.7951783 -0.2530117 -0.4782631 -0.8409813 -0.2530131 -0.478263 -0.840981 -0.1278709 -0.478263 -0.8688576 -0.1278679 -0.4782636 -0.8688578 0 -0.4782634 -0.8782165 0 -0.4782639 -0.8782162 0.1278708 -0.4782633 -0.8688575 0.1278679 -0.4782631 -0.868858 0.2530139 -0.4782627 -0.840981 0.2530107 -0.4782635 -0.8409815 0.3727659 -0.4782631 -0.7951793 0.3727664 -0.4782629 -0.7951791 0.4845708 -0.4782636 -0.7324311 0.4845735 -0.4782624 -0.7324301 0.5860503 -0.4782629 -0.6540717 0.5860494 -0.4782634 -0.6540721 0.6750376 -0.4782633 -0.5617726 0.6750409 -0.478262 -0.5617699 0.7496385 -0.4782645 -0.457499 0.7496408 -0.4782619 -0.4574978 0.6159226 -0.5982521 -0.5125758 0.5347273 -0.5982517 -0.5967928 0.5347292 -0.5982517 -0.5967912 0.4421359 -0.5982515 -0.6682896 0.4421356 -0.5982517 -0.6682897 0.3401215 -0.5982509 -0.7255435 0.3401209 -0.5982515 -0.7255432 0.2308537 -0.5982519 -0.7673339 0.2308571 -0.5982518 -0.7673329 0.1166716 -0.5982518 -0.7927689 0.1166719 -0.5982519 -0.7927688 0 -0.5982514 -0.8013086 0 -0.5982519 -0.8013082 -0.1166717 -0.5982521 -0.7927688 -0.1166719 -0.5982518 -0.7927688 -0.2308564 -0.5982519 -0.7673331 -0.2308547 -0.5982519 -0.7673336 -0.3401217 -0.5982512 -0.7255432 -0.3401208 -0.5982515 -0.7255433 -0.4421359 -0.5982515 -0.6682896 -0.4421356 -0.5982517 -0.6682897 -0.5347276 -0.5982519 -0.5967923 -0.5347291 -0.5982515 -0.5967915 -0.6159222 -0.5982522 -0.5125762 -0.6159251 -0.5982505 -0.5125746 -0.6772025 -0.5986414 -0.4278147 -0.6417358 -0.6188012 -0.4530565 -0.8379475 -0.3494445 -0.4192049 -0.8000339 -0.3486458 -0.488254 -0.8000344 -0.3486453 -0.4882537 -0.7204185 -0.348645 -0.5995364 -0.7204181 -0.3486456 -0.5995365 -0.6254482 -0.3486457 -0.6980407 -0.6254482 -0.3486454 -0.6980409 -0.5171455 -0.3486455 -0.7816694 -0.5171463 -0.3486456 -0.7816687 -0.3978254 -0.3486446 -0.8486354 -0.3978238 -0.3486456 -0.8486358 -0.2700212 -0.3486455 -0.897516 -0.2700228 -0.3486456 -0.8975155 -0.1364657 -0.3486456 -0.9272667 -0.1364654 -0.3486453 -0.9272668 0 -0.3486451 -0.9372549 0 -0.3486454 -0.9372547 0.1364635 -0.3486453 -0.9272671 0.1364676 -0.3486455 -0.9272664 0.2700211 -0.3486455 -0.897516 0.2700228 -0.3486456 -0.8975155 0.3978253 -0.3486451 -0.8486353 0.3978239 -0.348645 -0.8486359 0.5171472 -0.3486448 -0.7816686 0.5171445 -0.3486462 -0.7816696 0.6254484 -0.3486452 -0.6980409 0.625448 -0.3486462 -0.6980406 0.7204173 -0.3486461 -0.5995373 0.7204195 -0.3486446 -0.5995355 0.8000341 -0.3486453 -0.4882541 0.8000341 -0.3486456 -0.4882537 0.8834925 -0.3467738 -0.3149429 0.7645658 -0.4789708 -0.4313077 0.8111923 -0.5530237 -0.1900845 0.7056136 -0.5627328 -0.430629 0.6726076 -0.5988498 -0.4347161 0.6159248 -0.5982505 -0.5125749 0.5723481 -0.7070972 -0.4152486 0.5442392 -0.7061625 -0.4529221 0.5442421 -0.7061615 -0.4529201 0.472495 -0.706162 -0.5273365 0.4724951 -0.7061623 -0.527336 0.3906803 -0.7061615 -0.5905125 0.3906779 -0.7061625 -0.5905129 0.3005388 -0.7061615 -0.6411026 0.3005377 -0.7061614 -0.6411031 0.2039874 -0.7061616 -0.6780302 0.2039875 -0.7061617 -0.67803 0.1030948 -0.7061612 -0.7005055 0.1030927 -0.7061614 -0.7005056 0 -0.7061609 -0.7080514 0 -0.706162 -0.7080504 -0.1030948 -0.7061612 -0.7005056 -0.1030927 -0.7061615 -0.7005054 -0.2039875 -0.7061614 -0.6780304 -0.2039875 -0.7061618 -0.67803 -0.3005383 -0.7061612 -0.6411032 -0.300538 -0.7061616 -0.6411029 -0.3906775 -0.7061624 -0.5905132 -0.3906804 -0.7061619 -0.5905117 -0.4724954 -0.7061619 -0.5273362 -0.4724948 -0.7061625 -0.527336 -0.5442426 -0.7061606 -0.4529208 -0.5442391 -0.7061631 -0.4529211 -0.5756809 -0.7071056 -0.4106011 -0.5862762 -0.7027164 -0.4030758 -0.3242498 -0.7074102 0.628039 -0.252689 -0.7068571 0.6606825 -0.2517444 -0.7062067 0.6617377 -0.1539513 -0.7061615 0.6911114 -0.1539519 -0.7061621 0.6911106 -0.05168437 -0.7061614 0.7061621 -0.05168408 -0.7061621 0.7061614 0.05168437 -0.7061613 0.7061622 0.05168408 -0.7061623 0.7061612 0.1539513 -0.7061615 0.6911114 0.1539519 -0.7061622 0.6911106 0.2529372 -0.7061613 0.6613312 0.2529377 -0.7061622 0.6613302 0.3907413 -0.7034338 0.593719 0.1160882 -0.7625691 0.6364057 0.4662861 -0.8000313 -0.3775281 0.4614229 -0.7997717 -0.3839979 0.4614205 -0.7997729 -0.3839981 0.4005961 -0.799771 -0.4470898 0.4005933 -0.7997728 -0.447089 0.3312278 -0.7997725 -0.5006518 0.3312272 -0.7997727 -0.5006518 0.2548045 -0.7997729 -0.5435422 0.2548028 -0.7997718 -0.5435447 0.1729461 -0.7997722 -0.5748513 0.1729473 -0.7997717 -0.5748517 0.08740603 -0.7997726 -0.5939059 0.08740293 -0.799772 -0.5939071 0 -0.7997716 -0.6003045 0 -0.799772 -0.600304 -0.08740407 -0.7997725 -0.5939061 -0.08740454 -0.799772 -0.5939069 -0.1729481 -0.799772 -0.5748511 -0.1729457 -0.7997722 -0.5748516 -0.2548046 -0.799772 -0.5435433 -0.2548027 -0.7997723 -0.5435439 -0.3312278 -0.7997725 -0.5006518 -0.3312273 -0.7997724 -0.5006523 -0.4005946 -0.799772 -0.4470893 -0.4005945 -0.799772 -0.4470894 -0.4614201 -0.7997729 -0.3839985 -0.4614226 -0.7997717 -0.3839979 -0.4753047 -0.8003732 -0.3653604 -0.4746029 -0.8005526 -0.3658795 -0.4593266 -0.7717796 0.4397447 -0.2851179 -0.8127831 0.5080273 -0.2539756 -0.8005418 0.5427976 -0.2144472 -0.7997726 0.5606926 -0.2144473 -0.7997721 0.5606934 -0.1305243 -0.7997729 0.5859409 -0.1305237 -0.7997719 0.5859426 -0.04381936 -0.7997726 0.5987017 -0.04381942 -0.799772 0.5987024 0.04381936 -0.7997725 0.5987018 0.04381942 -0.799772 0.5987026 0.1305243 -0.799773 0.5859409 0.1305237 -0.7997718 0.5859426 0.2144472 -0.7997726 0.5606927 0.2144472 -0.7997723 0.5606932 0.2643383 -0.8004928 0.5379003 0.225729 -0.8185665 0.5282001 0.3778504 -0.8774967 -0.2953447 0.369132 -0.8771397 -0.3071932 0.369131 -0.8771394 -0.307195 0.3204691 -0.8771402 -0.3576659 0.3204724 -0.877139 -0.3576657 0.2649762 -0.8771401 -0.4005159 0.2649803 -0.8771397 -0.400514 0.2038388 -0.8771398 -0.4348285 0.2038379 -0.8771399 -0.4348285 0.1383549 -0.8771402 -0.4598731 0.1383565 -0.8771399 -0.4598729 0.06992179 -0.8771405 -0.4751165 0.06992286 -0.8771399 -0.4751173 0 -0.8771395 -0.4802358 0 -0.87714 -0.4802348 -0.06992173 -0.8771398 -0.4751175 -0.06992286 -0.87714 -0.4751171 -0.1383547 -0.8771404 -0.4598727 -0.1383566 -0.8771397 -0.4598733 -0.2038362 -0.8771402 -0.4348286 -0.2038398 -0.8771393 -0.4348288 -0.2649812 -0.8771393 -0.4005143 -0.2649764 -0.8771404 -0.4005153 -0.3204715 -0.8771391 -0.3576663 -0.3204704 -0.8771396 -0.3576657 -0.3691318 -0.8771393 -0.3071943 -0.3691311 -0.8771397 -0.3071941 -0.3825889 -0.8776119 -0.2888307 -0.3629186 -0.8829216 -0.2978919 -0.2379615 -0.8919872 0.3843607 -0.2785921 -0.8900654 0.3607909 -0.2513136 -0.8775713 0.4083017 -0.2350368 -0.8771395 0.4187887 -0.2350354 -0.8771396 0.4187893 -0.1715545 -0.8771395 0.4485482 -0.1715555 -0.87714 0.4485468 -0.1044172 -0.8771399 0.4687458 -0.1044178 -0.8771393 0.4687469 -0.03505492 -0.8771395 0.4789548 -0.0350548 -0.8771399 0.4789538 0.03505492 -0.8771395 0.4789548 0.0350548 -0.8771399 0.4789538 0.1044171 -0.8771393 0.468747 0.1044178 -0.8771395 0.4687465 0.1715552 -0.8771401 0.4485469 0.171555 -0.8771398 0.4485474 0.2350357 -0.8771396 0.4187891 0.2350363 -0.8771395 0.418789 0.2631239 -0.8776779 0.4005587 0.2763118 -0.8726314 0.4026988 0.2977501 -0.9428794 -0.1494096 0.3085604 -0.942124 -0.1311223 0.2963422 -0.9364911 -0.1875259 0.2989985 -0.9366439 -0.1824778 0.2990006 -0.9366434 -0.1824777 0.2692466 -0.936643 -0.2240675 0.2692436 -0.9366437 -0.2240683 0.233753 -0.9366436 -0.2608799 0.233751 -0.9366434 -0.2608823 0.1932755 -0.9366441 -0.2921343 0.1932762 -0.9366433 -0.2921365 0.1486805 -0.9366428 -0.3171661 0.1486812 -0.9366434 -0.3171641 0.1009141 -0.9366434 -0.3354334 0.100918 -0.9366436 -0.3354318 0.05100226 -0.9366436 -0.3465514 0.05100047 -0.9366434 -0.3465518 0 -0.9366431 -0.3502854 0 -0.9366436 -0.3502839 -0.05100226 -0.9366437 -0.3465507 -0.05100047 -0.9366434 -0.3465521 -0.10092 -0.9366433 -0.3354319 -0.100914 -0.9366437 -0.3354327 -0.1486823 -0.936643 -0.317165 -0.1486799 -0.9366434 -0.3171647 -0.1932774 -0.9366434 -0.2921352 -0.1932749 -0.9366435 -0.2921366 -0.233751 -0.9366436 -0.2608819 -0.2337524 -0.9366435 -0.260881 -0.2692449 -0.9366435 -0.2240676 -0.2692448 -0.9366433 -0.2240682 -0.2989983 -0.936644 -0.1824777 -0.2990006 -0.9366433 -0.1824777 -0.2988229 -0.936635 -0.1828115 -0.3649578 -0.9142053 -0.1761661 -0.2305828 -0.942835 0.2406113 -0.2816301 -0.9381293 0.2014891 -0.2365193 -0.9357967 0.2614254 -0.2521708 -0.9366436 0.243123 -0.2521711 -0.9366436 0.243123 -0.2140843 -0.9366431 0.27725 -0.2140855 -0.9366432 0.2772493 -0.1714337 -0.9366442 0.3054638 -0.1714366 -0.9366431 0.3054659 -0.1251316 -0.9366436 0.327171 -0.1251314 -0.9366436 0.3271713 -0.07616341 -0.9366434 0.3419042 -0.07616168 -0.9366438 0.3419034 -0.02556949 -0.9366434 0.3493502 -0.02556943 -0.9366437 0.3493492 0.02556949 -0.9366437 0.3493493 0.02556943 -0.9366434 0.3493498 0.0761615 -0.9366438 0.3419033 0.07616299 -0.9366437 0.3419034 0.1251316 -0.9366436 0.3271712 0.1251314 -0.9366434 0.3271718 0.1714365 -0.9366432 0.3054655 0.1714348 -0.9366438 0.3054648 0.2140854 -0.9366432 0.2772492 0.2140848 -0.9366434 0.2772492 0.2521709 -0.9366436 0.2431231 0.2521711 -0.9366436 0.243123 0.2695506 -0.9369462 0.2224285 0.3195866 -0.9110056 0.2606404 0.01555502 -0.9770286 0.21254 0.04633802 -0.9770285 0.20801 0.04633569 -0.9770285 0.2080104 0.0761283 -0.9770287 0.1990467 0.07612901 -0.9770287 0.1990457 0.1042977 -0.9770286 0.1858422 0.104299 -0.9770285 0.1858419 0.1302452 -0.9770289 0.1686736 0.1302465 -0.9770285 0.1686752 0.153418 -0.9770285 0.1479132 0.1534168 -0.977029 0.1479113 0.1733202 -0.9770285 0.1239976 0.1733186 -0.9770289 0.1239975 0.189525 -0.9770283 0.09744769 0.1895259 -0.9770289 0.09744006 0.2016958 -0.9770286 0.0688048 0.2016937 -0.9770286 0.0688095 0.2095625 -0.9770288 0.03870809 0.2095641 -0.9770283 0.03871083 0.2129665 -0.9770286 0.007778823 0.2129659 -0.9770287 0.00778377 0.2118276 -0.9770291 -0.02330887 0.2118309 -0.9770285 -0.02330511 0.2061777 -0.9770288 -0.05390322 0.2061784 -0.9770286 -0.05390477 0.1961332 -0.9770289 -0.08334445 0.1961342 -0.9770284 -0.08334821 0.1819059 -0.9770293 -0.1110135 0.1819069 -0.9770289 -0.1110156 0.1638058 -0.977028 -0.136323 0.1638048 -0.977029 -0.1363168 0.142212 -0.9770287 -0.1587158 0.1422123 -0.9770283 -0.1587182 0.1175829 -0.9770293 -0.1777303 0.1175879 -0.977028 -0.177734 0.09045231 -0.9770293 -0.1929563 0.09045493 -0.9770289 -0.1929575 0.0613963 -0.9770288 -0.2040721 0.06139749 -0.9770286 -0.204073 0.03102612 -0.9770289 -0.2108363 0.03102821 -0.9770285 -0.2108379 0 -0.9770286 -0.2131084 0 -0.9770287 -0.2131081 -0.03102421 -0.977029 -0.2108362 -0.03102916 -0.9770286 -0.2108377 -0.06139618 -0.9770289 -0.2040718 -0.06139749 -0.9770283 -0.204074 -0.09045428 -0.9770291 -0.1929565 -0.09045392 -0.977029 -0.1929574 -0.1175882 -0.9770281 -0.1777335 -0.1175853 -0.9770287 -0.1777324 -0.142214 -0.9770284 -0.1587159 -0.1422113 -0.9770281 -0.15872 -0.1638042 -0.9770293 -0.1363157 -0.1638056 -0.9770284 -0.1363205 -0.1819081 -0.9770289 -0.1110136 -0.1819059 -0.9770291 -0.1110154 -0.1961348 -0.977028 -0.08335196 -0.1961334 -0.977029 -0.08334439 -0.2061776 -0.9770288 -0.05390322 -0.2061784 -0.9770286 -0.05390477 -0.2118312 -0.9770286 -0.02330124 -0.211829 -0.9770287 -0.02330899 -0.2129665 -0.9770286 0.007778823 -0.2129659 -0.9770287 0.00778377 -0.2095644 -0.9770284 0.03870809 -0.2095631 -0.9770286 0.03871083 -0.2016939 -0.9770289 0.0688048 -0.2016946 -0.9770284 0.06880944 -0.189525 -0.977029 0.09744 -0.1895259 -0.9770285 0.09744393 -0.1733185 -0.9770293 0.123994 -0.1733195 -0.9770283 0.1240012 -0.1534162 -0.9770287 0.1479133 -0.1534178 -0.9770288 0.1479113 -0.1302451 -0.9770283 0.1686773 -0.1302466 -0.9770287 0.1686733 -0.1042978 -0.9770292 0.1858385 -0.1042989 -0.9770281 0.1858438 -0.07612842 -0.9770287 0.1990469 -0.07612895 -0.9770286 0.1990465 -0.04633611 -0.9770288 0.2080093 -0.04633671 -0.9770285 0.2080104 -0.01555407 -0.9770288 0.2125391 -0.01555603 -0.9770286 0.2125401 0.01555597 -0.9770287 0.2125394 -0.7496409 0.4782617 -0.4574979 0.09045428 0.9770291 -0.1929565 -0.142212 0.9770287 -0.1587158 -0.2016958 0.9770286 0.0688048 -0.1042977 0.9770286 0.1858422 0.06361341 0.9974384 0.03270977 0.07148134 0.9974386 0.00261116 0.07033944 0.9974386 0.01299232 0.06769835 0.9974386 0.02309328 0.0658316 0.9974384 -0.0279783 0.06920278 0.9974387 -0.01808863 0.07109928 0.9974387 -0.007819771 0.03036189 0.9974387 -0.06476348 0.02060717 0.9974384 -0.06849795 -0.0477333 0.9974384 -0.05327391 -0.05498003 0.9974388 -0.04575169 -0.06769829 0.9974386 0.02309328 -0.05817335 0.9974388 0.04161292 -0.03500801 0.9974383 0.06237936 -0.02555173 0.9974387 0.06680804 -0.6718851 0.6042532 -0.4283089 -0.5700635 0.734681 -0.3677927 -0.4716979 0.830115 -0.2973386 -0.3837255 0.896343 -0.2220902 -0.2999868 0.9536127 0.02511829 -0.2365193 0.9357967 0.2614254 -0.3188129 0.5837703 0.7467065 0.2379615 0.8919872 0.3843607 0.3649557 0.9142061 -0.1761663 0.3926628 0.897359 -0.2014026 0.8111905 0.5530259 -0.1900852 0.7056136 0.5627328 -0.430629 0.5511913 0.7581017 -0.3485254 0.5756803 0.7071058 -0.4106016 0.5862759 0.7027164 -0.4030761 0.6336007 0.6621335 -0.4001621 0.6772028 0.5986411 -0.4278147 0.6417358 0.6188012 -0.4530565 0.6818832 0.5890212 -0.4336929 0.4746029 0.8005526 -0.3658795 0.4753062 0.8003724 -0.3653601 0.4589892 0.8413715 -0.2853471 0.2894306 0.942207 0.1687482 0.3188129 0.5837703 0.7467065 0.2829155 0.6037529 0.7452794 0.2744958 0.6033319 0.7487607 0.2387067 0.6034931 0.7607991 0 0.602311 0.7982617 0.1059196 0.6742842 0.7308365 -0.09771728 0.6220652 0.7768438 -0.2387066 0.603493 0.7607992 -0.2762976 0.607298 0.7448817 -0.2830609 0.6031661 0.7456992 -0.2662474 0.6655023 0.6972941 -0.2657513 0.6670576 0.695996 -0.4593266 0.7717796 0.4397447 -0.2273023 0.8196066 0.5259073 -0.2535418 0.9372841 0.2391964 -0.2923826 0.9562637 -0.008495926 -0.4657951 0.7930732 -0.3925175 -0.9073807 0.07775413 -0.4130555 0.9115911 0.0781145 -0.4036087 0.8922276 0.2339588 -0.3862553 0.8520205 0.3880864 -0.3513545 -0.07612836 0.9770286 0.1990467 -0.07612901 0.9770287 0.1990457 -0.1251316 0.9366437 0.3271709 -0.0155524 0.9974386 0.06981778 -0.1733202 0.9770285 0.1239977 -0.1733186 0.9770289 0.1239975 -0.2699037 0.9433266 0.1930985 -0.3006578 0.9506909 0.07610505 -0.3304426 0.9418504 0.06103688 -0.2095642 0.9770284 0.03871083 -0.2129665 0.9770286 0.007780849 -0.2129659 0.9770287 0.00778377 -0.3179436 0.9480385 0.0116201 -0.3093451 0.9487301 -0.06493729 -0.2978373 0.954054 -0.03277033 -0.2118309 0.9770284 -0.02330511 -0.2118275 0.977029 -0.02331197 -0.07109928 0.9974387 -0.007819771 -0.07148134 0.9974386 0.002609133 -0.2930214 0.9508656 0.0999661 -0.2016936 0.9770287 0.06880944 -0.2095625 0.9770288 0.03870809 -0.07033944 0.9974386 0.01299232 -0.3732414 0.9110264 -0.1752766 -0.3053728 0.934645 -0.1821709 -0.2978837 0.9365838 -0.1845971 -0.3039684 0.9438839 -0.1291762 -0.1961342 0.9770284 -0.08334821 -0.1638058 0.9770278 -0.1363249 -0.1638048 0.977029 -0.1363168 -0.2692468 0.9366434 -0.2240657 0.06139618 0.9770289 -0.2040718 0.06139749 0.9770283 -0.204074 0.10092 0.9366433 -0.3354319 0.181908 0.9770288 -0.1110145 0.1819059 0.9770291 -0.1110154 0.2989984 0.936644 -0.1824772 0.1895251 0.9770294 0.09743624 0.2016946 0.9770286 0.06880897 0.2016939 0.9770288 0.06880718 0.2095631 0.9770287 0.0387094 0.2095644 0.9770286 0.03870594 0.2129659 0.9770286 0.007784008 0.2129665 0.9770286 0.007780849 0.2118291 0.9770287 -0.02330863 0.2118313 0.9770284 -0.02330434 0.2061784 0.9770286 -0.05390501 0.2061777 0.9770289 -0.05390155 0.051494 0.9974384 0.04964917 0.1534162 0.977029 0.1479123 0.1733195 0.9770284 0.1239998 0.2816301 0.9381293 0.2014896 0.2305825 0.9428351 0.2406113 0.1302466 0.9770287 0.1686733 -0.04633802 0.9770286 0.2080098 -0.04633569 0.9770285 0.2080104 -0.0761615 0.9366437 0.3419038 -0.07616299 0.9366437 0.3419034 -0.1044171 0.8771393 0.468747 -0.005221605 0.9974386 0.07133877 -0.319341 0.8921658 0.3194708 -0.2747409 0.8932653 0.3558015 -0.2140848 0.9366433 0.2772491 -0.3800129 0.8878718 0.2593722 -0.2862089 0.9175741 0.2759391 -0.252171 0.9366435 0.2431229 -0.2521711 0.9366437 0.2431223 -0.1534168 0.977029 0.1479113 -0.3786451 0.8783026 -0.2919119 -0.3771602 0.897089 -0.2301777 -0.2990005 0.9366434 -0.1824776 -0.2989985 0.936644 -0.1824773 -0.1819069 0.9770289 -0.1110156 -0.1819059 0.9770292 -0.1110144 -0.06105667 0.9974387 -0.03726053 -0.4241127 0.8589263 -0.287009 -0.377863 0.8774978 -0.2953256 -0.369132 0.8771397 -0.3071932 -0.2692436 0.9366437 -0.2240683 -0.233753 0.9366436 -0.2608799 -0.1422123 0.977028 -0.1587201 -0.1175829 0.9770293 -0.1777303 -0.03946644 0.9974386 -0.05965596 0.2988979 0.9366571 -0.1825747 0.2988244 0.9366347 -0.1828104 0.2990006 0.9366433 -0.1824777 0.3728722 0.899546 -0.2275596 0.3825896 0.8776118 -0.2888301 0.3629186 0.8829216 -0.2978919 0.4108022 0.8645461 -0.289485 0.3193414 0.8921657 0.3194707 0.2862093 0.9175755 0.275934 0.2521712 0.9366434 0.2431231 0.2140843 0.9366431 0.2772501 0.2140855 0.9366432 0.2772493 0.278592 0.8900652 0.3607916 0.2513136 0.8775713 0.4083017 0.4593266 0.7717796 0.4397447 -0.01555597 0.9770287 0.2125394 -0.01555502 0.9770286 0.21254 -0.02556949 0.9366437 0.3493493 -0.02556943 0.9366434 0.3493498 -0.03505492 0.8771395 0.4789548 -0.0350548 0.8771399 0.4789538 -0.04381936 0.7997725 0.5987018 0.005221605 0.9974386 0.07133877 -0.5292572 0.7717918 -0.3524547 -0.4722879 0.8002778 -0.3694588 -0.4614229 0.7997717 -0.3839979 -0.3691312 0.8771397 -0.3071942 -0.3204691 0.8771402 -0.3576659 -0.233751 0.9366434 -0.2608823 -0.1932755 0.9366441 -0.2921343 -0.117588 0.9770284 -0.1777321 -0.09045231 0.9770293 -0.1929563 -0.03036189 0.9974387 -0.06476348 0.1042977 0.9770289 0.1858403 0.1042989 0.9770281 0.1858438 0.1714338 0.9366446 0.3054629 0.1714366 0.9366431 0.3054659 0.2350368 0.8771395 0.4187887 0.2350354 0.8771396 0.4187893 0.2851178 0.8127831 0.5080272 0.2539756 0.8005418 0.5427976 0.2895743 0.7729623 0.5645141 0.3242498 0.7074102 0.628039 -0.2669672 0.8850362 0.3813652 -0.2513141 0.8775712 0.4083014 -0.2350363 0.8771396 0.4187889 -0.2937988 0.7997723 0.5234948 -0.2144472 0.799772 0.5606935 -0.6242242 0.6764408 -0.3908607 -0.5715469 0.7070922 -0.416359 -0.5442392 0.7061625 -0.4529221 -0.4614204 0.7997727 -0.3839988 -0.4005961 0.799771 -0.4470898 -0.3204725 0.8771393 -0.3576648 -0.2649762 0.8771401 -0.4005159 -0.1932762 0.9366433 -0.2921365 -0.1486805 0.9366428 -0.3171661 -0.09045493 0.9770289 -0.1929574 -0.0613963 0.9770288 -0.2040721 -0.02060717 0.9974384 -0.06849795 -0.1961332 0.9770289 -0.08334445 -0.0658316 0.9974386 -0.02797591 0.2662474 0.6655023 0.6972941 0.2657517 0.6670566 0.6959969 0.2517444 0.7062066 0.6617379 0.252689 0.7068571 0.6606826 0.2144472 0.799772 0.5606936 0.2144472 0.7997724 0.560693 0.1715554 0.8771398 0.4485471 0.1715545 0.8771395 0.4485482 0.1251314 0.9366433 0.3271718 0.1251316 0.936644 0.3271701 0.07612901 0.9770289 0.1990456 0.07612842 0.977029 0.1990451 0.02555173 0.9974387 0.06680804 0.03500801 0.9974383 0.06237936 0.3800129 0.8878718 0.2593722 0.2365193 0.9357967 0.2614254 0.2521708 0.9366436 0.243123 0.1534177 0.9770288 0.1479113 0.1302451 0.9770283 0.1686773 0.0437166 0.9974386 0.05661547 0.1961348 0.9770278 -0.08335435 0.1961334 0.977029 -0.08334439 0.3027271 0.9443549 -0.1286472 0.3226478 0.9427532 -0.0843504 0.2726675 0.9524167 -0.1362169 0.3199878 0.9467674 -0.03520596 0.2871106 0.9557999 -0.06335693 0.3126084 0.9498134 0.01142483 0.2993693 0.9541373 1.34004e-4 0.3004822 0.9521713 0.0555005 0.3164867 0.945572 0.07569569 0.2930214 0.9508656 0.0999661 0.2835216 0.9478228 0.1457656 0.1895259 0.9770285 0.09744387 0.1733185 0.9770293 0.123994 0.05817335 0.997439 0.04160916 0.06105667 0.9974387 -0.03726053 0.01555407 0.9770287 0.2125391 0.01555603 0.9770286 0.2125401 0.02556949 0.9366431 0.3493511 0.02556943 0.9366437 0.3493492 0.03505492 0.8771394 0.4789547 0.0350548 0.8771399 0.4789538 0.04381936 0.7997726 0.5987017 0.04381942 0.799772 0.5987024 0.05168437 0.7061614 0.7061621 -0.05596977 0.6419205 0.7647259 -0.05168408 0.7061622 0.7061613 -0.1539513 0.7061615 0.6911114 -0.1305237 0.7997718 0.5859426 -0.2144472 0.7997726 0.5606927 -0.171555 0.8771397 0.4485477 -0.2350357 0.8771396 0.4187891 -0.1714348 0.9366438 0.3054648 -0.2140854 0.9366432 0.2772492 -0.1302465 0.9770285 0.1686752 -0.153418 0.9770285 0.1479132 -0.051494 0.9974384 0.04965013 -0.2783655 0.9454321 0.1693247 -0.3006191 0.9411376 0.1545586 -0.1895259 0.9770289 0.09744006 -0.1895249 0.977028 0.09745144 -0.06361347 0.9974383 0.03271359 -0.2895743 0.7729623 0.5645141 -0.3242498 0.7074102 0.628039 -0.252689 0.7068571 0.6606826 -0.2517443 0.7062066 0.6617379 -0.1539519 0.7061623 0.6911105 -0.1703258 0.6215707 0.7646169 -0.1709148 0.6219201 0.7642014 0.1539519 0.7061623 0.6911105 0.1539513 0.7061614 0.6911115 0.1305238 0.799772 0.5859423 0.1305242 0.7997727 0.5859413 0.1044177 0.8771393 0.4687469 0.1044171 0.8771396 0.4687464 0.07616168 0.9366435 0.341904 0.07616341 0.9366434 0.3419041 0.04633671 0.9770285 0.2080104 0.04633611 0.977029 0.2080083 0.0155524 0.9974386 0.06981778 0.1707888 0.6214598 0.7646038 0.1702624 0.6219359 0.7643341 0.05723243 0.6206809 0.7819718 0.05168408 0.7061621 0.7061614 -0.05168437 0.7061613 0.7061622 -0.04381942 0.7997718 0.5987029 -0.1305243 0.799773 0.5859409 -0.1044178 0.8771395 0.4687465 -0.1715552 0.8771401 0.4485469 -0.1251314 0.9366435 0.3271713 -0.1714365 0.9366432 0.3054655 -0.104299 0.9770286 0.185841 -0.1302452 0.9770289 0.1686736 -0.0437166 0.9974386 0.05661547 -0.3032783 0.9439141 -0.1305697 -0.3017242 0.9501261 -0.07888472 -0.2061784 0.9770286 -0.05390477 -0.2061777 0.9770289 -0.05390155 -0.06920278 0.9974387 -0.01808863 -0.6159227 0.5982519 -0.5125759 -0.5347291 0.5982517 -0.5967912 -0.5347275 0.5982518 -0.5967926 -0.472495 0.7061621 -0.5273363 -0.4421356 0.5982518 -0.6682896 -0.4421359 0.5982515 -0.6682896 -0.3906778 0.7061623 -0.5905131 -0.3906804 0.7061616 -0.5905123 -0.3312274 0.7997729 -0.5006516 -0.3401208 0.5982515 -0.7255432 -0.3401216 0.5982509 -0.7255434 -0.3005377 0.7061615 -0.641103 -0.3005387 0.7061613 -0.6411028 -0.2548027 0.7997717 -0.5435449 -0.2548044 0.7997726 -0.5435426 -0.2038378 0.8771398 -0.4348288 -0.2308571 0.5982519 -0.7673329 -0.2308537 0.5982518 -0.7673339 -0.2039875 0.7061617 -0.6780301 -0.2039875 0.7061616 -0.6780303 -0.1729473 0.7997715 -0.574852 -0.1729462 0.7997725 -0.5748509 -0.1383565 0.8771402 -0.4598726 -0.1383548 0.8771398 -0.4598736 -0.1009181 0.9366437 -0.3354312 -0.1166719 0.5982519 -0.7927688 -0.1166716 0.5982519 -0.7927688 -0.1030927 0.7061615 -0.7005055 -0.1030948 0.7061612 -0.7005055 -0.08740288 0.7997718 -0.5939074 -0.08740603 0.7997723 -0.5939061 -0.06992292 0.8771401 -0.4751172 -0.06992179 0.8771402 -0.475117 -0.05100047 0.9366433 -0.3465522 -0.05100226 0.9366436 -0.3465514 -0.03102821 0.9770284 -0.2108386 0 0.5982518 -0.8013082 0 0.5982515 -0.8013086 0 0.7061619 -0.7080505 0 0.706161 -0.7080513 0 0.7997718 -0.6003043 0 0.7997719 -0.6003042 0 0.8771399 -0.480235 0 0.8771397 -0.4802355 0 0.9366436 -0.350284 0 0.9366432 -0.3502852 0 0.9770286 -0.2131083 0 0.9770287 -0.213108 0 0.9974386 -0.07152861 0.2308548 0.5982519 -0.7673336 0.2308564 0.5982519 -0.7673332 0.2039875 0.7061618 -0.67803 0.2039875 0.7061613 -0.6780304 0.1729458 0.7997721 -0.5748517 0.1729481 0.7997719 -0.5748512 0.1383566 0.8771398 -0.4598732 0.3401208 0.5982515 -0.7255433 0.3401217 0.598251 -0.7255433 0.300538 0.7061616 -0.6411029 0.3005384 0.7061613 -0.6411029 0.2548027 0.7997723 -0.5435439 0.2548046 0.7997721 -0.5435433 0.2038398 0.8771395 -0.4348285 0.2038362 0.8771403 -0.4348285 0.1486799 0.9366434 -0.3171647 0.4421355 0.5982519 -0.6682896 0.4421359 0.5982515 -0.6682896 0.3906806 0.7061617 -0.5905119 0.3906774 0.7061621 -0.5905136 0.3312273 0.7997725 -0.5006521 0.331228 0.7997726 -0.5006515 0.2649765 0.8771404 -0.4005151 0.2649812 0.8771392 -0.4005147 0.1932749 0.9366436 -0.2921365 0.1932774 0.9366432 -0.2921361 0.1175853 0.9770287 -0.1777324 0.142214 0.9770281 -0.1587178 0.1422113 0.9770281 -0.15872 0.2337511 0.9366436 -0.2608819 0.2337524 0.9366435 -0.260881 0.3204715 0.877139 -0.3576664 0.3204704 0.8771396 -0.3576657 0.4005947 0.7997719 -0.4470894 0.4005945 0.799772 -0.4470894 0.4724954 0.7061617 -0.5273365 0.4724948 0.7061625 -0.527336 0.5347275 0.5982522 -0.5967922 0.5347291 0.5982515 -0.5967915 0.615925 0.5982505 -0.5125747 0.615922 0.5982524 -0.5125761 0.5442391 0.7061631 -0.4529211 0.5442425 0.7061604 -0.4529211 0.4614225 0.7997719 -0.3839979 0.4614201 0.7997729 -0.3839985 0.3691312 0.8771398 -0.3071936 0.369132 0.8771394 -0.3071938 0.2692448 0.9366433 -0.2240682 0.2692448 0.9366435 -0.2240676 0.1638055 0.9770281 -0.1363223 0.1638042 0.977029 -0.1363176 0.05498003 0.9974388 -0.04575169 0.0477333 0.9974384 -0.05327391 0.1383547 0.8771404 -0.4598727 0.100914 0.9366437 -0.3354327 0.1486823 0.936643 -0.317165 0.09045392 0.9770289 -0.1929583 0.1175882 0.9770281 -0.1777335 0.03946644 0.9974387 -0.05965214 -0.7496385 0.4782645 -0.457499 -0.6750409 0.478262 -0.5617699 -0.6750376 0.4782633 -0.5617727 -0.5860494 0.4782631 -0.6540722 -0.5860503 0.4782629 -0.6540717 -0.4845735 0.4782624 -0.7324301 -0.4845707 0.4782635 -0.7324311 -0.3727664 0.4782629 -0.7951791 -0.3727658 0.4782629 -0.7951795 -0.2530106 0.4782634 -0.8409814 -0.253014 0.4782628 -0.8409808 -0.127868 0.4782632 -0.868858 -0.1278708 0.4782633 -0.8688575 0 0.4782639 -0.8782162 0 0.4782634 -0.8782165 0.7645643 0.4789718 -0.4313091 0.7496407 0.4782623 -0.4574977 0.7496385 0.4782641 -0.4574993 0.6750388 0.478263 -0.5617715 0.6750396 0.4782623 -0.5617711 0.5860503 0.4782629 -0.6540717 0.5860494 0.4782631 -0.6540722 0.4845746 0.478262 -0.7324296 0.4845693 0.478264 -0.7324317 0.3727639 0.4782634 -0.7951801 0.3727686 0.4782626 -0.7951783 0.2530117 0.4782631 -0.8409813 0.2530131 0.478263 -0.840981 0.8379475 0.3494445 -0.4192049 0.8000339 0.3486458 -0.488254 0.8000344 0.3486453 -0.4882537 0.7204185 0.348645 -0.5995364 0.7204181 0.3486456 -0.5995365 0.6254482 0.3486457 -0.6980407 0.6254482 0.3486454 -0.6980409 0.5171455 0.3486455 -0.7816694 0.5171463 0.3486456 -0.7816687 0.3978254 0.3486446 -0.8486354 0.3978238 0.3486456 -0.8486358 0.2700212 0.3486455 -0.897516 0.2700228 0.3486456 -0.8975155 0.1364657 0.3486456 -0.9272667 0.1364654 0.3486453 -0.9272668 0 0.3486451 -0.9372549 0 0.3486454 -0.9372547 -0.1364635 0.3486453 -0.9272671 -0.1364676 0.3486455 -0.9272664 -0.2700211 0.3486455 -0.897516 -0.2700228 0.3486456 -0.8975155 -0.3978253 0.3486451 -0.8486353 -0.3978239 0.348645 -0.8486359 -0.5171472 0.3486448 -0.7816686 -0.5171445 0.3486462 -0.7816696 -0.6254484 0.3486452 -0.6980409 -0.625448 0.3486462 -0.6980406 -0.7204173 0.3486461 -0.5995373 -0.7204195 0.3486446 -0.5995355 -0.8000341 0.3486453 -0.4882541 -0.8000341 0.3486456 -0.4882537 -0.8834925 0.3467738 -0.3149429 -0.7645658 0.4789708 -0.4313077 -0.8111923 0.5530237 -0.1900845 -0.7056136 0.5627328 -0.430629 -0.6726076 0.5988498 -0.4347161 -0.6159248 0.5982505 -0.5125749 -0.5442422 0.7061614 -0.4529201 -0.472495 0.706162 -0.5273365 -0.4005934 0.799773 -0.4470884 -0.3312278 0.7997725 -0.5006518 -0.2649801 0.8771394 -0.4005148 -0.2038388 0.8771398 -0.4348285 -0.1486811 0.9366433 -0.3171646 -0.1009141 0.9366434 -0.3354334 -0.06139749 0.9770283 -0.2040739 -0.03102612 0.9770289 -0.2108363 -0.01041465 0.9974384 -0.07076758 0.1278709 0.478263 -0.8688576 0.1278679 0.4782636 -0.8688578 0.1166719 0.5982518 -0.792769 0.1166716 0.598252 -0.7927688 0.1030927 0.7061615 -0.7005054 0.1030948 0.7061611 -0.7005056 0.08740454 0.7997717 -0.5939072 0.08740407 0.7997723 -0.5939065 0.06992286 0.87714 -0.4751171 0.06992179 0.8771401 -0.4751173 0.05100047 0.9366434 -0.3465521 0.05100226 0.9366437 -0.3465509 0.03102916 0.9770286 -0.2108379 0.03102421 0.977029 -0.2108362 0.01041465 0.9974385 -0.0707671 0.8835617 0.2124516 -0.4173525 0.8341866 0.2120248 -0.5090956 0.8341858 0.2120234 -0.5090975 0.751172 0.2120239 -0.6251293 0.7511721 0.2120229 -0.6251295 0.6521466 0.2120231 -0.72784 0.6521472 0.212024 -0.7278392 0.5392222 0.2120239 -0.815037 0.5392242 0.2120239 -0.8150357 0.4148053 0.2120239 -0.884863 0.4148074 0.212024 -0.884862 0.2815479 0.212024 -0.9358295 0.2815485 0.2120237 -0.9358293 0.1422903 0.2120235 -0.9668503 0.1422933 0.2120239 -0.9668499 0 0.212024 -0.9772645 0 0.2120239 -0.9772645 -0.1422924 0.2120239 -0.96685 -0.1422911 0.2120234 -0.9668502 -0.2815479 0.2120238 -0.9358295 -0.2815485 0.212024 -0.9358293 -0.4148072 0.212024 -0.8848622 -0.4148057 0.2120239 -0.8848628 -0.5392221 0.2120242 -0.815037 -0.5392242 0.2120238 -0.8150357 -0.6521478 0.2120239 -0.7278386 -0.652146 0.2120234 -0.7278405 -0.7511721 0.2120229 -0.6251294 -0.751172 0.2120239 -0.6251294 -0.8341861 0.2120242 -0.5090966 -0.8341863 0.2120238 -0.5090964 -0.9006352 0.2119768 -0.3793707 -0.8234511 0.3750705 -0.4257353 0.907823 0.07125854 -0.413255 0.8514302 0.07114976 -0.5196195 0.8514293 0.07114982 -0.519621 0.7666989 0.07115036 -0.6380521 0.7666984 0.07114994 -0.6380529 0.6656292 0.07114917 -0.7428833 0.6656284 0.07115036 -0.7428839 0.5503681 0.07114958 -0.831885 0.5503691 0.07114964 -0.8318844 0.4233817 0.07114976 -0.9031533 0.4233815 0.07114994 -0.9031533 0.2873674 0.07115012 -0.9551743 0.2873684 0.07115 -0.9551739 0.1452342 0.07115006 -0.9868357 0.1452311 0.07114994 -0.9868363 0 0.07114988 -0.9974657 0 0.07114988 -0.9974656 -0.145232 0.07114994 -0.986836 -0.1452333 0.07115012 -0.9868358 -0.2873674 0.07115018 -0.9551742 -0.2873684 0.07114994 -0.9551739 -0.4233835 0.07115 -0.9031524 -0.4233797 0.0711497 -0.9031542 -0.5503697 0.07114928 -0.8318841 -0.5503675 0.07114994 -0.8318854 -0.665628 0.07114928 -0.7428844 -0.6656296 0.07115024 -0.7428829 -0.7666981 0.07114994 -0.6380532 -0.7666992 0.07115 -0.6380517 -0.8514297 0.07114988 -0.5196204 -0.8514299 0.07114958 -0.51962 -0.9125585 0.07121378 -0.4026979 -0.8784703 0.2303513 -0.4186028 0.1305121 0.9913392 -0.01460516 0.1790713 0.9838361 0 0.3826836 0.9238795 0 0.6087614 0.7933533 0 0.6087613 0.7933535 0 0.7933534 0.6087615 0 0.7933536 0.6087611 0 0.8854392 0.4647555 0 0.9237982 0.38265 -0.0132606 0.9385271 0.345206 0 0.9914449 0.130526 0 0.9914449 -0.130526 0 0.9385271 -0.345206 0 0.9237982 -0.38265 -0.0132606 0.8854392 -0.4647555 0 0.7933536 -0.6087611 0 0.7933534 -0.6087615 0 0.6087613 -0.7933535 0 0.6087614 -0.7933533 0 0.3826836 -0.9238795 0 0.1790713 -0.9838361 0 0.1305121 -0.9913392 -0.01460516 0.04912286 -0.9987928 0 -0.04912286 -0.9987928 0 -0.1305121 -0.9913392 -0.01460516 -0.1790713 -0.9838361 0 -0.3826836 -0.9238795 0 -0.6087614 -0.7933533 0 -0.6087613 -0.7933535 0 -0.7933534 -0.6087615 0 -0.7933536 -0.6087611 0 -0.8854392 -0.4647555 0 -0.9237982 -0.38265 -0.0132606 -0.9385271 -0.345206 0 -0.9914449 -0.130526 0 -0.9914449 0.130526 0 -0.9385271 0.345206 0 -0.9237982 0.38265 -0.0132606 -0.8854392 0.4647555 0 -0.7933536 0.6087611 0 -0.7933534 0.6087615 0 -0.6087613 0.7933535 0 -0.6087614 0.7933533 0 -0.3826836 0.9238795 0 -0.1790713 0.9838361 0 -0.1305121 0.9913392 -0.01460516 -0.04912286 0.9987928 0 0.04912286 0.9987928 0 -0.5981914 -0.4590095 0.6568693 -0.3886793 -0.3823387 0.8382992 -0.5047319 -0.264928 0.8216197 -0.5424497 -0.07141447 0.8370473 0.1224586 -0.5281373 0.8402827 0.2267774 -0.5474879 0.8054994 0.2469062 -0.501607 0.8291127 0.3933756 -0.5126563 0.763177 -0.3933753 -0.5126571 0.7631766 -0.205574 -0.4963006 0.8434602 -0.2385019 -0.5492626 0.8008916 -0.0950126 -0.522012 0.8476297 -0.1208449 -0.5457227 0.8292064 -0.02690196 -0.5469909 0.8367062 0 -0.5357551 0.8443734 0.02690196 -0.5469909 0.8367062 0.0994597 -0.5464407 0.831571 0.5427047 -0.06453973 0.8374403 0.4197616 -0.06452238 0.9053381 0.4197619 -0.06452238 0.9053381 0.2848134 -0.06452256 0.956409 0.2848137 -0.06452244 0.9564089 0.1439112 -0.06452238 0.987485 0.1439111 -0.06452238 0.987485 0 -0.06452238 0.9979164 0 -0.06452244 0.9979164 -0.1439112 -0.06452244 0.9874849 -0.143911 -0.06452238 0.9874849 -0.2848134 -0.06452232 0.9564091 -0.2848137 -0.06452268 0.9564089 -0.4197621 -0.06452238 0.9053379 -0.4197614 -0.06452238 0.9053383 -0.5502465 -0.06449753 0.8325076 -0.5178021 -0.1904564 0.8340308 -0.5145224 -0.1927983 0.8355212 -0.412771 -0.1925039 0.8902598 -0.4127704 -0.1925036 0.8902601 -0.2800701 -0.1925036 0.9404803 -0.2800703 -0.1925038 0.9404802 -0.1415143 -0.1925038 0.9710386 -0.1415143 -0.1925038 0.9710387 0 -0.1925038 0.9812963 0 -0.1925037 0.9812963 0.1415141 -0.1925038 0.9710386 0.1415144 -0.1925038 0.9710386 0.2800701 -0.1925038 0.9404802 0.2800703 -0.1925036 0.9404802 0.4127706 -0.1925035 0.89026 0.4127708 -0.1925038 0.89026 0.5171151 -0.1927713 0.8339252 0.5485332 -0.07221567 0.8330044 -0.4635043 -0.3180552 0.8270458 -0.3989005 -0.3173104 0.8603445 -0.3989006 -0.3173106 0.8603443 -0.2706587 -0.3173103 0.9088774 -0.2706591 -0.3173104 0.9088772 -0.136759 -0.3173103 0.9384089 -0.1367591 -0.3173102 0.9384089 0 -0.3173104 0.9483218 0 -0.3173103 0.9483218 0.1367589 -0.3173102 0.938409 0.1367591 -0.3173103 0.9384089 0.270659 -0.3173106 0.9088772 0.2706587 -0.3173102 0.9088774 0.3989004 -0.3173106 0.8603443 0.3989006 -0.3173105 0.8603443 -0.3546121 -0.4374674 0.8263611 -0.2567308 -0.4368759 0.8621071 -0.2567311 -0.4368762 0.8621069 -0.1297213 -0.4368761 0.890119 -0.1297218 -0.4368764 0.8901187 0 -0.4368761 0.8995217 0 -0.4368762 0.8995217 0.1297217 -0.4368759 0.8901189 0.1297214 -0.4368764 0.8901187 0.2567308 -0.4368761 0.862107 0.2567311 -0.4368759 0.862107 0.354612 -0.4374673 0.8263611 0.3886793 -0.3823387 0.8382993 0.5981914 -0.4590095 0.6568693 0.4635043 -0.3180552 0.8270457 0.5047319 -0.264928 0.8216197 0.5149116 -0.1893929 0.8360601 0.2588188 -0.9659259 0 0.707107 -0.7071066 0 0.9659259 -0.2588188 0 0.9659258 -0.2588194 0 0.9659257 0.2588196 0 0.9659259 0.2588191 0 0.707107 0.7071066 0 0.2588188 0.9659259 0 -0.2588188 0.9659259 0 -0.707107 0.7071066 0 -0.9659259 0.2588191 0 -0.9659257 0.2588196 0 -0.9659258 -0.2588194 0 -0.9659259 -0.2588188 0 -0.707107 -0.7071066 0 -0.2588188 -0.9659259 0 0.9659259 -0.2588191 0 0.9659257 -0.2588196 0 0.9659258 0.2588194 0 0.9659259 0.2588188 0 -0.9659259 0.2588188 0 -0.9659258 0.2588194 0 -0.9659257 -0.2588196 0 -0.9659259 -0.2588191 0</float_array>
          <technique_common>
            <accessor source="#Nano_Atom_Caster_Wheel-mesh-normals-array" count="1931" stride="3">
              <param name="X" type="float"/>
              <param name="Y" type="float"/>
              <param name="Z" type="float"/>
            </accessor>
          </technique_common>
        </source>
        <vertices id="Nano_Atom_Caster_Wheel-mesh-vertices">
          <input semantic="POSITION" source="#Nano_Atom_Caster_Wheel-mesh-positions"/>
        </vertices>
        <triangles material="White-material" count="1325">
          <input semantic="VERTEX" source="#Nano_Atom_Caster_Wheel-mesh-vertices" offset="0"/>
          <input semantic="NORMAL" source="#Nano_Atom_Caster_Wheel-mesh-normals" offset="1"/>
          <p>0 0 1 0 2 0 3 1 4 1 5 1 5 2 4 2 1 2 6 3 7 3 8 3 8 4 7 4 9 4 8 5 9 5 10 5 10 6 9 6 11 6 10 7 11 7 12 7 12 8 11 8 13 8 13 9 11 9 14 9 13 10 14 10 15 10 15 11 14 11 16 11 15 12 16 12 17 12 17 13 16 13 18 13 17 14 18 14 19 14 20 15 21 15 22 15 23 16 24 16 25 16 3 17 26 17 6 17 6 18 26 18 27 18 6 19 27 19 7 19 7 20 27 20 28 20 7 21 28 21 9 21 9 22 28 22 29 22 9 23 29 23 11 23 11 24 29 24 30 24 11 25 30 25 14 25 14 26 30 26 31 26 14 27 31 27 16 27 16 28 31 28 20 28 16 29 20 29 18 29 18 30 20 30 22 30 18 31 22 31 19 31 3 32 5 32 26 32 26 33 5 33 32 33 26 34 32 34 27 34 27 35 32 35 33 35 27 36 33 36 28 36 28 37 33 37 34 37 28 38 34 38 29 38 29 39 34 39 35 39 29 40 35 40 30 40 30 41 35 41 36 41 30 42 36 42 31 42 31 43 36 43 37 43 31 44 37 44 20 44 20 45 37 45 38 45 20 46 38 46 21 46 21 47 38 47 39 47 21 48 39 48 22 48 1 49 0 49 5 49 5 50 0 50 40 50 5 51 40 51 32 51 32 52 40 52 41 52 32 53 41 53 33 53 33 54 41 54 42 54 33 55 42 55 34 55 34 56 42 56 43 56 34 57 43 57 35 57 35 58 43 58 44 58 35 59 44 59 36 59 36 60 44 60 45 60 36 61 45 61 37 61 37 62 45 62 46 62 37 63 46 63 38 63 38 64 46 64 47 64 38 65 47 65 39 65 2 66 48 66 0 66 0 67 48 67 49 67 0 68 49 68 40 68 40 69 49 69 50 69 40 70 50 70 41 70 41 71 50 71 51 71 41 72 51 72 42 72 42 73 51 73 52 73 42 74 52 74 43 74 43 75 52 75 53 75 43 76 53 76 44 76 44 77 53 77 54 77 44 78 54 78 45 78 45 79 54 79 23 79 45 80 23 80 46 80 46 81 23 81 25 81 46 82 25 82 47 82 82 217 80 217 250 217 82 217 250 217 84 217 76 217 240 217 78 217 257 408 276 408 256 408 256 409 276 409 348 409 256 410 348 410 349 410 352 411 354 411 334 411 341 500 439 500 440 500 253 627 511 627 504 627 512 628 513 628 514 628 512 629 514 629 515 629 516 630 515 630 514 630 517 631 516 631 514 631 518 632 517 632 514 632 519 633 518 633 514 633 520 634 519 634 514 634 521 635 520 635 514 635 522 636 521 636 514 636 523 637 522 637 514 637 524 638 523 638 514 638 525 639 524 639 514 639 526 640 525 640 514 640 527 641 526 641 514 641 528 642 527 642 514 642 529 643 528 643 514 643 530 644 529 644 514 644 531 645 530 645 514 645 532 646 531 646 514 646 533 647 532 647 514 647 534 648 533 648 514 648 535 649 534 649 514 649 536 650 535 650 514 650 537 651 536 651 514 651 538 652 537 652 514 652 539 653 538 653 514 653 540 654 539 654 514 654 541 655 540 655 514 655 542 656 541 656 514 656 543 657 542 657 514 657 544 658 543 658 514 658 545 659 544 659 514 659 546 660 545 660 514 660 547 661 546 661 514 661 548 662 547 662 514 662 549 663 548 663 514 663 550 664 549 664 514 664 551 665 550 665 514 665 552 666 551 666 514 666 553 667 552 667 514 667 554 668 553 668 514 668 555 669 554 669 514 669 513 670 555 670 514 670 477 671 556 671 478 671 367 672 557 672 368 672 274 673 362 673 275 673 467 674 558 674 468 674 461 675 460 675 559 675 560 676 208 676 209 676 561 677 207 677 208 677 207 678 562 678 206 678 206 679 562 679 563 679 206 680 563 680 459 680 564 681 463 681 462 681 466 682 465 682 565 682 565 683 465 683 464 683 558 684 467 684 566 684 470 685 469 685 567 685 567 686 568 686 470 686 470 687 568 687 569 687 470 688 569 688 471 688 471 689 569 689 570 689 471 690 570 690 472 690 472 691 570 691 571 691 472 692 571 692 473 692 473 693 571 693 572 693 473 694 572 694 509 694 572 695 573 695 509 695 509 696 573 696 574 696 509 697 574 697 510 697 511 698 575 698 504 698 504 699 575 699 576 699 504 700 576 700 505 700 577 701 502 701 501 701 578 702 507 702 503 702 507 703 578 703 508 703 508 704 578 704 300 704 508 705 300 705 298 705 292 706 291 706 578 706 578 707 291 707 290 707 578 708 290 708 300 708 578 709 579 709 292 709 292 710 579 710 580 710 292 711 580 711 277 711 277 712 580 712 581 712 277 713 581 713 278 713 278 714 581 714 582 714 278 715 582 715 282 715 362 716 274 716 363 716 365 717 364 717 583 717 583 718 364 718 363 718 583 719 363 719 582 719 582 720 363 720 274 720 582 721 274 721 282 721 557 722 367 722 584 722 585 723 586 723 369 723 369 724 586 724 370 724 370 725 586 725 587 725 370 726 587 726 371 726 373 727 372 727 588 727 588 728 372 728 589 728 588 729 590 729 373 729 373 730 590 730 591 730 373 731 591 731 374 731 591 732 592 732 374 732 374 733 592 733 593 733 374 734 593 734 375 734 375 735 593 735 594 735 375 736 594 736 474 736 474 737 594 737 595 737 474 738 595 738 476 738 482 739 481 739 596 739 596 740 481 740 480 740 478 741 556 741 479 741 479 742 556 742 597 742 479 743 597 743 480 743 485 744 486 744 598 744 598 745 486 745 483 745 598 746 483 746 482 746 377 747 484 747 599 747 599 748 484 748 485 748 600 749 384 749 376 749 601 750 382 750 383 750 210 751 602 751 603 751 603 752 602 752 604 752 603 753 604 753 605 753 605 754 604 754 606 754 605 755 606 755 607 755 607 756 606 756 608 756 607 757 608 757 609 757 609 758 608 758 610 758 609 759 610 759 611 759 611 760 610 760 612 760 611 761 612 761 613 761 613 762 612 762 614 762 613 763 614 763 615 763 615 764 614 764 616 764 615 765 616 765 617 765 617 766 616 766 618 766 617 767 618 767 619 767 619 768 618 768 620 768 619 769 620 769 621 769 621 770 620 770 622 770 621 771 622 771 623 771 623 772 622 772 624 772 623 773 624 773 625 773 625 774 624 774 626 774 625 775 626 775 627 775 627 776 626 776 628 776 627 777 628 777 629 777 629 778 628 778 630 778 629 779 630 779 631 779 631 780 630 780 601 780 631 781 601 781 632 781 632 782 601 782 383 782 632 783 383 783 384 783 384 784 600 784 632 784 632 785 600 785 633 785 632 786 633 786 631 786 631 787 633 787 634 787 631 788 634 788 629 788 629 789 634 789 635 789 629 790 635 790 627 790 627 791 635 791 636 791 627 792 636 792 625 792 625 793 636 793 637 793 625 794 637 794 623 794 623 795 637 795 638 795 623 796 638 796 621 796 621 797 638 797 639 797 621 798 639 798 619 798 619 799 639 799 640 799 619 800 640 800 617 800 617 801 640 801 641 801 617 802 641 802 615 802 615 803 641 803 642 803 615 804 642 804 613 804 613 805 642 805 643 805 613 806 643 806 611 806 611 807 643 807 644 807 611 808 644 808 609 808 609 809 644 809 645 809 609 810 645 810 607 810 607 811 645 811 646 811 607 812 646 812 605 812 605 813 646 813 560 813 605 814 560 814 603 814 603 815 560 815 209 815 603 816 209 816 210 816 207 817 561 817 562 817 562 818 561 818 647 818 562 819 647 819 563 819 563 820 647 820 648 820 563 821 648 821 649 821 649 822 648 822 650 822 649 823 650 823 651 823 651 824 650 824 652 824 651 825 652 825 653 825 653 826 652 826 654 826 653 827 654 827 655 827 655 828 654 828 656 828 655 829 656 829 657 829 657 830 656 830 658 830 657 831 658 831 659 831 659 832 658 832 660 832 659 833 660 833 661 833 661 834 660 834 662 834 661 835 662 835 663 835 663 836 662 836 664 836 663 837 664 837 665 837 665 838 664 838 666 838 665 839 666 839 667 839 667 840 666 840 668 840 667 841 668 841 669 841 669 842 668 842 670 842 669 843 670 843 671 843 671 844 670 844 672 844 671 845 672 845 673 845 673 846 672 846 674 846 673 847 674 847 675 847 673 848 676 848 671 848 671 849 676 849 677 849 671 850 677 850 669 850 669 851 677 851 678 851 669 852 678 852 667 852 667 853 678 853 679 853 667 854 679 854 665 854 665 855 679 855 680 855 665 856 680 856 663 856 663 857 680 857 681 857 663 858 681 858 661 858 661 859 681 859 682 859 661 860 682 860 659 860 659 861 682 861 683 861 659 862 683 862 657 862 657 863 683 863 684 863 657 864 684 864 655 864 655 865 684 865 685 865 655 866 685 866 653 866 653 867 685 867 686 867 653 868 686 868 651 868 651 869 686 869 687 869 651 870 687 870 649 870 649 871 687 871 559 871 649 872 559 872 563 872 563 873 559 873 460 873 563 874 460 874 459 874 208 875 560 875 561 875 561 876 560 876 646 876 561 877 646 877 647 877 647 878 646 878 645 878 647 879 645 879 648 879 648 880 645 880 644 880 648 881 644 881 650 881 650 882 644 882 643 882 650 883 643 883 652 883 652 884 643 884 642 884 652 885 642 885 654 885 654 886 642 886 641 886 654 887 641 887 656 887 656 888 641 888 640 888 656 889 640 889 658 889 658 890 640 890 639 890 658 891 639 891 660 891 660 892 639 892 638 892 660 893 638 893 662 893 662 894 638 894 637 894 662 895 637 895 664 895 664 896 637 896 636 896 664 897 636 897 666 897 666 898 636 898 635 898 666 899 635 899 668 899 668 900 635 900 634 900 668 901 634 901 670 901 670 902 634 902 633 902 670 903 633 903 672 903 672 904 633 904 600 904 672 905 600 905 674 905 674 906 600 906 376 906 674 907 376 907 675 907 675 908 376 908 377 908 675 909 377 909 673 909 673 910 377 910 599 910 673 911 599 911 676 911 485 912 598 912 599 912 599 913 598 913 688 913 599 914 688 914 676 914 676 915 688 915 689 915 676 916 689 916 677 916 677 917 689 917 690 917 677 918 690 918 678 918 678 919 690 919 691 919 678 920 691 920 679 920 679 921 691 921 692 921 679 922 692 922 680 922 680 923 692 923 693 923 680 924 693 924 681 924 681 925 693 925 694 925 681 926 694 926 682 926 682 927 694 927 695 927 682 928 695 928 683 928 683 929 695 929 696 929 683 930 696 930 684 930 684 931 696 931 697 931 684 932 697 932 685 932 685 933 697 933 698 933 685 934 698 934 686 934 686 935 698 935 699 935 686 936 699 936 687 936 687 937 699 937 564 937 687 938 564 938 559 938 559 939 564 939 462 939 559 940 462 940 461 940 502 941 577 941 503 941 503 942 577 942 700 942 503 943 700 943 578 943 578 944 700 944 701 944 578 945 701 945 579 945 579 946 701 946 702 946 579 947 702 947 580 947 580 948 702 948 703 948 580 949 703 949 581 949 581 950 703 950 704 950 581 951 704 951 582 951 582 952 704 952 705 952 582 953 705 953 583 953 583 954 705 954 366 954 583 955 366 955 365 955 482 956 596 956 598 956 598 957 596 957 706 957 598 958 706 958 688 958 688 959 706 959 707 959 688 960 707 960 689 960 689 961 707 961 708 961 689 962 708 962 690 962 690 963 708 963 709 963 690 964 709 964 691 964 691 965 709 965 710 965 691 966 710 966 692 966 692 967 710 967 711 967 692 968 711 968 693 968 693 969 711 969 712 969 693 970 712 970 694 970 694 971 712 971 713 971 694 972 713 972 695 972 695 973 713 973 714 973 695 974 714 974 696 974 696 975 714 975 715 975 696 976 715 976 697 976 697 977 715 977 716 977 697 978 716 978 698 978 698 979 716 979 717 979 698 980 717 980 699 980 699 981 717 981 565 981 699 982 565 982 564 982 564 983 565 983 464 983 564 984 464 984 463 984 506 985 718 985 501 985 501 986 718 986 719 986 501 987 719 987 577 987 577 988 719 988 720 988 577 989 720 989 700 989 700 990 720 990 721 990 700 991 721 991 701 991 701 992 721 992 722 992 701 993 722 993 702 993 702 994 722 994 723 994 702 995 723 995 703 995 703 996 723 996 724 996 703 997 724 997 704 997 704 998 724 998 584 998 704 999 584 999 705 999 705 1000 584 1000 367 1000 705 1001 367 1001 366 1001 480 1002 597 1002 596 1002 596 1003 597 1003 725 1003 596 1004 725 1004 706 1004 706 1005 725 1005 726 1005 706 1006 726 1006 707 1006 707 1007 726 1007 727 1007 707 1008 727 1008 708 1008 708 1009 727 1009 728 1009 708 1010 728 1010 709 1010 709 1011 728 1011 729 1011 709 1012 729 1012 710 1012 710 1013 729 1013 730 1013 710 1014 730 1014 711 1014 711 1015 730 1015 731 1015 711 1016 731 1016 712 1016 712 1017 731 1017 732 1017 712 1018 732 1018 713 1018 713 1019 732 1019 733 1019 713 1020 733 1020 714 1020 714 1021 733 1021 734 1021 714 1022 734 1022 715 1022 715 1023 734 1023 735 1023 715 1024 735 1024 716 1024 716 1025 735 1025 736 1025 716 1026 736 1026 717 1026 717 1027 736 1027 566 1027 717 1028 566 1028 565 1028 565 1029 566 1029 467 1029 565 1030 467 1030 466 1030 505 1031 576 1031 506 1031 506 1032 576 1032 737 1032 506 1033 737 1033 718 1033 718 1034 737 1034 738 1034 718 1035 738 1035 719 1035 719 1036 738 1036 739 1036 719 1037 739 1037 720 1037 720 1038 739 1038 740 1038 720 1039 740 1039 721 1039 721 1040 740 1040 741 1040 721 1041 741 1041 722 1041 722 1042 741 1042 742 1042 722 1043 742 1043 723 1043 723 1044 742 1044 743 1044 723 1045 743 1045 724 1045 724 1046 743 1046 744 1046 724 1047 744 1047 584 1047 584 1048 744 1048 585 1048 584 1049 585 1049 557 1049 557 1050 585 1050 369 1050 557 1051 369 1051 368 1051 476 1052 595 1052 477 1052 477 1053 595 1053 745 1053 477 1054 745 1054 556 1054 556 1055 745 1055 746 1055 556 1056 746 1056 597 1056 597 1057 746 1057 747 1057 597 1058 747 1058 725 1058 725 1059 747 1059 748 1059 725 1060 748 1060 726 1060 726 1061 748 1061 749 1061 726 1062 749 1062 727 1062 727 1063 749 1063 750 1063 727 1064 750 1064 728 1064 728 1065 750 1065 751 1065 728 1066 751 1066 729 1066 729 1067 751 1067 752 1067 729 1068 752 1068 730 1068 730 1069 752 1069 753 1069 730 1070 753 1070 731 1070 731 1071 753 1071 754 1071 731 1072 754 1072 732 1072 732 1073 754 1073 755 1073 732 1074 755 1074 733 1074 733 1075 755 1075 756 1075 733 1076 756 1076 734 1076 734 1077 756 1077 757 1077 734 1078 757 1078 735 1078 735 1079 757 1079 758 1079 735 1080 758 1080 736 1080 736 1081 758 1081 759 1081 736 1082 759 1082 566 1082 566 1083 759 1083 567 1083 566 1084 567 1084 558 1084 558 1085 567 1085 469 1085 558 1086 469 1086 468 1086 510 1087 574 1087 511 1087 511 1088 574 1088 760 1088 511 1089 760 1089 575 1089 575 1090 760 1090 761 1090 575 1091 761 1091 576 1091 576 1092 761 1092 762 1092 576 1093 762 1093 737 1093 737 1094 762 1094 763 1094 737 1095 763 1095 738 1095 738 1096 763 1096 764 1096 738 1097 764 1097 739 1097 739 1098 764 1098 765 1098 739 1099 765 1099 740 1099 740 1100 765 1100 766 1100 740 1101 766 1101 741 1101 741 1102 766 1102 767 1102 741 1103 767 1103 742 1103 742 1104 767 1104 768 1104 742 1105 768 1105 743 1105 743 1106 768 1106 769 1106 743 1107 769 1107 744 1107 744 1108 769 1108 770 1108 744 1109 770 1109 585 1109 585 1110 770 1110 771 1110 585 1111 771 1111 586 1111 586 1112 771 1112 589 1112 586 1113 589 1113 587 1113 587 1114 589 1114 372 1114 587 1115 372 1115 371 1115 766 1116 513 1116 767 1116 767 1117 513 1117 512 1117 767 1118 512 1118 768 1118 768 1119 512 1119 515 1119 768 1120 515 1120 769 1120 769 1121 515 1121 516 1121 769 1122 516 1122 770 1122 770 1123 516 1123 517 1123 770 1124 517 1124 771 1124 771 1125 517 1125 518 1125 771 1126 518 1126 589 1126 589 1127 518 1127 519 1127 589 1128 519 1128 588 1128 588 1129 519 1129 520 1129 588 1130 520 1130 590 1130 590 1131 520 1131 521 1131 590 1132 521 1132 591 1132 591 1133 521 1133 522 1133 591 1134 522 1134 592 1134 592 1135 522 1135 523 1135 592 1136 523 1136 593 1136 593 1137 523 1137 524 1137 593 1138 524 1138 594 1138 594 1139 524 1139 525 1139 594 1140 525 1140 595 1140 595 1141 525 1141 526 1141 595 1142 526 1142 745 1142 745 1143 526 1143 527 1143 745 1144 527 1144 746 1144 746 1145 527 1145 528 1145 746 1146 528 1146 747 1146 747 1147 528 1147 529 1147 747 1148 529 1148 748 1148 748 1149 529 1149 530 1149 748 1150 530 1150 749 1150 749 1151 530 1151 531 1151 749 1152 531 1152 750 1152 750 1153 531 1153 532 1153 750 1154 532 1154 751 1154 751 1155 532 1155 533 1155 751 1156 533 1156 752 1156 752 1157 533 1157 534 1157 752 1158 534 1158 753 1158 753 1159 534 1159 535 1159 753 1160 535 1160 754 1160 754 1161 535 1161 536 1161 754 1162 536 1162 755 1162 755 1163 536 1163 537 1163 755 1164 537 1164 756 1164 756 1165 537 1165 538 1165 756 1166 538 1166 757 1166 757 1167 538 1167 539 1167 757 1168 539 1168 758 1168 758 1169 539 1169 540 1169 758 1170 540 1170 759 1170 759 1171 540 1171 541 1171 759 1172 541 1172 567 1172 567 1173 541 1173 542 1173 567 1174 542 1174 568 1174 568 1175 542 1175 543 1175 568 1176 543 1176 569 1176 569 1177 543 1177 544 1177 569 1178 544 1178 570 1178 570 1179 544 1179 545 1179 570 1180 545 1180 571 1180 571 1181 545 1181 546 1181 571 1182 546 1182 572 1182 572 1183 546 1183 547 1183 572 1184 547 1184 573 1184 573 1185 547 1185 548 1185 573 1186 548 1186 574 1186 574 1187 548 1187 549 1187 574 1188 549 1188 760 1188 760 1189 549 1189 550 1189 760 1190 550 1190 761 1190 761 1191 550 1191 551 1191 761 1192 551 1192 762 1192 762 1193 551 1193 552 1193 762 1194 552 1194 763 1194 763 1195 552 1195 553 1195 763 1196 553 1196 764 1196 764 1197 553 1197 554 1197 764 1198 554 1198 765 1198 765 1199 554 1199 555 1199 765 1200 555 1200 766 1200 766 1201 555 1201 513 1201 772 1202 773 1202 774 1202 775 1203 776 1203 777 1203 778 1204 779 1204 780 1204 781 1205 782 1205 783 1205 784 1206 785 1206 786 1206 787 1207 788 1207 789 1207 787 1208 790 1208 791 1208 792 1209 790 1209 787 1209 789 1210 792 1210 787 1210 787 1211 793 1211 794 1211 795 1212 793 1212 787 1212 791 1213 795 1213 787 1213 777 1214 776 1214 787 1214 796 1215 787 1215 776 1215 780 1216 779 1216 787 1216 797 1217 787 1217 779 1217 783 1218 782 1218 787 1218 787 1219 798 1219 799 1219 786 1220 785 1220 787 1220 800 1221 787 1221 785 1221 203 1222 456 1222 801 1222 457 1223 458 1223 802 1223 454 1224 453 1224 803 1224 451 1225 450 1225 804 1225 445 1226 351 1226 805 1226 360 1227 806 1227 807 1227 347 1228 352 1228 332 1228 438 1229 437 1229 808 1229 497 1230 496 1230 809 1230 809 1231 496 1231 495 1231 379 1232 810 1232 378 1232 378 1233 810 1233 811 1233 812 1234 491 1234 490 1234 812 1235 490 1235 813 1235 490 1236 489 1236 813 1236 813 1237 489 1237 488 1237 813 1238 488 1238 811 1238 811 1239 488 1239 487 1239 811 1240 487 1240 378 1240 491 1241 812 1241 492 1241 492 1242 812 1242 814 1242 492 1243 814 1243 493 1243 815 1244 443 1244 442 1244 342 1245 440 1245 343 1245 343 1246 440 1246 816 1246 343 1247 816 1247 344 1247 344 1248 816 1248 345 1248 337 1249 330 1249 817 1249 817 1250 330 1250 328 1250 818 1251 338 1251 337 1251 819 1252 346 1252 339 1252 347 1253 346 1253 352 1253 352 1254 346 1254 819 1254 352 1255 819 1255 354 1255 354 1256 819 1256 355 1256 357 1257 356 1257 820 1257 820 1258 356 1258 821 1258 360 1259 807 1259 361 1259 445 1260 805 1260 446 1260 454 1261 803 1261 455 1261 602 1262 210 1262 211 1262 822 1263 381 1263 382 1263 823 1264 380 1264 381 1264 824 1265 379 1265 380 1265 800 1266 785 1266 825 1266 825 1267 785 1267 784 1267 825 1268 784 1268 826 1268 827 1269 787 1269 800 1269 799 1270 798 1270 807 1270 807 1271 798 1271 828 1271 807 1272 828 1272 361 1272 351 1273 350 1273 805 1273 805 1274 350 1274 829 1274 805 1275 829 1275 830 1275 830 1276 831 1276 805 1276 805 1277 831 1277 832 1277 805 1278 832 1278 446 1278 447 1279 446 1279 833 1279 833 1280 446 1280 832 1280 833 1281 832 1281 834 1281 834 1282 832 1282 831 1282 834 1283 831 1283 787 1283 830 1284 787 1284 831 1284 350 1285 781 1285 829 1285 829 1286 781 1286 783 1286 829 1287 783 1287 830 1287 830 1288 783 1288 787 1288 450 1289 449 1289 804 1289 804 1290 449 1290 448 1290 804 1291 448 1291 835 1291 835 1292 448 1292 836 1292 835 1293 836 1293 837 1293 797 1294 779 1294 838 1294 838 1295 779 1295 778 1295 838 1296 778 1296 839 1296 796 1297 776 1297 840 1297 840 1298 776 1298 775 1298 840 1299 775 1299 841 1299 842 1300 794 1300 843 1300 843 1301 794 1301 844 1301 843 1302 844 1302 845 1302 788 1303 846 1303 789 1303 789 1304 846 1304 847 1304 789 1305 847 1305 792 1305 792 1306 847 1306 848 1306 792 1307 848 1307 790 1307 790 1308 848 1308 849 1308 790 1309 849 1309 791 1309 791 1310 849 1310 850 1310 791 1311 850 1311 795 1311 795 1312 850 1312 851 1312 795 1313 851 1313 793 1313 787 1314 852 1314 853 1314 853 1315 852 1315 854 1315 853 1316 854 1316 815 1316 815 1317 854 1317 444 1317 815 1318 444 1318 443 1318 855 1319 856 1319 857 1319 827 1320 800 1320 858 1320 858 1321 800 1321 825 1321 858 1322 825 1322 859 1322 859 1323 825 1323 826 1323 859 1324 826 1324 860 1324 861 1325 787 1325 827 1325 359 1326 358 1326 862 1326 862 1327 358 1327 863 1327 862 1328 863 1328 864 1328 360 1329 359 1329 806 1329 806 1330 359 1330 862 1330 806 1331 862 1331 807 1331 807 1332 862 1332 864 1332 807 1333 864 1333 799 1333 452 1334 451 1334 839 1334 839 1335 451 1335 804 1335 839 1336 804 1336 838 1336 838 1337 804 1337 835 1337 838 1338 835 1338 797 1338 797 1339 835 1339 837 1339 797 1340 837 1340 787 1340 453 1341 452 1341 803 1341 803 1342 452 1342 839 1342 803 1343 839 1343 865 1343 865 1344 839 1344 778 1344 865 1345 778 1345 866 1345 866 1346 778 1346 780 1346 866 1347 780 1347 867 1347 867 1348 780 1348 787 1348 498 1349 497 1349 844 1349 844 1350 497 1350 809 1350 844 1351 809 1351 845 1351 845 1352 809 1352 495 1352 845 1353 495 1353 814 1353 814 1354 495 1354 494 1354 814 1355 494 1355 493 1355 437 1356 436 1356 808 1356 808 1357 436 1357 868 1357 808 1358 868 1358 857 1358 857 1359 856 1359 808 1359 808 1360 856 1360 869 1360 808 1361 869 1361 438 1361 438 1362 869 1362 870 1362 438 1363 870 1363 433 1363 861 1364 827 1364 871 1364 871 1365 827 1365 858 1365 871 1366 858 1366 872 1366 872 1367 858 1367 859 1367 872 1368 859 1368 873 1368 873 1369 859 1369 860 1369 873 1370 860 1370 874 1370 875 1371 787 1371 861 1371 458 1372 455 1372 802 1372 802 1373 455 1373 803 1373 802 1374 803 1374 876 1374 876 1375 803 1375 865 1375 876 1376 865 1376 877 1376 877 1377 865 1377 866 1377 877 1378 866 1378 878 1378 878 1379 866 1379 867 1379 878 1380 867 1380 879 1380 879 1381 867 1381 787 1381 855 1382 880 1382 856 1382 856 1383 880 1383 881 1383 856 1384 881 1384 869 1384 869 1385 881 1385 882 1385 869 1386 882 1386 870 1386 870 1387 882 1387 883 1387 870 1388 883 1388 433 1388 433 1389 883 1389 884 1389 433 1390 884 1390 434 1390 434 1391 884 1391 435 1391 358 1392 357 1392 863 1392 863 1393 357 1393 820 1393 863 1394 820 1394 885 1394 885 1395 820 1395 821 1395 885 1396 821 1396 886 1396 456 1397 457 1397 801 1397 801 1398 457 1398 802 1398 801 1399 802 1399 887 1399 887 1400 802 1400 876 1400 887 1401 876 1401 888 1401 888 1402 876 1402 877 1402 888 1403 877 1403 889 1403 889 1404 877 1404 878 1404 889 1405 878 1405 890 1405 890 1406 878 1406 879 1406 890 1407 879 1407 891 1407 891 1408 879 1408 787 1408 836 1409 892 1409 837 1409 837 1410 892 1410 787 1410 440 1411 439 1411 816 1411 816 1412 439 1412 435 1412 816 1413 435 1413 893 1413 893 1414 435 1414 884 1414 893 1415 884 1415 894 1415 894 1416 884 1416 883 1416 894 1417 883 1417 895 1417 895 1418 883 1418 882 1418 895 1419 882 1419 896 1419 896 1420 882 1420 881 1420 896 1421 881 1421 897 1421 897 1422 881 1422 880 1422 897 1423 880 1423 787 1423 855 1424 787 1424 880 1424 436 1425 444 1425 868 1425 868 1426 444 1426 854 1426 868 1427 854 1427 857 1427 857 1428 854 1428 852 1428 857 1429 852 1429 855 1429 855 1430 852 1430 787 1430 794 1431 793 1431 844 1431 844 1432 793 1432 851 1432 844 1433 851 1433 498 1433 498 1434 851 1434 850 1434 498 1435 850 1435 499 1435 499 1436 850 1436 849 1436 499 1437 849 1437 500 1437 500 1438 849 1438 848 1438 500 1439 848 1439 441 1439 441 1440 848 1440 847 1440 441 1441 847 1441 442 1441 442 1442 847 1442 846 1442 442 1443 846 1443 815 1443 815 1444 846 1444 788 1444 815 1445 788 1445 853 1445 853 1446 788 1446 787 1446 842 1447 787 1447 794 1447 875 1448 861 1448 898 1448 898 1449 861 1449 871 1449 898 1450 871 1450 899 1450 899 1451 871 1451 872 1451 899 1452 872 1452 900 1452 900 1453 872 1453 873 1453 900 1454 873 1454 901 1454 901 1455 873 1455 874 1455 901 1456 874 1456 902 1456 337 1457 817 1457 818 1457 818 1458 817 1458 903 1458 818 1459 903 1459 886 1459 886 1460 903 1460 904 1460 886 1461 904 1461 885 1461 885 1462 904 1462 905 1462 885 1463 905 1463 863 1463 863 1464 905 1464 906 1464 863 1465 906 1465 864 1465 864 1466 906 1466 907 1466 864 1467 907 1467 799 1467 799 1468 907 1468 787 1468 350 1469 361 1469 781 1469 781 1470 361 1470 828 1470 781 1471 828 1471 782 1471 782 1472 828 1472 798 1472 782 1473 798 1473 787 1473 356 1474 353 1474 821 1474 821 1475 353 1475 355 1475 821 1476 355 1476 886 1476 886 1477 355 1477 819 1477 886 1478 819 1478 818 1478 818 1479 819 1479 339 1479 818 1480 339 1480 338 1480 902 1481 816 1481 901 1481 901 1482 816 1482 893 1482 901 1483 893 1483 900 1483 900 1484 893 1484 894 1484 900 1485 894 1485 899 1485 899 1486 894 1486 895 1486 899 1487 895 1487 898 1487 898 1488 895 1488 896 1488 898 1489 896 1489 875 1489 875 1490 896 1490 897 1490 875 1491 897 1491 787 1491 345 1492 816 1492 328 1492 328 1493 816 1493 902 1493 328 1494 902 1494 817 1494 817 1495 902 1495 874 1495 817 1496 874 1496 903 1496 903 1497 874 1497 860 1497 903 1498 860 1498 904 1498 904 1499 860 1499 826 1499 904 1500 826 1500 905 1500 905 1501 826 1501 784 1501 905 1502 784 1502 906 1502 906 1503 784 1503 786 1503 906 1504 786 1504 907 1504 907 1505 786 1505 787 1505 448 1506 447 1506 836 1506 836 1507 447 1507 833 1507 836 1508 833 1508 892 1508 892 1509 833 1509 834 1509 892 1510 834 1510 787 1510 908 1511 909 1511 774 1511 910 1512 909 1512 911 1512 911 1513 909 1513 908 1513 911 1514 908 1514 912 1514 913 1515 910 1515 914 1515 914 1516 910 1516 911 1516 914 1517 911 1517 915 1517 915 1518 911 1518 912 1518 915 1519 912 1519 916 1519 917 1520 913 1520 918 1520 918 1521 913 1521 914 1521 918 1522 914 1522 919 1522 919 1523 914 1523 915 1523 919 1524 915 1524 920 1524 920 1525 915 1525 916 1525 920 1526 916 1526 921 1526 922 1527 917 1527 923 1527 923 1528 917 1528 918 1528 923 1529 918 1529 924 1529 924 1530 918 1530 919 1530 924 1531 919 1531 925 1531 925 1532 919 1532 920 1532 925 1533 920 1533 926 1533 926 1534 920 1534 921 1534 926 1535 921 1535 927 1535 928 1536 922 1536 929 1536 929 1537 922 1537 923 1537 929 1538 923 1538 930 1538 930 1539 923 1539 924 1539 930 1540 924 1540 931 1540 931 1541 924 1541 925 1541 931 1542 925 1542 932 1542 932 1543 925 1543 926 1543 932 1544 926 1544 933 1544 933 1545 926 1545 927 1545 933 1546 927 1546 934 1546 935 1547 928 1547 936 1547 936 1548 928 1548 929 1548 936 1549 929 1549 937 1549 937 1550 929 1550 930 1550 937 1551 930 1551 938 1551 938 1552 930 1552 931 1552 938 1553 931 1553 939 1553 939 1554 931 1554 932 1554 939 1555 932 1555 940 1555 940 1556 932 1556 933 1556 940 1557 933 1557 941 1557 941 1558 933 1558 934 1558 941 1559 934 1559 787 1559 942 1560 943 1560 944 1560 944 1561 943 1561 945 1561 944 1562 945 1562 946 1562 946 1563 945 1563 947 1563 946 1564 947 1564 948 1564 948 1565 947 1565 949 1565 948 1566 949 1566 950 1566 951 1567 942 1567 952 1567 952 1568 942 1568 944 1568 952 1569 944 1569 953 1569 953 1570 944 1570 946 1570 953 1571 946 1571 954 1571 954 1572 946 1572 948 1572 954 1573 948 1573 955 1573 955 1574 948 1574 950 1574 955 1575 950 1575 956 1575 957 1576 951 1576 958 1576 958 1577 951 1577 952 1577 958 1578 952 1578 959 1578 959 1579 952 1579 953 1579 959 1580 953 1580 960 1580 960 1581 953 1581 954 1581 960 1582 954 1582 961 1582 961 1583 954 1583 955 1583 961 1584 955 1584 962 1584 962 1585 955 1585 956 1585 962 1586 956 1586 963 1586 963 1587 964 1587 962 1587 962 1588 964 1588 965 1588 962 1589 965 1589 961 1589 961 1590 965 1590 966 1590 961 1591 966 1591 960 1591 960 1592 966 1592 967 1592 960 1593 967 1593 959 1593 959 1594 967 1594 968 1594 959 1595 968 1595 958 1595 958 1596 968 1596 969 1596 958 1597 969 1597 957 1597 957 1598 969 1598 970 1598 811 1599 970 1599 813 1599 813 1600 970 1600 969 1600 813 1601 969 1601 812 1601 812 1602 969 1602 968 1602 812 1603 968 1603 814 1603 814 1604 968 1604 967 1604 814 1605 967 1605 845 1605 845 1606 967 1606 966 1606 845 1607 966 1607 843 1607 843 1608 966 1608 965 1608 843 1609 965 1609 842 1609 842 1610 965 1610 964 1610 842 1611 964 1611 787 1611 963 1612 787 1612 964 1612 949 1613 841 1613 950 1613 950 1614 841 1614 775 1614 950 1615 775 1615 956 1615 956 1616 775 1616 777 1616 956 1617 777 1617 963 1617 963 1618 777 1618 787 1618 772 1619 774 1619 971 1619 971 1620 774 1620 909 1620 971 1621 909 1621 972 1621 972 1622 909 1622 910 1622 972 1623 910 1623 973 1623 973 1624 910 1624 913 1624 973 1625 913 1625 974 1625 974 1626 913 1626 917 1626 974 1627 917 1627 975 1627 975 1628 917 1628 922 1628 975 1629 922 1629 976 1629 976 1630 922 1630 928 1630 976 1631 928 1631 977 1631 977 1632 928 1632 935 1632 977 1633 935 1633 978 1633 379 1634 824 1634 810 1634 810 1635 824 1635 979 1635 810 1636 979 1636 811 1636 811 1637 979 1637 980 1637 811 1638 980 1638 970 1638 970 1639 980 1639 981 1639 970 1640 981 1640 957 1640 957 1641 981 1641 982 1641 957 1642 982 1642 951 1642 951 1643 982 1643 983 1643 951 1644 983 1644 942 1644 942 1645 983 1645 984 1645 942 1646 984 1646 943 1646 380 1647 823 1647 824 1647 824 1648 823 1648 985 1648 824 1649 985 1649 979 1649 979 1650 985 1650 986 1650 979 1651 986 1651 980 1651 980 1652 986 1652 987 1652 980 1653 987 1653 981 1653 981 1654 987 1654 988 1654 981 1655 988 1655 982 1655 982 1656 988 1656 989 1656 982 1657 989 1657 983 1657 983 1658 989 1658 990 1658 983 1659 990 1659 984 1659 984 1660 990 1660 991 1660 984 1661 991 1661 978 1661 978 1662 991 1662 992 1662 978 1663 992 1663 977 1663 977 1664 992 1664 993 1664 977 1665 993 1665 976 1665 976 1666 993 1666 994 1666 976 1667 994 1667 975 1667 975 1668 994 1668 995 1668 975 1669 995 1669 974 1669 974 1670 995 1670 996 1670 974 1671 996 1671 973 1671 973 1672 996 1672 997 1672 973 1673 997 1673 972 1673 972 1674 997 1674 998 1674 972 1675 998 1675 971 1675 971 1676 998 1676 999 1676 971 1677 999 1677 772 1677 772 1678 999 1678 204 1678 772 1679 204 1679 773 1679 773 1680 204 1680 203 1680 773 1681 203 1681 774 1681 774 1682 203 1682 801 1682 774 1683 801 1683 908 1683 908 1684 801 1684 887 1684 908 1685 887 1685 912 1685 912 1686 887 1686 888 1686 912 1687 888 1687 916 1687 916 1688 888 1688 889 1688 916 1689 889 1689 921 1689 921 1690 889 1690 890 1690 921 1691 890 1691 927 1691 927 1692 890 1692 891 1692 927 1693 891 1693 934 1693 934 1694 891 1694 787 1694 984 1695 978 1695 943 1695 943 1696 978 1696 935 1696 943 1697 935 1697 945 1697 945 1698 935 1698 936 1698 945 1699 936 1699 947 1699 947 1700 936 1700 937 1700 947 1701 937 1701 949 1701 949 1702 937 1702 938 1702 949 1703 938 1703 841 1703 841 1704 938 1704 939 1704 841 1705 939 1705 840 1705 840 1706 939 1706 940 1706 840 1707 940 1707 796 1707 796 1708 940 1708 941 1708 796 1709 941 1709 787 1709 381 1710 822 1710 823 1710 823 1711 822 1711 1000 1711 823 1712 1000 1712 985 1712 985 1713 1000 1713 1001 1713 985 1714 1001 1714 986 1714 986 1715 1001 1715 1002 1715 986 1716 1002 1716 987 1716 987 1717 1002 1717 1003 1717 987 1718 1003 1718 988 1718 988 1719 1003 1719 1004 1719 988 1720 1004 1720 989 1720 989 1721 1004 1721 1005 1721 989 1722 1005 1722 990 1722 990 1723 1005 1723 1006 1723 990 1724 1006 1724 991 1724 991 1725 1006 1725 1007 1725 991 1726 1007 1726 992 1726 992 1727 1007 1727 1008 1727 992 1728 1008 1728 993 1728 993 1729 1008 1729 1009 1729 993 1730 1009 1730 994 1730 994 1731 1009 1731 1010 1731 994 1732 1010 1732 995 1732 995 1733 1010 1733 1011 1733 995 1734 1011 1734 996 1734 996 1735 1011 1735 1012 1735 996 1736 1012 1736 997 1736 997 1737 1012 1737 1013 1737 997 1738 1013 1738 998 1738 998 1739 1013 1739 1014 1739 998 1740 1014 1740 999 1740 999 1741 1014 1741 205 1741 999 1742 205 1742 204 1742 382 1743 601 1743 822 1743 822 1744 601 1744 630 1744 822 1745 630 1745 1000 1745 1000 1746 630 1746 628 1746 1000 1747 628 1747 1001 1747 1001 1748 628 1748 626 1748 1001 1749 626 1749 1002 1749 1002 1750 626 1750 624 1750 1002 1751 624 1751 1003 1751 1003 1752 624 1752 622 1752 1003 1753 622 1753 1004 1753 1004 1754 622 1754 620 1754 1004 1755 620 1755 1005 1755 1005 1756 620 1756 618 1756 1005 1757 618 1757 1006 1757 1006 1758 618 1758 616 1758 1006 1759 616 1759 1007 1759 1007 1760 616 1760 614 1760 1007 1761 614 1761 1008 1761 1008 1762 614 1762 612 1762 1008 1763 612 1763 1009 1763 1009 1764 612 1764 610 1764 1009 1765 610 1765 1010 1765 1010 1766 610 1766 608 1766 1010 1767 608 1767 1011 1767 1011 1768 608 1768 606 1768 1011 1769 606 1769 1012 1769 1012 1770 606 1770 604 1770 1012 1771 604 1771 1013 1771 1013 1772 604 1772 602 1772 1013 1773 602 1773 1014 1773 1014 1774 602 1774 211 1774 1014 1775 211 1775 205 1775 1018 1824 1033 1824 1019 1824 1033 1825 1018 1825 1034 1825 1035 1826 1020 1826 1019 1826 48 1827 2 1827 1021 1827 1036 1828 1030 1828 1037 1828 1037 1829 1030 1829 1029 1829 1037 1830 1029 1830 1038 1830 1038 1831 1029 1831 1028 1831 1018 1832 1017 1832 1039 1832 1039 1833 1017 1833 1016 1833 1039 1834 1016 1834 1040 1834 1040 1835 1016 1835 1015 1835 1040 1836 1015 1836 1041 1836 1041 1837 1015 1837 1032 1837 1041 1838 1032 1838 1036 1838 1036 1839 1032 1839 1031 1839 1036 1840 1031 1840 1030 1840 24 1841 23 1841 1042 1841 1042 1842 23 1842 54 1842 1042 1843 54 1843 1043 1843 1043 1844 54 1844 53 1844 1043 1845 53 1845 1044 1845 1044 1846 53 1846 52 1846 1044 1847 52 1847 1045 1847 1045 1848 52 1848 51 1848 1045 1849 51 1849 1046 1849 1046 1850 51 1850 50 1850 1046 1851 50 1851 1047 1851 1047 1852 50 1852 49 1852 1047 1853 49 1853 1048 1853 1048 1854 49 1854 48 1854 1048 1855 48 1855 1049 1855 1049 1856 48 1856 1021 1856 1049 1857 1021 1857 1020 1857 1020 1858 1035 1858 1049 1858 1049 1859 1035 1859 1050 1859 1049 1860 1050 1860 1048 1860 1048 1861 1050 1861 1051 1861 1048 1862 1051 1862 1047 1862 1047 1863 1051 1863 1052 1863 1047 1864 1052 1864 1046 1864 1046 1865 1052 1865 1053 1865 1046 1866 1053 1866 1045 1866 1045 1867 1053 1867 1054 1867 1045 1868 1054 1868 1044 1868 1044 1869 1054 1869 1055 1869 1044 1870 1055 1870 1043 1870 1043 1871 1055 1871 1056 1871 1043 1872 1056 1872 1042 1872 1042 1873 1056 1873 1025 1873 1042 1874 1025 1874 24 1874 1019 1875 1033 1875 1035 1875 1035 1876 1033 1876 1034 1876 1035 1877 1034 1877 1050 1877 1050 1878 1034 1878 1057 1878 1050 1879 1057 1879 1051 1879 1051 1880 1057 1880 1058 1880 1051 1881 1058 1881 1052 1881 1052 1882 1058 1882 1059 1882 1052 1883 1059 1883 1053 1883 1053 1884 1059 1884 1060 1884 1053 1885 1060 1885 1054 1885 1054 1886 1060 1886 1061 1886 1054 1887 1061 1887 1055 1887 1055 1888 1061 1888 1062 1888 1055 1889 1062 1889 1056 1889 1018 1890 1039 1890 1034 1890 1034 1891 1039 1891 1040 1891 1034 1892 1040 1892 1057 1892 1057 1893 1040 1893 1041 1893 1057 1894 1041 1894 1058 1894 1058 1895 1041 1895 1036 1895 1058 1896 1036 1896 1059 1896 1059 1897 1036 1897 1037 1897 1059 1898 1037 1898 1060 1898 1060 1899 1037 1899 1038 1899 1060 1900 1038 1900 1061 1900 1061 1901 1038 1901 1028 1901 1061 1902 1028 1902 1062 1902 1062 1903 1028 1903 1027 1903 1062 1904 1027 1904 1056 1904 1056 1905 1027 1905 1026 1905 1056 1906 1026 1906 1025 1906 287 1913 391 1913 288 1913 288 1913 391 1913 390 1913</p>
        </triangles>
        <triangles material="Black-material" count="797">
          <input semantic="VERTEX" source="#Nano_Atom_Caster_Wheel-mesh-vertices" offset="0"/>
          <input semantic="NORMAL" source="#Nano_Atom_Caster_Wheel-mesh-normals" offset="1"/>
          <p>55 83 56 83 57 83 57 84 56 84 58 84 57 85 58 85 59 85 59 85 58 85 60 85 59 86 60 86 61 86 61 87 60 87 62 87 63 88 64 88 65 88 65 89 64 89 66 89 65 90 66 90 67 90 67 90 66 90 68 90 67 91 68 91 69 91 69 92 68 92 70 92 71 93 72 93 73 93 73 94 72 94 74 94 73 95 74 95 75 95 75 95 74 95 76 95 75 96 76 96 77 96 77 97 76 97 78 97 79 98 80 98 81 98 81 99 80 99 82 99 81 100 82 100 83 100 83 100 82 100 84 100 83 101 84 101 85 101 85 102 84 102 86 102 87 103 88 103 89 103 90 104 91 104 92 104 93 105 94 105 95 105 95 106 94 106 96 106 93 107 95 107 97 107 97 108 95 108 98 108 97 109 98 109 99 109 100 110 101 110 102 110 102 111 103 111 100 111 100 112 103 112 104 112 100 113 104 113 98 113 98 114 104 114 105 114 98 115 105 115 99 115 90 116 92 116 106 116 89 117 107 117 87 117 87 118 107 118 108 118 87 119 108 119 92 119 92 120 108 120 109 120 92 121 109 121 106 121 110 122 111 122 112 122 112 123 111 123 113 123 112 124 113 124 88 124 88 125 113 125 114 125 88 126 114 126 89 126 112 127 115 127 110 127 110 128 115 128 116 128 110 129 116 129 117 129 116 130 118 130 117 130 117 131 118 131 119 131 117 132 119 132 120 132 119 133 121 133 120 133 120 134 121 134 122 134 120 135 122 135 123 135 122 136 124 136 123 136 123 137 124 137 125 137 123 138 125 138 126 138 125 139 127 139 126 139 126 140 127 140 128 140 126 141 128 141 129 141 128 142 130 142 129 142 129 143 130 143 131 143 129 144 131 144 132 144 131 145 133 145 132 145 132 146 133 146 134 146 132 147 134 147 135 147 134 148 136 148 135 148 135 149 136 149 137 149 135 150 137 150 138 150 94 151 139 151 96 151 96 152 139 152 140 152 96 153 140 153 141 153 141 154 140 154 142 154 141 155 142 155 143 155 143 156 142 156 138 156 143 157 138 157 144 157 144 158 138 158 137 158 145 159 146 159 147 159 148 160 149 160 150 160 151 161 152 161 153 161 153 162 152 162 154 162 151 163 153 163 155 163 155 164 153 164 156 164 155 165 156 165 157 165 158 166 159 166 160 166 160 167 161 167 158 167 158 168 161 168 162 168 158 169 162 169 156 169 156 170 162 170 163 170 156 171 163 171 157 171 148 172 150 172 164 172 147 173 165 173 145 173 145 174 165 174 166 174 145 175 166 175 150 175 150 176 166 176 167 176 150 177 167 177 164 177 168 178 169 178 170 178 170 179 169 179 171 179 170 180 171 180 146 180 146 181 171 181 172 181 146 182 172 182 147 182 170 183 173 183 168 183 168 184 173 184 174 184 168 185 174 185 175 185 174 186 176 186 175 186 175 187 176 187 177 187 175 188 177 188 178 188 177 189 179 189 178 189 178 190 179 190 180 190 178 191 180 191 181 191 180 192 182 192 181 192 181 193 182 193 183 193 181 194 183 194 184 194 183 195 185 195 184 195 184 196 185 196 186 196 184 197 186 197 187 197 186 198 188 198 187 198 187 199 188 199 189 199 187 200 189 200 190 200 189 201 191 201 190 201 190 202 191 202 192 202 190 203 192 203 193 203 192 204 194 204 193 204 193 205 194 205 195 205 193 206 195 206 196 206 152 207 197 207 154 207 154 208 197 208 198 208 154 209 198 209 199 209 199 210 198 210 200 210 199 211 200 211 201 211 201 212 200 212 196 212 201 213 196 213 202 213 202 214 196 214 195 214 200 215 198 215 203 215 200 216 203 216 196 216 196 217 203 217 204 217 196 218 204 218 193 218 193 217 204 217 190 217 190 217 204 217 205 217 190 217 205 217 187 217 169 215 168 215 206 215 206 219 168 219 175 219 206 217 175 217 207 217 207 220 175 220 178 220 207 221 178 221 208 221 208 222 178 222 181 222 208 223 181 223 209 223 209 217 181 217 184 217 209 224 184 224 210 224 210 217 184 217 187 217 210 225 187 225 211 225 211 226 187 226 205 226 212 227 85 227 86 227 86 228 213 228 212 228 212 229 213 229 214 229 212 229 214 229 215 229 215 230 214 230 216 230 215 231 216 231 217 231 217 232 216 232 218 232 217 233 218 233 219 233 219 234 218 234 220 234 219 234 220 234 221 234 221 235 220 235 222 235 221 236 222 236 223 236 223 237 222 237 224 237 223 238 224 238 225 238 225 239 224 239 226 239 225 239 226 239 227 239 227 240 226 240 56 240 227 241 56 241 55 241 80 242 79 242 228 242 229 243 230 243 150 243 149 244 231 244 150 244 150 245 231 245 232 245 150 246 232 246 229 246 233 247 234 247 158 247 158 248 234 248 235 248 235 249 236 249 158 249 158 250 236 250 237 250 158 251 237 251 159 251 238 252 77 252 78 252 233 253 158 253 239 253 239 254 158 254 156 254 239 255 156 255 240 255 240 256 156 256 153 256 240 257 153 257 78 257 78 258 153 258 154 258 78 259 154 259 238 259 238 260 154 260 199 260 238 261 199 261 241 261 199 262 201 262 241 262 241 263 201 263 202 263 241 264 202 264 242 264 202 265 195 265 242 265 242 266 195 266 194 266 242 267 194 267 243 267 194 268 192 268 243 268 243 269 192 269 191 269 243 270 191 270 244 270 191 271 189 271 244 271 244 272 189 272 188 272 244 273 188 273 245 273 188 274 186 274 245 274 245 275 186 275 185 275 245 276 185 276 246 276 185 277 183 277 246 277 246 278 183 278 182 278 246 279 182 279 247 279 182 280 180 280 247 280 247 281 180 281 179 281 247 282 179 282 248 282 179 283 177 283 248 283 248 284 177 284 176 284 248 285 176 285 249 285 176 286 174 286 249 286 249 287 174 287 173 287 249 288 173 288 228 288 228 289 173 289 170 289 228 290 170 290 80 290 80 291 170 291 146 291 80 292 146 292 250 292 250 293 146 293 145 293 250 294 145 294 251 294 251 295 145 295 150 295 251 296 150 296 252 296 252 297 150 297 230 297 252 298 230 298 253 298 254 299 255 299 256 299 256 299 255 299 257 299 258 300 72 300 71 300 259 301 69 301 70 301 70 302 260 302 259 302 259 303 260 303 261 303 259 303 261 303 262 303 262 304 261 304 263 304 262 305 263 305 264 305 264 306 263 306 265 306 264 307 265 307 266 307 266 308 265 308 267 308 266 308 267 308 268 308 268 309 267 309 269 309 268 310 269 310 270 310 270 311 269 311 271 311 270 312 271 312 272 312 272 313 271 313 258 313 272 313 258 313 273 313 273 314 258 314 71 314 274 315 275 315 276 315 277 217 278 217 257 217 255 217 279 217 58 217 58 316 279 316 280 316 58 317 280 317 60 317 60 217 280 217 281 217 60 217 281 217 62 217 257 217 278 217 276 217 276 318 278 318 282 318 276 217 282 217 274 217 255 217 218 217 283 217 214 217 213 217 253 217 253 319 213 319 86 319 253 217 86 217 252 217 252 217 86 217 84 217 252 217 84 217 251 217 251 217 84 217 250 217 284 320 285 320 253 320 253 217 285 217 286 217 253 217 286 217 214 217 214 321 286 321 287 321 214 217 287 217 216 217 216 217 287 217 288 217 216 217 288 217 218 217 218 217 288 217 289 217 218 217 289 217 283 217 290 322 291 322 257 322 257 323 291 323 292 323 257 324 292 324 277 324 58 217 56 217 255 217 255 325 56 325 226 325 255 217 226 217 224 217 283 217 293 217 255 217 255 326 293 326 294 326 255 217 294 217 257 217 257 217 294 217 295 217 257 327 295 327 296 327 296 217 297 217 298 217 298 328 297 328 284 328 298 329 284 329 299 329 299 217 284 217 253 217 224 217 222 217 255 217 255 330 222 330 220 330 255 217 220 217 218 217 296 217 298 217 257 217 257 331 298 331 300 331 257 332 300 332 290 332 64 333 63 333 301 333 302 334 303 334 92 334 91 335 304 335 92 335 92 336 304 336 305 336 92 337 305 337 302 337 279 338 255 338 100 338 100 339 255 339 254 339 254 340 306 340 100 340 100 341 306 341 307 341 100 342 307 342 101 342 308 343 61 343 62 343 279 344 100 344 280 344 280 345 100 345 98 345 280 346 98 346 281 346 281 347 98 347 95 347 281 348 95 348 62 348 62 349 95 349 96 349 62 350 96 350 308 350 308 351 96 351 141 351 308 352 141 352 309 352 141 353 143 353 309 353 309 354 143 354 144 354 309 355 144 355 310 355 144 356 137 356 310 356 310 357 137 357 136 357 310 358 136 358 311 358 136 359 134 359 311 359 311 360 134 360 133 360 311 361 133 361 312 361 133 362 131 362 312 362 312 363 131 363 130 363 312 364 130 364 313 364 130 365 128 365 313 365 313 366 128 366 127 366 313 367 127 367 314 367 127 368 125 368 314 368 314 369 125 369 124 369 314 370 124 370 315 370 124 371 122 371 315 371 315 372 122 372 121 372 315 373 121 373 316 373 121 374 119 374 316 374 316 375 119 375 118 375 316 376 118 376 317 376 118 377 116 377 317 377 317 378 116 378 115 378 317 379 115 379 301 379 301 380 115 380 112 380 301 381 112 381 64 381 64 382 112 382 88 382 64 383 88 383 318 383 318 384 88 384 87 384 318 385 87 385 319 385 319 386 87 386 92 386 319 387 92 387 320 387 320 388 92 388 303 388 320 389 303 389 321 389 66 217 64 217 318 217 66 217 318 217 68 217 321 326 322 326 323 326 323 217 324 217 265 217 265 217 324 217 325 217 74 390 239 390 76 390 76 217 239 217 240 217 72 217 234 217 74 217 74 217 234 217 233 217 74 391 233 391 239 391 261 217 260 217 321 217 321 392 260 392 70 392 321 217 70 217 320 217 320 217 70 217 68 217 320 217 68 217 319 217 319 217 68 217 318 217 72 217 258 217 234 217 234 217 258 217 271 217 234 393 271 393 269 393 325 217 326 217 265 217 265 394 326 394 234 394 265 217 234 217 267 217 267 217 234 217 269 217 323 217 265 217 321 217 321 330 265 330 263 330 321 395 263 395 261 395 327 217 328 217 329 217 329 396 328 396 330 396 329 217 330 217 331 217 331 397 332 397 333 397 333 398 332 398 334 398 333 217 334 217 335 217 335 217 334 217 234 217 335 399 234 399 336 399 336 217 234 217 326 217 330 217 337 217 331 217 331 400 337 400 338 400 331 401 338 401 339 401 322 217 321 217 340 217 340 217 321 217 341 217 340 402 341 402 327 402 327 217 341 217 342 217 327 403 342 403 343 403 343 217 344 217 327 217 327 404 344 404 345 404 327 405 345 405 328 405 339 217 346 217 331 217 331 406 346 406 347 406 331 407 347 407 332 407 350 411 351 411 235 411 334 411 332 411 352 411 234 411 334 411 353 411 334 412 354 412 355 412 334 413 355 413 353 413 353 414 356 414 234 414 234 415 356 415 357 415 234 416 357 416 358 416 358 417 359 417 234 417 234 418 359 418 360 418 234 419 360 419 235 419 235 420 360 420 361 420 235 421 361 421 350 421 276 299 275 299 362 299 362 422 363 422 276 422 276 299 363 299 364 299 276 423 364 423 365 423 365 299 366 299 276 299 276 424 366 424 367 424 276 425 367 425 368 425 368 426 369 426 276 426 276 427 369 427 370 427 276 299 370 299 371 299 371 428 372 428 276 428 276 429 372 429 373 429 276 430 373 430 348 430 348 431 373 431 374 431 348 299 374 299 375 299 376 432 138 432 377 432 377 433 138 433 142 433 377 434 142 434 140 434 111 435 110 435 378 435 378 433 110 433 117 433 378 217 117 217 379 217 379 436 117 436 120 436 379 437 120 437 380 437 380 438 120 438 123 438 380 439 123 439 381 439 381 217 123 217 126 217 381 440 126 440 382 440 382 441 126 441 383 441 383 442 126 442 129 442 383 443 129 443 384 443 384 217 129 217 132 217 384 217 132 217 376 217 376 217 132 217 135 217 376 436 135 436 138 436 385 444 266 444 386 444 386 444 266 444 268 444 386 444 268 444 387 444 388 444 262 444 385 444 385 445 262 445 264 445 385 446 264 446 266 446 389 444 390 444 217 444 217 447 390 447 215 447 215 444 390 444 391 444 215 444 391 444 212 444 392 448 393 448 73 448 217 449 219 449 389 449 389 444 219 444 221 444 389 444 221 444 394 444 395 450 396 450 397 450 397 451 396 451 398 451 397 452 398 452 392 452 268 453 270 453 387 453 387 454 270 454 272 454 387 444 272 444 399 444 399 455 272 455 273 455 399 444 273 444 393 444 393 444 273 444 71 444 393 444 71 444 73 444 73 456 75 456 392 456 392 444 75 444 77 444 392 457 77 457 238 457 400 458 401 458 57 458 212 444 391 444 85 444 85 444 391 444 402 444 85 459 402 459 83 459 83 460 402 460 81 460 81 444 402 444 403 444 81 444 403 444 79 444 404 444 405 444 406 444 406 461 405 461 407 461 406 462 407 462 408 462 408 463 407 463 409 463 408 464 409 464 400 464 410 444 411 444 65 444 221 465 223 465 394 465 394 445 223 445 225 445 394 444 225 444 412 444 412 466 225 466 227 466 412 444 227 444 401 444 401 444 227 444 55 444 401 444 55 444 57 444 57 467 59 467 400 467 400 444 59 444 61 444 400 468 61 468 308 468 248 469 249 469 403 469 403 444 249 444 228 444 403 470 228 470 79 470 404 471 413 471 405 471 405 472 413 472 414 472 405 444 414 444 403 444 414 444 415 444 403 444 403 473 415 473 416 473 403 474 416 474 248 474 416 444 417 444 248 444 248 475 417 475 418 475 248 476 418 476 247 476 247 477 418 477 419 477 420 458 67 458 421 458 421 444 67 444 69 444 421 444 69 444 388 444 388 444 69 444 259 444 388 466 259 466 262 466 308 444 309 444 400 444 400 478 309 478 310 478 400 479 310 479 408 479 408 480 310 480 311 480 408 444 311 444 422 444 422 444 311 444 312 444 422 444 312 444 423 444 423 444 312 444 313 444 423 444 313 444 424 444 238 444 241 444 392 444 392 481 241 481 242 481 392 482 242 482 397 482 397 483 242 483 243 483 397 444 243 444 425 444 425 444 243 444 244 444 425 444 244 444 426 444 426 444 244 444 245 444 426 444 245 444 419 444 419 444 245 444 246 444 419 444 246 444 247 444 65 444 67 444 410 444 410 484 67 484 420 484 410 444 420 444 427 444 427 485 420 485 428 485 427 486 428 486 429 486 429 487 428 487 396 487 429 444 396 444 430 444 430 444 396 444 395 444 431 488 301 488 411 488 411 489 301 489 63 489 411 490 63 490 65 490 313 444 314 444 424 444 424 444 314 444 315 444 424 491 315 491 432 491 432 480 315 480 316 480 432 492 316 492 431 492 431 493 316 493 317 493 431 494 317 494 301 494 321 299 433 299 341 299 341 495 433 495 434 495 341 496 434 496 435 496 436 497 437 497 321 497 321 498 437 498 438 498 321 499 438 499 433 499 435 299 439 299 341 299 341 299 440 299 342 299 441 299 442 299 303 299 303 501 442 501 443 501 303 502 443 502 321 502 321 503 443 503 444 503 321 504 444 504 436 504 235 505 351 505 445 505 235 506 445 506 236 506 236 507 445 507 446 507 236 508 446 508 237 508 237 509 446 509 447 509 237 510 447 510 159 510 159 511 447 511 448 511 159 512 448 512 160 512 160 513 448 513 449 513 160 514 449 514 161 514 161 515 449 515 450 515 161 516 450 516 162 516 450 517 451 517 162 517 162 518 451 518 452 518 162 519 452 519 163 519 163 520 452 520 453 520 163 521 453 521 157 521 157 522 453 522 454 522 157 523 454 523 455 523 203 524 198 524 456 524 456 525 198 525 197 525 456 526 197 526 457 526 457 527 197 527 152 527 457 528 152 528 458 528 458 529 152 529 151 529 458 530 151 530 455 530 455 531 151 531 155 531 455 532 155 532 157 532 206 533 459 533 169 533 169 534 459 534 460 534 169 535 460 535 171 535 171 536 460 536 461 536 171 537 461 537 172 537 172 538 461 538 462 538 172 539 462 539 147 539 147 540 462 540 463 540 147 541 463 541 165 541 463 542 464 542 165 542 165 543 464 543 465 543 165 544 465 544 166 544 166 545 465 545 466 545 166 546 466 546 167 546 466 547 467 547 167 547 167 548 467 548 468 548 167 549 468 549 164 549 164 550 468 550 469 550 164 551 469 551 148 551 148 552 469 552 470 552 148 553 470 553 149 553 149 554 470 554 471 554 149 555 471 555 231 555 231 556 471 556 232 556 232 557 471 557 472 557 232 558 472 558 229 558 229 559 472 559 473 559 229 560 473 560 230 560 348 561 375 561 474 561 254 562 256 562 306 562 306 563 256 563 475 563 306 564 475 564 307 564 475 565 348 565 307 565 307 566 348 566 474 566 307 567 474 567 101 567 101 568 474 568 476 568 101 569 476 569 102 569 102 570 476 570 477 570 102 571 477 571 103 571 103 572 477 572 478 572 103 573 478 573 104 573 478 574 479 574 104 574 104 575 479 575 480 575 104 576 480 576 105 576 105 577 480 577 481 577 105 578 481 578 99 578 99 579 481 579 482 579 99 580 482 580 483 580 377 581 140 581 484 581 484 582 140 582 139 582 484 583 139 583 485 583 485 584 139 584 94 584 485 585 94 585 486 585 486 586 94 586 93 586 486 587 93 587 483 587 483 588 93 588 97 588 483 589 97 589 99 589 378 590 487 590 111 590 111 591 487 591 488 591 111 592 488 592 113 592 113 593 488 593 489 593 113 594 489 594 114 594 114 595 489 595 490 595 114 596 490 596 89 596 89 597 490 597 491 597 89 598 491 598 107 598 491 599 492 599 107 599 107 600 492 600 493 600 107 601 493 601 108 601 108 602 493 602 494 602 108 603 494 603 109 603 494 604 495 604 109 604 109 605 495 605 496 605 109 606 496 606 106 606 106 607 496 607 497 607 106 608 497 608 90 608 90 609 497 609 498 609 90 610 498 610 91 610 91 611 498 611 499 611 91 612 499 612 304 612 304 613 499 613 305 613 305 614 499 614 500 614 305 615 500 615 302 615 302 616 500 616 441 616 302 617 441 617 303 617 253 411 501 411 299 411 299 618 501 618 502 618 299 619 502 619 503 619 504 620 505 620 253 620 253 621 505 621 506 621 253 622 506 622 501 622 503 411 507 411 299 411 299 623 507 623 508 623 299 411 508 411 298 411 473 411 509 411 230 411 230 624 509 624 510 624 230 625 510 625 253 625 253 626 510 626 511 626 414 1776 1015 1776 415 1776 415 1777 1015 1777 1016 1777 415 1778 1016 1778 416 1778 416 1778 1016 1778 1017 1778 416 1779 1017 1779 417 1779 417 1780 1017 1780 1018 1780 417 1781 1018 1781 418 1781 1018 1782 1019 1782 418 1782 418 1783 1019 1783 1020 1783 418 1784 1020 1784 419 1784 419 1785 1020 1785 1021 1785 419 1786 1021 1786 1022 1786 1022 1786 1021 1786 2 1786 1022 1787 2 1787 425 1787 2 1787 1 1787 425 1787 425 1788 1 1788 4 1788 425 1789 4 1789 397 1789 397 1790 4 1790 3 1790 397 1791 3 1791 395 1791 395 1792 3 1792 6 1792 395 1793 6 1793 430 1793 430 1794 6 1794 8 1794 430 1795 8 1795 429 1795 8 1795 10 1795 429 1795 429 1796 10 1796 12 1796 429 1797 12 1797 1023 1797 12 1798 13 1798 1023 1798 1023 1799 13 1799 15 1799 1023 1800 15 1800 410 1800 410 1801 15 1801 17 1801 410 1802 17 1802 411 1802 411 1802 17 1802 19 1802 411 1803 19 1803 431 1803 431 1804 19 1804 22 1804 431 1805 22 1805 432 1805 22 1806 39 1806 432 1806 432 1807 39 1807 47 1807 432 1808 47 1808 424 1808 424 1809 47 1809 25 1809 424 1810 25 1810 1024 1810 1024 1810 25 1810 24 1810 1024 1811 24 1811 422 1811 24 1811 1025 1811 422 1811 422 1812 1025 1812 1026 1812 422 1813 1026 1813 408 1813 408 1814 1026 1814 1027 1814 408 1815 1027 1815 406 1815 406 1816 1027 1816 1028 1816 406 1817 1028 1817 404 1817 404 1818 1028 1818 1029 1818 404 1819 1029 1819 413 1819 1029 1819 1030 1819 413 1819 413 1820 1030 1820 1031 1820 413 1821 1031 1821 414 1821 414 1822 1031 1822 1032 1822 414 1823 1032 1823 1015 1823 1063 1907 407 1907 284 1907 284 1907 407 1907 405 1907 284 1908 405 1908 285 1908 285 1908 405 1908 403 1908 285 1909 403 1909 286 1909 286 1910 403 1910 402 1910 286 1911 402 1911 287 1911 287 1912 402 1912 391 1912 288 1914 390 1914 289 1914 289 1914 390 1914 1064 1914 289 1915 1064 1915 283 1915 283 1915 1064 1915 394 1915 283 1916 394 1916 293 1916 293 1916 394 1916 412 1916 293 1917 412 1917 294 1917 294 1918 412 1918 401 1918 294 1919 401 1919 295 1919 295 1920 401 1920 400 1920 295 1921 400 1921 296 1921 296 1921 400 1921 409 1921 296 1922 409 1922 1063 1922 1063 1922 409 1922 407 1922 1065 1907 1066 1907 326 1907 326 1907 1066 1907 387 1907 326 1908 387 1908 336 1908 336 1908 387 1908 399 1908 336 1923 399 1923 335 1923 335 1924 399 1924 393 1924 335 1925 393 1925 333 1925 333 1926 393 1926 392 1926 333 1913 392 1913 331 1913 331 1913 392 1913 398 1913 331 1914 398 1914 329 1914 329 1914 398 1914 396 1914 329 1915 396 1915 327 1915 327 1915 396 1915 428 1915 327 1916 428 1916 340 1916 340 1916 428 1916 420 1916 340 1927 420 1927 322 1927 322 1928 420 1928 421 1928 322 1929 421 1929 323 1929 323 1930 421 1930 388 1930 323 1921 388 1921 324 1921 324 1921 388 1921 385 1921 324 1922 385 1922 1065 1922 1065 1922 385 1922 1066 1922</p>
        </triangles>
      </mesh>
    </geometry>
  </library_geometries>
  <library_visual_scenes>
    <visual_scene id="Scene" name="Scene">
      <node id="Nano_Atom_Caster_Wheel" name="Nano Atom Caster Wheel" type="NODE">
        <matrix sid="transform">1 0 0 0 0 1 0 0 0 0 1 0 0 0 0 1</matrix>
        <instance_geometry url="#Nano_Atom_Caster_Wheel-mesh" name="Nano Atom Caster Wheel">
          <bind_material>
            <technique_common>
              <instance_material symbol="White-material" target="#White-material"/>
              <instance_material symbol="Black-material" target="#Black-material"/>
            </technique_common>
          </bind_material>
        </instance_geometry>
      </node>
    </visual_scene>
  </library_visual_scenes>
  <scene>
    <instance_visual_scene url="#Scene"/>
  </scene>
</COLLADA>