<?xml version="1.0" encoding="utf-8"?>
<COLLADA xmlns="http://www.collada.org/2005/11/COLLADASchema" version="1.4.1" xmlns:xsi="http://www.w3.org/2001/XMLSchema-instance">
  <asset>
    <contributor>
      <author>Blender User</author>
      <authoring_tool>Blender 2.90.1 commit date:2020-09-23, commit time:06:43, hash:3e85bb34d0d7</authoring_tool>
    </contributor>
    <created>2025-09-07T12:35:25</created>
    <modified>2025-09-07T12:35:25</modified>
    <unit name="meter" meter="1"/>
    <up_axis>Z_UP</up_axis>
  </asset>
  <library_effects>
    <effect id="Blue-effect">
      <profile_COMMON>
        <technique sid="common">
          <lambert>
            <emission>
              <color sid="emission">0 0 0 1</color>
            </emission>
            <diffuse>
              <color sid="diffuse">0 0.001424498 0.8000001 1</color>
            </diffuse>
            <index_of_refraction>
              <float sid="ior">1.45</float>
            </index_of_refraction>
          </lambert>
        </technique>
      </profile_COMMON>
    </effect>
    <effect id="Material-effect">
      <profile_COMMON>
        <technique sid="common">
          <lambert>
            <emission>
              <color sid="emission">0 0 0 1</color>
            </emission>
            <diffuse>
              <color sid="diffuse">0.0110877 0.0110877 0.0110877 1</color>
            </diffuse>
            <index_of_refraction>
              <float sid="ior">1.45</float>
            </index_of_refraction>
          </lambert>
        </technique>
      </profile_COMMON>
    </effect>
    <effect id="Grey-effect">
      <profile_COMMON>
        <technique sid="common">
          <lambert>
            <emission>
              <color sid="emission">0 0 0 1</color>
            </emission>
            <diffuse>
              <color sid="diffuse">0.8 0.8 0.8 1</color>
            </diffuse>
            <index_of_refraction>
              <float sid="ior">1.45</float>
            </index_of_refraction>
          </lambert>
        </technique>
      </profile_COMMON>
    </effect>
  </library_effects>
  <library_images/>
  <library_materials>
    <material id="Blue-material" name="Blue">
      <instance_effect url="#Blue-effect"/>
    </material>
    <material id="Material-material" name="Material">
      <instance_effect url="#Material-effect"/>
    </material>
    <material id="Grey-material" name="Grey">
      <instance_effect url="#Grey-effect"/>
    </material>
  </library_materials>
  <library_geometries>
    <geometry id="Ydlidar_X2-mesh" name="Ydlidar X2">
      <mesh>
        <source id="Ydlidar_X2-mesh-positions">
          <float_array id="Ydlidar_X2-mesh-positions-array" count="3450">0.001535117 0.0111097 0.007874965 0.001535117 0.01235908 0.007874965 3.07506e-4 0.01173436 0.007874965 -0.005526721 0.01399761 0.007874965 -0.004112601 0.01491552 0.007874965 0.001535117 -0.004150152 0.007874965 0.001535117 -0.00222069 0.007874965 -0.001964807 -0.003634154 0.007874965 -0.001964807 -0.002963185 0.007874965 -0.004107356 -7.80801e-5 0.007874965 -0.001964807 -0.004150152 0.007874965 -0.001246869 -0.002691149 0.007874965 -0.001246869 -0.001166164 0.007874965 -0.001964807 -8.94186e-4 0.007874965 -0.001964807 -2.23913e-4 0.007874965 0.002500712 -7.80801e-5 0.007874965 0.001535117 -0.001638054 0.007874965 0.001580893 0.002843439 0.007874965 0.001535117 0.00365746 0.007874965 -0.001964807 0.00365746 0.007874965 0.001535117 0.004285693 0.007874965 0.001535117 0.005721569 0.007874965 -0.001336574 0.005721569 0.007874965 -0.001336574 0.004734396 0.007874965 -0.001964807 0.004285693 0.007874965 -0.001964807 0.004734396 0.007874965 -0.004107356 0.006663858 0.007874965 -0.001964807 0.006349802 0.007874965 0.001535117 0.006349802 0.007874965 -0.001922011 0.008011221 0.007874965 -0.004107356 0.01008534 0.007874965 6.72461e-4 0.007158398 0.007874965 -0.00128442 0.007224082 0.007874965 -3.36148e-4 0.006965816 0.007874965 -0.001964807 0.009760022 0.007874965 0.001535117 0.01041066 0.007874965 0.001580893 0.009753704 0.007874965 0.001357853 0.007813155 0.007874965 0.006222426 0.01255381 0.007874965 0.006243526 -0.01233112 0.007874965 0.002500712 -0.010679 0.007874965 0.00595808 -0.01331448 0.007874965 0.00356388 -0.0149908 0.007874965 0.004479587 -0.01474767 0.007874965 0.005345225 -0.0141614 0.007874965 0.001138865 -0.01103645 0.007874965 0.001535236 -0.01150041 0.007874965 0.001630365 -0.01220107 0.007874965 0.001244962 -0.01282203 0.007874965 -0.001381456 -0.01307964 0.007874965 -4.967e-4 -0.0126568 0.007874965 2.03362e-4 -0.01237273 0.007874965 4.19155e-4 -0.01143455 0.007874965 -0.001964807 -0.01307964 0.007874965 4.66612e-4 -0.01305693 0.007874965 -0.001381456 -0.01190179 0.007874965 3.73963e-4 -0.01082354 0.007874965 8.02317e-4 -0.01234763 0.007874965 9.9376e-4 -0.0120545 0.007874965 9.47875e-4 -0.01172757 0.007874965 -0.001964807 -0.0107463 0.007874965 -0.004107356 -0.010679 0.007874965 -0.001646518 -0.0107463 0.007874965 -0.00623852 -0.01232695 0.007874965 -0.005905807 -0.01345622 0.007874965 -0.005014717 -0.01443868 0.007874965 -0.003928124 -0.01494616 0.007874965 -0.006217777 0.01261216 0.007874965 0.003845691 0.01497316 0.007874965 0.001535117 0.01305812 0.007874965 0.005014717 0.01443868 0.007874965 0.00574243 0.01368802 0.007874965 -0.001964807 0.0114203 0.007874965 -4.49004e-4 0.0114203 0.007874965 -0.001964807 0.01204848 0.007874965 -4.49004e-4 0.01204848 0.007874965 -0.001964807 0.002849757 0.007874965 -0.004107356 0.003253638 0.007874965 -0.001922011 0.001100957 0.007874965 6.72462e-4 2.4818e-4 0.007874965 -0.00128442 3.13871e-4 0.007874965 -3.36149e-4 5.56069e-5 0.007874965 0.001357853 9.02918e-4 0.007874965 -1.074e-4 -0.006092905 0.007874965 -0.004107356 -0.007190227 0.007874965 -4.19676e-4 -0.004836261 0.007874965 -0.001964807 -0.005762755 0.007874965 -0.001964807 -0.004778385 0.007874965 0.002500712 -0.007190227 0.007874965 -0.001964807 -0.006461083 0.007874965 -3.70742e-4 -0.005655705 0.007874965 0.001128375 -0.00614196 0.007874965 4.99715e-4 -0.006324231 0.007874965 0.00149095 -0.0056445 0.007874965 0.006249964 0.002597391 0.007874965 -0.001964807 -0.007919371 0.007874965 -5.94137e-4 -0.008908689 0.007874965 5.92863e-4 -0.008047699 0.007874965 -0.001964807 -0.01061171 0.007874965 -0.001964807 -0.009902894 0.007874965 -0.001084208 -0.009264171 0.007874965 -0.001964807 -0.008628249 0.007874965 5.92863e-4 -0.008756518 0.007874965 -1.04053e-4 -0.009262025 0.007874965 5.92863e-4 -0.009765446 0.007874965 -5.94137e-4 -0.009617507 0.007874965 5.92863e-4 -0.01047426 0.007874965 -0.006249964 0.002597391 0.007874965 -0.006249964 -0.005541205 0.007874965 -0.03371351 -2.52625e-4 -0.018875 -0.03371351 2.45815e-4 -0.02087497 -0.03376686 -4.49852e-4 -0.02087497 -0.03405535 -0.001030027 -0.018875 -0.03419452 -0.001202404 -0.02087497 -0.03474014 -0.001532316 -0.018875 -0.03493762 -0.001584768 -0.02087497 -0.03572332 -0.001612007 -0.018875 -0.03580319 -0.001590669 -0.02087497 -0.03647005 -0.001174151 -0.018875 -0.03650587 -0.001138269 -0.02087497 -0.03692239 -4.7149e-4 -0.018875 -0.03688883 -5.30399e-4 -0.02087497 -0.03692239 4.64679e-4 -0.02087497 -0.03688883 5.23588e-4 -0.018875 -0.03650587 0.001131474 -0.018875 -0.03647005 0.001167356 -0.02087497 -0.03580319 0.001583814 -0.018875 -0.03572332 0.001605212 -0.02087497 -0.03493762 0.001577973 -0.018875 -0.03488862 0.0015648 -0.02087497 -0.03419452 0.001195549 -0.018875 -0.03413611 0.001137137 -0.02087497 -0.03376686 4.43042e-4 -0.018875 0.03766202 0.01810061 -0.018875 0.03759002 0.017618 -0.02087497 0.03746032 0.01727569 -0.018875 0.0371623 0.01686549 -0.02087497 0.03675836 0.0165826 -0.018875 0.03612476 0.01641285 -0.02087497 0.0356335 0.01645582 -0.018875 0.035039 0.01673305 -0.02087497 0.03478848 0.01698243 -0.018875 0.03441309 0.01767623 -0.02087497 0.03441274 0.017744 -0.018875 0.03444039 0.018462 -0.018875 0.03445351 0.01851093 -0.02087497 0.03482276 0.01920503 -0.018875 0.03488117 0.0192635 -0.02087497 0.03570133 0.01967352 -0.018875 0.03577256 0.0196861 -0.02087497 0.03668344 0.01958125 -0.018875 0.0364682 0.01963275 -0.02087497 0.03710383 0.01929771 -0.02087497 0.03742414 0.01891589 -0.018875 0.03763043 0.0184527 -0.02087497 0.03765922 -0.01803386 -0.018875 0.03765922 -0.01810622 -0.02087497 0.0373978 -0.01898509 -0.018875 0.03742134 -0.01892149 -0.02087497 0.03693336 -0.01942008 -0.02087497 0.03661394 -0.01959902 -0.018875 0.03626817 -0.01969164 -0.02087497 0.03590214 -0.01969641 -0.018875 0.03528237 -0.01955193 -0.02087497 0.03510391 -0.01944887 -0.018875 0.03450214 -0.01873171 -0.02087497 0.03448998 -0.01866501 -0.018875 0.03439736 -0.01782083 -0.018875 0.03440994 -0.0177496 -0.02087497 0.03466886 -0.01715564 -0.018875 0.03469794 -0.01711416 -0.02087497 0.03528237 -0.01658815 -0.018875 0.03523015 -0.01663148 -0.02087497 0.03590214 -0.01644366 -0.02087497 0.03626817 -0.01644843 -0.018875 0.03675556 -0.01658815 -0.02087497 0.03693336 -0.01671999 -0.018875 0.03742134 -0.01721858 -0.018875 0.03745752 -0.01728123 -0.02087497 0.02983564 0.01692873 -0.01387494 0.02987259 0.01694613 -0.009374976 0.01774573 0.02160155 -0.01387494 0.01773595 0.02160608 -0.009374976 0.01774603 -0.0215978 -0.009374976 0.02983391 -0.01693415 -0.009374976 0.01775175 -0.02159518 -0.01387494 0.02987611 -0.01693391 -0.01387494 0.03205609 0.01613962 -0.01537495 -0.02166056 0.0177868 -0.01537495 0.007983565 0.02689856 -0.01537495 0.03161185 0.0178703 -0.01537495 0.03633481 -0.01367324 -0.01537495 0.03481197 -0.01383036 -0.01537495 0.03611952 0.01363021 -0.01537495 0.04017877 0.01056814 -0.01537495 0.03840154 0.009739339 -0.01537495 -0.02717983 0.00684148 -0.01537495 -0.031677 0.002643764 -0.01537495 -0.03315073 0.003980338 -0.01537495 -0.02666985 0.008618056 -0.01537495 -0.0253874 0.01187556 -0.01537495 -0.02722358 -0.006842374 -0.01537495 -0.02370893 0.01494777 -0.01537495 0.03295361 0.01489937 -0.01537495 0.03679519 0.00861454 -0.01537495 0.04982441 0.01082152 -0.01537495 0.04598009 0.01107567 -0.01537495 0.03916299 0.01498079 -0.01537495 0.04402655 0.01124656 -0.01537495 0.04207301 0.01107567 -0.01537495 0.03915518 -0.01497626 -0.01537495 0.03309375 -0.01473605 -0.01537495 0.03187412 -0.01652354 -0.01537495 0.03162997 -0.01788198 -0.01537495 0.007635176 -0.02700519 -0.01537495 -0.0309922 0.001232922 -0.01537495 -0.03501152 0.004500389 -0.01537495 -0.01927423 0.02034831 -0.01537495 0.03422117 0.01404088 -0.01537495 0.03428375 0.005621552 -0.01537495 0.03345501 0.00384432 -0.01537495 0.03952842 -0.01484656 -0.01537495 0.03857064 -0.01405447 -0.01537495 0.03781956 -0.01404643 -0.01537495 -0.03233867 -0.003418505 -0.01537495 -0.03121352 -0.001847803 -0.01537495 -0.03083127 -3.26943e-4 -0.01537495 -0.0362789 0.004403889 -0.01537495 -0.01658719 0.02259236 -0.01537495 -0.01364135 0.02448397 -0.01537495 0.003261148 0.02783733 -0.01537495 0.03540855 0.007227897 -0.01537495 0.03294742 0.001950085 -0.01537495 0.03277653 -3.40529e-6 -0.01537495 0.03294742 -0.001956939 -0.01537495 0.03540855 -0.007234752 -0.01537495 0.03794658 0.01409882 -0.01537495 -0.02371126 -0.01494413 -0.01537495 -0.02538925 -0.01187163 -0.01537495 -0.01048266 0.02599352 -0.01537495 -0.007160484 0.02709758 -0.01537495 -2.34528e-4 0.0280267 -0.01537495 -0.003726541 0.0277788 -0.01537495 0.03345501 -0.003851115 -0.01537495 0.03428375 -0.005628347 -0.01537495 -0.01364511 -0.02448183 -0.01537495 -0.01659065 -0.0225898 -0.01537495 -0.03444766 -0.004459202 -0.01537495 0.04017877 -0.01057493 -0.01537495 0.04207301 -0.01108247 -0.01537495 0.003256857 -0.02783781 -0.01537495 -2.38864e-4 -0.02802664 -0.01537495 -0.01048672 -0.02599191 -0.01537495 -0.003730833 -0.02777826 -0.01537495 -0.007164657 -0.02709645 -0.01537495 -0.03624176 -0.004418194 -0.01537495 0.03679519 -0.008621394 -0.01537495 0.03840154 -0.009746134 -0.01537495 -0.01927739 -0.02034533 -0.01537495 -0.0216633 -0.01778346 -0.01537495 0.03953611 -0.01483964 -0.01537495 0.04402655 -0.01125335 -0.01537495 0.04598009 -0.01108247 -0.01537495 0.04985576 -0.01079022 -0.01537495 0.04787427 -0.01057493 -0.01537495 0.0496515 -0.009746134 -0.01537495 0.05201631 -0.009289145 -0.01537495 0.0512579 -0.008621394 -0.01537495 0.05348801 -0.007784247 -0.01537495 0.05264455 -0.007234752 -0.01537495 0.0546804 -0.006049692 -0.01537495 0.05376929 -0.005628347 -0.01537495 0.0555582 -0.004136562 -0.01537495 0.05459809 -0.003851115 -0.01537495 0.05609554 -0.002101421 -0.01537495 0.05510562 -0.001956939 -0.01537495 0.05627655 -4.35278e-6 -0.01537495 0.05527651 -3.40529e-6 -0.01537495 0.05609583 0.002092719 -0.01537495 0.05510562 0.001950085 -0.01537495 0.05555886 0.004127979 -0.01537495 0.05459809 0.00384432 -0.01537495 0.0546813 0.006041228 -0.01537495 0.05376929 0.005621552 -0.01537495 0.05348926 0.007776021 -0.01537495 0.05264455 0.007227897 -0.01537495 0.05201774 0.009281098 -0.01537495 0.0512579 0.00861454 -0.01537495 0.0496515 0.009739339 -0.01537495 0.04787427 0.01056814 -0.01537495 0.03951722 -0.01485508 -0.009374976 0.03774338 -0.01363545 -0.01237505 0.03858935 -0.01405543 -0.009374916 0.03703886 -0.01341557 -0.009374976 0.03637868 -0.01331913 -0.01237499 0.03542339 -0.01334345 -0.009374976 0.03509694 -0.01341223 -0.01237499 0.03400701 -0.01375257 -0.01237499 0.03387683 -0.01381576 -0.009374976 0.03240025 -0.0149306 -0.01237499 0.0322684 -0.01508939 -0.009374976 0.03144425 -0.01674586 -0.01237499 0.0314061 -0.01688539 -0.009374976 0.03127205 -0.01801937 -0.01237499 0.03127205 -0.01801937 -0.009374976 0.03127199 0.01801562 -0.01237499 0.03127199 0.01801562 -0.009374976 0.03140544 0.0168811 -0.01237499 0.03144353 0.01674145 -0.009374976 0.03206729 0.01540493 -0.01237499 0.03214991 0.01528608 -0.009374976 0.03318488 0.01423525 -0.01237499 0.03330248 0.01415085 -0.009374976 0.03462934 0.01350682 -0.01237499 0.0347684 0.01346665 -0.009374976 0.03590077 0.01331603 -0.01237499 0.03590077 0.01331603 -0.009374976 0.03703927 0.01340878 -0.01237499 0.03718024 0.01344186 -0.009374976 0.03853815 0.01401746 -0.01237499 0.03865993 0.01409578 -0.009374976 0.03951829 0.01484942 -0.01237499 0.03951829 0.01484942 -0.009374976 -0.02717852 -0.006846725 -0.01227498 -0.02753692 -0.005221784 -0.01227498 -0.02680826 -0.008143901 -0.009375214 -0.02764809 -0.004486262 -0.009374976 -0.02799904 -0.001183211 -0.009374976 -0.02797311 -0.001748204 -0.01227498 -0.02792787 0.002325654 -0.009374976 -0.02797281 0.001752555 -0.01227498 -0.02741736 0.005798459 -0.009375035 -0.02721637 0.006823658 -0.01227504 -0.02647447 0.009198546 -0.009374856 -0.02560782 -0.01138001 -0.009374976 -0.02398419 -0.0144912 -0.009374976 -0.02198451 -0.01737499 -0.009374976 -0.01964014 -0.01998621 -0.009374976 -0.01698786 -0.02228385 -0.009374976 -0.01406919 -0.02423197 -0.009374976 -0.01093006 -0.02579993 -0.009374976 -0.007619619 -0.02696329 -0.009374976 -0.004189848 -0.02770376 -0.009374976 -6.94483e-4 -0.02800971 -0.009374976 0.00281161 -0.02787643 -0.009374976 0.006273508 -0.02730602 -0.009374976 0.00921595 -0.02643728 -0.009374976 -0.02512472 0.01241797 -0.009374976 -0.02337598 0.01546126 -0.009374976 -0.02166056 0.0177868 -0.009374976 -0.0197727 0.01980453 -0.009374976 -0.01714473 0.02211862 -0.009374976 -0.01424831 0.02408641 -0.009374976 -0.0111289 0.02567714 -0.009374976 -0.007835209 0.02686583 -0.009374976 -0.004418969 0.0276339 -0.009374976 -9.3359e-4 0.02796936 -0.009374976 0.002566397 0.02786689 -0.009374976 0.006026208 0.02732825 -0.009374976 0.008862257 0.02653568 -0.009374976 0.03015738 -0.01590985 -0.01387494 0.03082251 -0.01456624 -0.009374976 0.03093105 -0.01441037 -0.01387494 0.0319606 -0.01332062 -0.009374976 0.0319606 -0.01332062 -0.01387494 0.03319722 -0.0124731 -0.009374976 0.03336811 -0.01239013 -0.01387494 0.03522735 -0.01185142 -0.009374976 0.0347988 -0.01194214 -0.01387494 0.03648149 -0.01181781 -0.01387494 0.03734856 -0.01194292 -0.009374976 0.03854203 -0.01232975 -0.01387494 0.03892749 -0.01253783 -0.009374976 0.03982239 -0.01310968 -0.009374976 0.03982239 -0.01310968 -0.01387494 0.04876714 -0.009656071 -0.01387494 0.04879373 -0.009641706 -0.009374976 0.05094218 -0.0082767 -0.01387494 0.05118232 -0.008069932 -0.009374976 0.05325132 -0.005587041 -0.01387494 0.05341142 -0.005313575 -0.009374976 0.05456352 -0.002293944 -0.01387494 0.05435216 -0.002994 -0.009374976 0.05480754 -2.14031e-4 -0.009374976 0.05473685 0.00124669 -0.01387494 0.05453258 0.002273797 -0.009374976 0.05375272 0.004652261 -0.01387494 0.05361169 0.004936099 -0.009374976 0.0517174 0.00755465 -0.01387494 0.05149197 0.007777452 -0.009374976 0.04906564 0.009519636 -0.01387494 0.04909396 0.009487509 -0.009374976 0.03984236 0.0131182 -0.009374976 0.03984236 0.0131182 -0.01387494 0.03856045 0.01233083 -0.009374976 0.03838497 0.01225632 -0.01387494 0.03649407 0.01181173 -0.009374976 0.03692823 0.01188057 -0.01387494 0.03523546 0.01184344 -0.01387494 0.03437316 0.0120145 -0.009374976 0.03378152 0.01222974 -0.01387494 0.03244256 0.01291579 -0.009374976 0.03228771 0.01302695 -0.01387494 0.03092521 0.01441144 -0.009374976 0.03081649 0.01456809 -0.01387494 0.03015202 0.01591771 -0.009374976 0.04982268 -0.01082921 -0.009374976 0.03162175 -0.01788812 -0.01237499 0.03162753 0.01788097 -0.01237499 0.03917932 0.01498663 -0.01237499 0.04970568 0.01087307 -0.009374976 0.05201774 0.009281098 -0.009374976 0.05348926 0.007776021 -0.009374976 0.0546813 0.006041228 -0.009374976 0.05555886 0.004127979 -0.009374976 0.05609583 0.002092719 -0.009374976 0.05627655 -4.35278e-6 -0.009374976 0.05609554 -0.002101421 -0.009374976 0.0555582 -0.004136562 -0.009374976 0.0546804 -0.006049692 -0.009374976 0.05348801 -0.007784247 -0.009374976 0.05201631 -0.009289145 -0.009374976 0.01497811 -0.02360171 -0.009374976 0.01190191 -0.02529287 -0.009374976 0.01190191 0.02529287 -0.009374976 0.01497811 0.02360171 -0.009374976 0.04055798 0.003574728 -0.01387494 0.02037703 0.01913535 -0.01387494 0.04154336 0.004297554 -0.01387494 0.04281175 0.004829645 -0.01387494 0.04453802 0.004953622 -0.01387494 0.04783099 -0.003195703 -0.01387494 0.04682105 -0.004129469 -0.01387494 0.04850971 -0.002179443 -0.01387494 0.04898363 -5.14902e-4 -0.01387494 0.04885959 0.001211345 -0.01387494 0.04815262 0.002791106 -0.01387494 0.04721885 0.003800988 -0.01387494 0.0462026 0.004479765 -0.01387494 0.04524129 -0.00483644 -0.01387494 0.04110503 -0.004040598 -0.01387494 0.04232794 -0.004670202 -0.01387494 0.04351508 -0.004960477 -0.01387494 0.02261465 0.01643049 -0.01387494 0.02449566 0.01346659 -0.01387494 0.03954333 0.002172589 -0.01387494 0.0259903 0.01029026 -0.01387494 0.02707505 0.006951689 -0.01387494 0.03913563 8.58994e-4 -0.01387494 0.02773284 0.003503441 -0.01387494 0.03905594 -3.60507e-4 -0.01387494 0.02795326 0 -0.01387494 0.02773284 -0.003503441 -0.01387494 0.03935968 -0.001701951 -0.01387494 0.02707505 -0.006951689 -0.01387494 0.03990042 -0.002797901 -0.01387494 0.0259903 -0.01029026 -0.01387494 0.02449566 -0.01346659 -0.01387494 0.02261465 -0.01643049 -0.01387494 0.02037703 -0.01913535 -0.01387494 -0.03679537 -0.00426346 -0.01227498 -0.03682953 0.004244089 -0.01227498 -0.03687417 -0.004231989 -0.02087497 -0.03611654 0.004428207 -0.02087497 -0.03487169 0.00448817 -0.02087497 -0.03297722 0.003880143 -0.02087497 -0.03159648 0.002528727 -0.02087497 -0.0308445 6.86702e-4 -0.02087497 -0.0309922 -0.001239776 -0.02087497 -0.031677 -0.002650558 -0.02087497 -0.03280299 -0.003742039 -0.02087497 -0.03423434 -0.00438261 -0.02087497 -0.03572815 -0.004496216 -0.02087497 -0.03786724 -0.003742039 -0.01227498 -0.03798222 -0.003661513 -0.02087497 -0.03899317 -0.002650558 -0.01227498 -0.03931885 -0.002187728 -0.02087497 -0.03979092 -8.90824e-4 -0.01227498 -0.03976672 -7.84822e-4 -0.02087497 -0.03979092 8.84014e-4 -0.02087497 -0.03976672 7.78011e-4 -0.01227498 -0.03931885 0.002180933 -0.01227498 -0.03899317 0.002643704 -0.02087497 -0.03798222 0.003654658 -0.01227498 -0.03755259 0.003958523 -0.02087497 -0.03409951 -0.003178477 -0.01227539 -0.03320318 0.002654194 -0.01227539 -0.03215992 0.001232206 -0.01227533 -0.03195738 -2.46054e-4 -0.01227509 -0.03247219 -0.001903235 -0.01227599 -0.03481757 0.003364086 -0.01227539 -0.03585261 -0.00337094 -0.01227533 -0.03723412 -0.002807259 -0.01227504 -0.03824752 -0.001771628 -0.01227527 -0.03870368 -3.51018e-4 -0.01227504 -0.03848457 0.001370489 -0.01227581 -0.03686451 0.003073453 -0.01227587 0.03162145 0.01843196 -0.02087497 0.0385282 0.01443332 -0.02087497 0.03709632 0.01378935 -0.02087497 0.03556931 0.01367962 -0.02087497 0.03409689 0.01409882 -0.02087497 0.03285664 0.01499629 -0.02087497 0.03186279 0.01655071 -0.02087497 0.03174662 0.01913905 -0.01237499 0.03205609 0.01998931 -0.02087497 0.03256207 0.02083986 -0.01237499 0.03295361 0.02122956 -0.02087497 0.03409689 0.02203011 -0.01237499 0.03422111 0.02208805 -0.02087497 0.03592395 0.02249872 -0.01237499 0.03570592 0.02246123 -0.02087497 0.03722876 0.02230411 -0.02087497 0.03782236 0.02208805 -0.01237499 0.03860598 0.02163565 -0.02087497 0.03908991 0.02122956 -0.01237499 0.03967154 0.02053642 -0.02087497 0.04015517 0.01967293 -0.01237499 0.04029691 0.01913905 -0.02087497 0.0404185 0.01774859 -0.01237499 0.04040658 0.01761204 -0.02087497 0.04004532 0.0162639 -0.01237499 0.03983211 0.01580077 -0.02087497 0.03778988 0.01515221 -0.01237547 0.03636932 0.01469582 -0.01237505 0.03492736 0.01483803 -0.01237547 0.03284662 0.01682889 -0.01237541 0.0336647 0.01563292 -0.01237505 0.03268152 0.01887065 -0.01237583 0.03377467 0.02062559 -0.01237529 0.03535628 0.02140599 -0.01237529 0.03739571 0.02121394 -0.01237583 0.03893417 0.01983267 -0.01237529 0.03945124 0.01785057 -0.01237583 0.03882569 0.01616543 -0.01237505 0.0391677 -0.01499146 -0.01237499 0.03961741 -0.01550871 -0.02087503 0.03158771 -0.01797038 -0.02087497 0.03205329 -0.01614522 -0.02087497 0.03295081 -0.01490497 -0.02087497 0.03421837 -0.01404643 -0.02087497 0.03570312 -0.01367324 -0.02087497 0.03722596 -0.01383036 -0.02087497 0.03854429 -0.01446348 -0.02087497 0.04015237 -0.01646155 -0.01237499 0.04029411 -0.01699548 -0.02087497 0.04041576 -0.01838588 -0.01237499 0.04040378 -0.01852244 -0.02087497 0.04004251 -0.01987069 -0.01237499 0.03998458 -0.01999491 -0.02087497 0.03918403 -0.02113819 -0.01237499 0.03908711 -0.02123516 -0.02087497 0.03794378 -0.02203571 -0.01237499 0.03781956 -0.02209365 -0.02087497 0.03611671 -0.02250432 -0.01237499 0.03592115 -0.02250432 -0.02087497 0.03421837 -0.02209365 -0.01237499 0.03409415 -0.02203571 -0.02087497 0.03268498 -0.02099525 -0.01237499 0.0328539 -0.02113819 -0.02087497 0.03199535 -0.01987063 -0.02087497 0.03177928 -0.01927697 -0.01237499 0.03951603 -0.01485556 -0.01237499 0.03883194 -0.0142315 -0.01237499 0.03626441 -0.01469349 -0.01237499 0.03765982 -0.01508384 -0.01237541 0.03303432 -0.01643323 -0.01237541 0.03449243 -0.01499462 -0.01237612 0.03893417 -0.01630312 -0.01237529 0.03945124 -0.01828521 -0.01237583 0.03851139 -0.02043962 -0.01237583 0.03694897 -0.02132838 -0.01237505 0.03521555 -0.02141153 -0.01237583 0.03366464 -0.02050286 -0.01237505 0.03284651 -0.01930695 -0.01237529 0.03264397 -0.01782864 -0.01237505 0.03294742 -0.001956939 -0.01837497 0.03345501 -0.003851115 -0.01837497 0.03428375 -0.005628347 -0.01837497 0.03540855 -0.007234752 -0.01837497 0.03679519 -0.008621394 -0.01837497 0.03840154 -0.009746134 -0.01837497 0.04017877 -0.01057493 -0.01837497 0.04207301 -0.01108247 -0.01837497 0.04402655 -0.01125335 -0.01837497 0.04598009 -0.01108247 -0.01837497 0.04787427 -0.01057493 -0.01837497 0.0496515 -0.009746134 -0.01837497 0.0512579 -0.008621394 -0.01837497 0.05264455 -0.007234752 -0.01837497 0.05376929 -0.005628347 -0.01837497 0.05459809 -0.003851115 -0.01837497 0.05510562 -0.001956939 -0.01837497 0.05527651 -3.40529e-6 -0.01837497 0.05510562 0.001950085 -0.01837497 0.05459809 0.00384432 -0.01837497 0.05376929 0.005621552 -0.01837497 0.05264455 0.007227897 -0.01837497 0.0512579 0.00861454 -0.01837497 0.0496515 0.009739339 -0.01837497 0.04787427 0.01056814 -0.01837497 0.04598009 0.01107567 -0.01837497 0.04402655 0.01124656 -0.01837497 0.04207301 0.01107567 -0.01837497 0.04017877 0.01056814 -0.01837497 0.03840154 0.009739339 -0.01837497 0.03679519 0.00861454 -0.01837497 0.03540855 0.007227897 -0.01837497 0.03428375 0.005621552 -0.01837497 0.03345501 0.00384432 -0.01837497 0.03294742 0.001950085 -0.01837497 0.03277653 -3.40529e-6 -0.01837497 0.03192651 -3.40529e-6 -0.01837497 0.03211033 -0.00210452 -0.03632497 0.03211033 -0.00210452 -0.01837497 0.03265625 -0.004141807 -0.03632497 0.03265625 -0.004141807 -0.01837497 0.03354763 -0.006053388 -0.03632497 0.03354763 -0.006053388 -0.01837497 0.03475737 -0.007781088 -0.03632497 0.03475737 -0.007781088 -0.01837497 0.0362488 -0.009272515 -0.03632497 0.0362488 -0.009272515 -0.01837497 0.0379765 -0.01048231 -0.03632497 0.0379765 -0.01048231 -0.01837497 0.03988808 -0.01137363 -0.03632497 0.03988808 -0.01137363 -0.01837497 0.04192537 -0.01191955 -0.03632497 0.04192537 -0.01191955 -0.01837497 0.04402655 -0.01210337 -0.03632497 0.04402655 -0.01210337 -0.01837497 0.04612767 -0.01191955 -0.03632497 0.04612767 -0.01191955 -0.01837497 0.04816496 -0.01137363 -0.03632497 0.04816496 -0.01137363 -0.01837497 0.05007654 -0.01048231 -0.03632497 0.05007654 -0.01048231 -0.01837497 0.05180424 -0.009272515 -0.03632497 0.05180424 -0.009272515 -0.01837497 0.05329567 -0.007781088 -0.03632497 0.05329567 -0.007781088 -0.01837497 0.05450546 -0.006053388 -0.03632497 0.05450546 -0.006053388 -0.01837497 0.05539679 -0.004141807 -0.03632497 0.05539679 -0.004141807 -0.01837497 0.05594271 -0.00210452 -0.03632497 0.05594271 -0.00210452 -0.01837497 0.05612653 -3.40529e-6 -0.03632497 0.05612653 -3.40529e-6 -0.01837497 0.05594271 0.002097725 -0.03632497 0.05594271 0.002097725 -0.01837497 0.05539679 0.004135012 -0.03632497 0.05539679 0.004135012 -0.01837497 0.05450546 0.006046593 -0.03632497 0.05450546 0.006046593 -0.01837497 0.05329567 0.007774293 -0.03632497 0.05329567 0.007774293 -0.01837497 0.05180424 0.00926572 -0.03632497 0.05180424 0.00926572 -0.01837497 0.05007654 0.01047545 -0.03632497 0.05007654 0.01047545 -0.01837497 0.04816496 0.01136684 -0.03632497 0.04816496 0.01136684 -0.01837497 0.04612767 0.01191276 -0.03632497 0.04612767 0.01191276 -0.01837497 0.04402655 0.01209658 -0.03632497 0.04402655 0.01209658 -0.01837497 0.04192537 0.01191276 -0.03632497 0.04192537 0.01191276 -0.01837497 0.03988808 0.01136684 -0.03632497 0.03988808 0.01136684 -0.01837497 0.0379765 0.01047545 -0.03632497 0.0379765 0.01047545 -0.01837497 0.0362488 0.00926572 -0.03632497 0.0362488 0.00926572 -0.01837497 0.03475737 0.007774293 -0.03632497 0.03475737 0.007774293 -0.01837497 0.03354763 0.006046593 -0.03632497 0.03354763 0.006046593 -0.01837497 0.03265625 0.004135012 -0.03632497 0.03265625 0.004135012 -0.01837497 0.03211033 0.002097725 -0.03632497 0.03211033 0.002097725 -0.01837497 0.03192651 -3.40529e-6 -0.03632497 0.01781809 -0.02153837 -0.008374989 0.01497811 -0.02360171 -0.008374989 0.01190191 -0.02529287 -0.008374989 0.008638024 -0.02658516 -0.008374989 0.005237877 -0.02745813 -0.008374989 0.001755177 -0.02789813 -0.008374989 -0.001755177 -0.02789813 -0.008374989 -0.005237877 -0.02745813 -0.008374989 -0.008638024 -0.02658516 -0.008374989 -0.01190191 -0.02529287 -0.008374989 -0.01497811 -0.02360171 -0.008374989 -0.01781809 -0.02153837 -0.008374989 -0.02037703 -0.01913535 -0.008374989 -0.02261465 -0.01643049 -0.008374989 -0.02449566 -0.01346659 -0.008374989 -0.0259903 -0.01029026 -0.008374989 -0.02707505 -0.006951689 -0.008374989 -0.02773284 -0.003503441 -0.008374989 -0.02795326 0 -0.008374989 -0.02773284 0.003503441 -0.008374989 -0.02707505 0.006951689 -0.008374989 -0.0259903 0.01029026 -0.008374989 -0.02449566 0.01346659 -0.008374989 -0.02261465 0.01643049 -0.008374989 -0.02037703 0.01913535 -0.008374989 -0.01781809 0.02153837 -0.008374989 -0.01497811 0.02360171 -0.008374989 -0.01190191 0.02529287 -0.008374989 -0.008638024 0.02658516 -0.008374989 -0.005237877 0.02745813 -0.008374989 -0.001755177 0.02789813 -0.008374989 0.001755177 0.02789813 -0.008374989 0.005237877 0.02745813 -0.008374989 0.008638024 0.02658516 -0.008374989 0.01190191 0.02529287 -0.008374989 0.01497811 0.02360171 -0.008374989 0.01781809 0.02153837 -0.008374989 0.02037703 0.01913535 -0.008374989 0.02261465 0.01643049 -0.008374989 0.02449566 0.01346659 -0.008374989 0.0259903 0.01029026 -0.008374989 0.02707505 0.006951689 -0.008374989 0.02773284 0.003503441 -0.008374989 0.02795326 0 -0.008374989 0.02773284 -0.003503441 -0.008374989 0.02707505 -0.006951689 -0.008374989 0.0259903 -0.01029026 -0.008374989 0.02449566 -0.01346659 -0.008374989 0.02261465 -0.01643049 -0.008374989 0.02037703 -0.01913535 -0.008374989 0.02506446 0.01693814 -0.002017378 0.02576065 0.01586663 -0.002478659 0.02489525 0.01718395 -0.008374989 0.02678501 0.01405787 -0.008374989 0.0241062 0.01827406 5.40364e-4 0.02264243 0.02005946 0.008374989 0.02430391 0.01801109 0.001687169 0.02264243 0.02005946 -0.008374989 0.024374 0.01791518 -9.88502e-4 0.0257501 0.01588308 0.003435373 0.02482837 0.01728373 0.002717852 0.02489525 0.01718395 0.008374989 0.02678501 0.01405787 0.008374989 0.02678501 0.01405787 0.00347495 0.02828419 0.01072674 0.008374989 0.02828419 0.01072674 0.00347495 0.02937096 0.007239282 0.008374989 0.02964866 0.006079137 0.00347501 0.03002941 0.003646194 0.008374989 0.02988946 0.004673063 0.003074765 0.03007602 0.003237962 5.87939e-4 0.03024995 0 -0.008374989 0.03024995 0 0.008374989 0.0300427 0.003546953 0.001846909 0.03002941 0.003646194 -0.008374989 0.02974653 0.00551182 -0.002463459 0.0299291 0.004400849 -0.001905262 0.03004848 0.003488659 -8.01923e-4 0.02678501 0.01405787 -0.002524971 0.02828419 0.01072674 -0.002524971 0.02828419 0.01072674 -0.008374989 0.02937096 0.007239282 -0.002524971 0.02937096 0.007239282 -0.008374989 0.02568417 -0.01598393 0.003394424 0.02489525 -0.01718395 0.008374989 0.02678501 -0.01405787 0.008374989 0.02630394 -0.01494181 0.003469467 0.02430403 -0.01801091 -7.37542e-4 0.02264243 -0.02005946 -0.008374989 0.0241062 -0.01827406 4.09455e-4 0.02264243 -0.02005946 0.008374989 0.0242815 -0.01804143 0.001612126 0.02484863 -0.01726001 0.002761542 0.02562808 -0.0160734 -0.002420485 0.02482867 -0.01728326 -0.001768231 0.02489525 -0.01718395 -0.008374989 0.02625161 -0.01503479 -0.002527534 0.02678501 -0.01405787 -0.008374989 0.02684366 -0.0139454 0.0031901 0.02828419 -0.01072674 0.008374989 0.02729469 -0.01304298 0.002530694 0.02756565 -0.0124585 0.001611948 0.02766782 -0.01222908 4.74877e-4 0.02828419 -0.01072674 -0.008374989 0.02756559 -0.01245856 -6.62121e-4 0.0272808 -0.01307183 -0.001616299 0.02681565 -0.01400643 -0.002268254 0.02005946 -0.02264243 0.008374989 0.02005946 -0.02264243 -0.008374989 0.01718395 -0.02489525 0.008374989 0.01718395 -0.02489525 -0.008374989 0.01405787 -0.02678501 0.008374989 0.01405787 -0.02678501 -0.008374989 0.01072674 -0.02828419 0.008374989 0.01072674 -0.02828419 -0.008374989 0.007239282 -0.02937096 0.008374989 0.007239282 -0.02937096 -0.008374989 0.003646194 -0.03002941 0.008374989 0.003646194 -0.03002941 -0.008374989 0 -0.03024995 0.008374989 0 -0.03024995 -0.008374989 -0.003646194 -0.03002941 0.008374989 -0.003646194 -0.03002941 -0.008374989 -0.007239282 -0.02937096 0.008374989 -0.007239282 -0.02937096 -0.008374989 -0.01072674 -0.02828419 0.008374989 -0.01072674 -0.02828419 -0.008374989 -0.01405787 -0.02678501 0.008374989 -0.01405787 -0.02678501 -0.008374989 -0.01718395 -0.02489525 0.008374989 -0.01718395 -0.02489525 -0.008374989 -0.0200594 -0.02264243 0.008374989 -0.0200594 -0.02264243 -0.008374989 -0.02264243 -0.02005946 0.008374989 -0.02264243 -0.02005946 -0.008374989 -0.02489525 -0.01718395 0.008374989 -0.02489525 -0.01718395 -0.008374989 -0.02678501 -0.01405787 0.008374989 -0.02678501 -0.01405787 -0.008374989 -0.02828419 -0.01072674 0.008374989 -0.02828419 -0.01072674 -0.008374989 -0.02937096 -0.007239282 0.008374989 -0.02937096 -0.007239282 -0.008374989 -0.03002941 -0.003646194 0.008374989 -0.03002941 -0.003646194 -0.008374989 -0.03024995 0 0.008374989 -0.03024995 0 -0.008374989 -0.03002941 0.003646194 0.008374989 -0.03002941 0.003646194 -0.008374989 -0.02937096 0.007239282 0.008374989 -0.02937096 0.007239282 -0.008374989 -0.02828419 0.01072674 0.008374989 -0.02828419 0.01072674 -0.008374989 -0.02678501 0.01405787 0.008374989 -0.02678501 0.01405787 -0.008374989 -0.02489525 0.01718395 0.008374989 -0.02489525 0.01718395 -0.008374989 -0.02264243 0.02005946 0.008374989 -0.02264243 0.02005946 -0.008374989 -0.0200594 0.02264243 0.008374989 -0.0200594 0.02264243 -0.008374989 -0.01718395 0.02489525 0.008374989 -0.01718395 0.02489525 -0.008374989 -0.01405787 0.02678501 0.008374989 -0.01405787 0.02678501 -0.008374989 -0.01072674 0.02828419 0.008374989 -0.01072674 0.02828419 -0.008374989 -0.007239282 0.02937096 0.008374989 -0.007239282 0.02937096 -0.008374989 -0.003646194 0.03002941 0.008374989 -0.003646194 0.03002941 -0.008374989 0 0.03024995 0.008374989 0 0.03024995 -0.008374989 0.003646194 0.03002941 0.008374989 0.003646194 0.03002941 -0.008374989 0.007239282 0.02937096 0.008374989 0.007239282 0.02937096 -0.008374989 0.01072674 0.02828419 0.008374989 0.01072674 0.02828419 -0.008374989 0.01405787 0.02678501 0.008374989 0.01405787 0.02678501 -0.008374989 0.01718395 0.02489525 0.008374989 0.01718395 0.02489525 -0.008374989 0.02005946 0.02264243 0.008374989 0.02005946 0.02264243 -0.008374989 0.03002941 -0.003646194 0.008374989 0.03002941 -0.003646194 -0.008374989 0.02937096 -0.007239282 0.008374989 0.02937096 -0.007239282 -0.008374989 0.004067897 0.01493406 0.008374989 -0.004067897 -0.01493406 0.008374989 -0.006233096 0.01251697 0.008374989 -0.00624144 -0.01234132 0.008374989 -0.00574243 0.01368808 0.008374989 -0.005014717 0.01443868 0.008374989 -0.005958139 -0.01331442 0.008374989 -0.005345225 -0.0141614 0.008374989 0.005345225 0.0141614 0.008374989 0.00595808 0.01331448 0.008374989 0.006242632 0.01233547 0.008374989 0.003886878 -0.01495969 0.008374989 0.005014717 -0.01443868 0.008374989 -0.003886878 0.01495969 0.008374989 0.00574243 -0.01368802 0.008374989 0.006230592 -0.01252561 0.008374989 0.04885959 -0.00121814 -0.009374976 0.0483275 -0.002486526 -0.009374976 0.04760468 -0.00347197 -0.009374976 0.0462026 -0.00448656 -0.009374976 0.04453802 -0.004960477 -0.009374976 0.04281175 -0.00483644 -0.009374976 0.04123198 -0.004129469 -0.009374976 0.03998929 -0.002924859 -0.009374976 0.03935968 -0.001701951 -0.009374976 0.03906947 -5.14887e-4 -0.009374976 0.03913563 8.58994e-4 -0.009374976 0.03947782 0.00203216 -0.009374976 0.04044836 0.003465175 -0.009374976 0.0418505 0.004479765 -0.009374976 0.04351508 0.004953622 -0.009374976 0.04524129 0.004829645 -0.009374976 0.04682105 0.004122674 -0.009374976 0.04806375 0.002918064 -0.009374976 0.04881948 0.001361012 -0.009374976 0.04899287 -3.40529e-6 -0.009374976 0.03889137 -0.0183674 -0.018875 0.03881263 -0.01880347 -0.01287609 0.03861707 -0.01933103 -0.018875 0.03839391 -0.01971387 -0.01287609 0.0378381 -0.02033549 -0.018875 0.03768908 -0.02042615 -0.01287609 0.03654718 -0.02092635 -0.0128771 0.03672498 -0.02086913 -0.018875 0.0354548 -0.02091813 -0.018875 0.03504925 -0.02080655 -0.0128771 0.03433054 -0.02040845 -0.018875 0.03399223 -0.02012223 -0.01287609 0.03347659 -0.01946687 -0.018875 0.03341317 -0.01930439 -0.01287609 0.03314876 -0.01833784 -0.01287609 0.03314429 -0.01827806 -0.018875 0.0332309 -0.01733916 -0.01287609 0.03324711 -0.01728141 -0.018875 0.03364962 -0.01642876 -0.01287609 0.03383982 -0.01615691 -0.018875 0.03435444 -0.01571649 -0.01287609 0.03484332 -0.01543807 -0.018875 0.03526037 -0.01528823 -0.01287609 0.03581506 -0.01519387 -0.018875 0.03625816 -0.01519566 -0.01287609 0.03707444 -0.01536625 -0.018875 0.03722745 -0.01545 -0.01287609 0.03823155 -0.0161888 -0.0128771 0.03828591 -0.01625496 -0.018875 0.03887677 -0.01754587 -0.0128771 0.03881961 -0.01736807 -0.018875 0.03881961 0.01876771 -0.018875 0.03841036 0.01968222 -0.018875 0.03752815 0.02054566 -0.018875 0.03608578 0.02096647 -0.018875 0.03462618 0.02060967 -0.018875 0.03368461 0.01975572 -0.018875 0.03317499 0.01863139 -0.018875 0.03322392 0.01736122 -0.018875 0.03363317 0.0164467 -0.018875 0.03433054 0.01572734 -0.018875 0.0354548 0.01521766 -0.018875 0.03672498 0.01526665 -0.018875 0.03763949 0.0156759 -0.018875 0.03850293 0.01655805 -0.018875 0.03889137 0.01776838 -0.018875 0.03881263 0.01733231 -0.01287609 0.03839391 0.01642191 -0.01287609 0.03768908 0.01570963 -0.01287609 0.03678309 0.01528137 -0.01287609 0.03578531 0.01518881 -0.01287609 0.03481608 0.01544314 -0.01287609 0.03399223 0.01601356 -0.01287609 0.03341317 0.01683139 -0.01287609 0.03314876 0.01779794 -0.01287609 0.0332309 0.01879662 -0.01287609 0.03364962 0.01970702 -0.01287609 0.03455156 0.02056759 -0.0128771 0.03600007 0.02096736 -0.0128771 0.03745442 0.02058929 -0.0128771 0.03837656 0.01973176 -0.01287609 0.03887677 0.01858991 -0.0128771 -0.03563117 -0.002873003 -0.018875 -0.03440272 -0.002752244 -0.018875 -0.03315317 -0.001917779 -0.018875 -0.03248834 -5.7035e-4 -0.018875 -0.03253728 6.99818e-4 -0.018875 -0.03307092 0.001812875 -0.018875 -0.03428244 0.00270164 -0.018875 -0.03554183 0.002874016 -0.018875 -0.0365135 0.002629756 -0.018875 -0.03734302 0.002067923 -0.018875 -0.03793042 0.001256287 -0.018875 -0.03823709 6.05854e-5 -0.018875 -0.03796833 -0.001181781 -0.018875 -0.0374065 -0.002011299 -0.018875 -0.0365948 -0.002598702 -0.018875 -0.03245949 -2.39835e-4 -0.01277607 -0.03271377 -0.00120908 -0.01277607 -0.03328418 -0.002032876 -0.01277607 -0.0343219 -0.002723753 -0.01277714 -0.03557151 -0.002879023 -0.01277607 -0.0365408 -0.00262475 -0.01277607 -0.03736466 -0.002054274 -0.01277607 -0.03794366 -0.001236438 -0.01277607 -0.03823798 -2.50719e-5 -0.01277714 -0.03785991 0.001429259 -0.01277714 -0.03680533 0.002499699 -0.01277714 -0.03560161 0.002869546 -0.01277607 -0.03436261 0.0027318 -0.01277714 -0.03312528 0.001879096 -0.01277714 -0.03255206 7.57942e-4 -0.01277607 0.004526495 0.0056777 -0.002500176 0.004526495 0.0045228 -0.001991748 0.004526495 0.003794193 -0.001265347 0.004526555 0.003345429 -3.24886e-4 0.004526495 0.003250062 7.37342e-4 0.004526495 0.003628313 0.001990854 0.004526555 0.004704833 0.00307697 0.004526495 0.005908668 0.003466427 0.004526495 0.01611262 0.00339055 0.004526555 0.0181275 0.001415908 0.004526495 0.01740223 0.002588033 0.004526555 0.01822352 -8.73196e-5 0.004526495 0.01759499 -0.001437604 0.004526495 0.01656442 -0.002233088 0.004526495 0.01563072 -0.002508282 0.004526495 -0.01375573 0.003114759 0.004526495 -0.01262581 0.001990258 0.004526495 -0.01225006 7.37543e-4 0.004526495 -0.0123412 -3.04366e-4 0.004526555 -0.01290804 -0.001441538 0.004526555 -0.01415127 -0.0023458 0.004526495 -0.01546567 -0.002527534 0.004526495 -0.01647961 -0.002272665 0.004526495 -0.01740211 -0.001638174 0.004526555 -0.01800602 -7.32651e-4 0.004526555 -0.01827377 5.18181e-4 0.004526555 -0.01788908 0.001955866 0.004526495 -0.01531678 0.003503143 0.004526495 -0.01682186 0.003064036 -4.49004e-4 0.01204848 0.008374989 0.001535117 0.01305812 0.008374989 -0.001964807 0.01204848 0.008374989 -0.001964807 0.0114203 0.008374989 -4.49004e-4 0.0114203 0.008374989 0.001535117 0.01041066 0.008374989 0.001535117 0.0111097 0.008374989 3.07506e-4 0.01173436 0.008374989 0.001535117 0.01235908 0.008374989 -0.001300871 0.008209288 0.008374989 -0.001911222 0.007969856 0.008374989 8.34041e-4 0.008199095 0.008374989 0.001473248 0.008025467 0.008374989 9.06965e-4 0.009131848 0.008374989 0.001535117 0.009760022 0.008374989 -0.001336574 0.009131848 0.008374989 -0.001964807 0.009760022 0.008374989 -7.59582e-4 0.007654011 0.008374989 -0.001221179 0.007186472 0.008374989 -2.5541e-4 0.006964862 0.008374989 2.49678e-4 0.007670283 0.008374989 7.42527e-4 0.007196307 0.008374989 9.10115e-4 0.00913155 0.007874965 -0.001336574 0.009131848 0.007874965 -7.13478e-4 0.007636964 0.007874965 -0.001291573 0.008179485 0.007874965 2.9836e-4 0.007689833 0.007874965 8.18055e-4 0.008189737 0.007874965 -0.001964807 0.006349802 0.008374989 0.001535117 0.006349802 0.008374989 -0.001964807 0.004734396 0.008374989 -0.001336574 0.004734396 0.008374989 -0.001336574 0.005721569 0.008374989 0.001535117 0.005721569 0.008374989 -0.001964807 0.004285693 0.008374989 0.001535117 0.004285693 0.008374989 -0.001964807 0.00365746 0.008374989 0.001535117 0.00365746 0.008374989 -0.001300871 0.001299023 0.008374989 -0.001911222 0.001059591 0.008374989 8.34041e-4 0.001288831 0.008374989 0.001473248 0.001115202 0.008374989 9.06965e-4 0.002221584 0.008374989 0.001535117 0.002849757 0.008374989 -0.001336574 0.002221584 0.008374989 -0.001964807 0.002849757 0.008374989 -7.59583e-4 7.43759e-4 0.008374989 -0.001221179 2.76219e-4 0.008374989 -2.5541e-4 5.4639e-5 0.008374989 2.49679e-4 7.60036e-4 0.008374989 7.42528e-4 2.86065e-4 0.008374989 9.10115e-4 0.002221345 0.007874965 -0.001336574 0.002221584 0.007874965 -7.13478e-4 7.26761e-4 0.007874965 -0.001291573 0.001269221 0.007874965 2.98361e-4 7.79607e-4 0.007874965 8.18056e-4 0.001279473 0.007874965 -6.18676e-4 -0.001404583 0.008374989 -0.001246869 -0.001166164 0.008374989 -6.18676e-4 -0.002453446 0.008374989 -0.001246869 -0.002691149 0.008374989 -0.001964807 -8.94186e-4 0.008374989 -0.001964807 -2.23913e-4 0.008374989 0.001535117 -0.001638054 0.008374989 5.96368e-4 -0.001928985 0.008374989 0.001535117 -0.00222069 0.008374989 -0.001964807 -0.003634154 0.008374989 -0.001964807 -0.002963185 0.008374989 -6.18676e-4 -0.002453446 0.007874965 5.96368e-4 -0.001928985 0.007874965 -6.18676e-4 -0.001404583 0.007874965 5.53512e-4 -0.006324827 0.008374989 4.56266e-4 -0.005697548 0.008374989 -0.001964807 -0.005762755 0.008374989 -0.001964807 -0.006461083 0.008374989 -4.18221e-4 -0.00490278 0.008374989 -3.72093e-4 -0.005658149 0.008374989 1.89019e-4 -0.004778385 0.008374989 2.088e-4 -0.00540024 0.008374989 0.00115931 -0.00611943 0.008374989 8.42437e-4 -0.005520582 0.008374989 -7.6139e-5 -0.00611937 0.008374989 -0.001964807 -0.004778385 0.008374989 -0.001964807 -0.004150152 0.008374989 0.001535117 -0.004150152 0.008374989 9.10732e-4 -0.004778861 0.008374989 0.001499772 -0.005605459 0.008374989 9.09322e-4 -0.004778504 0.007874965 1.89019e-4 -0.004778385 0.007874965 6.12963e-4 -0.005677223 0.007874965 2.59442e-4 -0.005571424 0.007874965 8.51999e-4 -0.005503952 0.007874965 -5.94137e-4 -0.008908689 0.008374989 5.92863e-4 -0.008047699 0.008374989 -0.001964807 -0.007919371 0.008374989 -0.001964807 -0.008628249 0.008374989 -0.001084208 -0.009264171 0.008374989 -0.001964807 -0.009902894 0.008374989 -0.001964807 -0.01061171 0.008374989 -5.94137e-4 -0.009617507 0.008374989 5.92863e-4 -0.01047426 0.008374989 5.92863e-4 -0.009765446 0.008374989 -1.04053e-4 -0.009262025 0.008374989 5.92863e-4 -0.008756518 0.008374989 4.73541e-4 -0.01144415 0.008374989 9.79805e-4 -0.01177871 0.008374989 9.22348e-4 -0.01224386 0.008374989 5.58295e-4 -0.01241427 0.008374989 1.17967e-5 -0.01225823 0.008374989 -0.001911938 -0.0107088 0.008374989 -0.001964807 -0.01307964 0.008374989 -0.001381456 -0.01307964 0.008374989 -0.001381456 -0.01190179 0.008374989 -4.49873e-4 -0.01269215 0.008374989 5.25993e-4 -0.01305848 0.008374989 0.001284122 -0.01279032 0.008374989 0.00163865 -0.01215004 0.008374989 0.001516103 -0.01146042 0.008374989 0.001093626 -0.01100856 0.008374989 3.70224e-4 -0.01082801 0.008374989</float_array>
          <technique_common>
            <accessor source="#Ydlidar_X2-mesh-positions-array" count="1150" stride="3">
              <param name="X" type="float"/>
              <param name="Y" type="float"/>
              <param name="Z" type="float"/>
            </accessor>
          </technique_common>
        </source>
        <source id="Ydlidar_X2-mesh-normals">
          <float_array id="Ydlidar_X2-mesh-normals-array" count="5271">0 0 1 -2.69352e-7 0 1 -2.05163e-7 0 1 -2.66501e-7 0 1 0 0 1 -1.89199e-6 0 1 0 0 1 -3.52632e-7 0 1 1.57441e-7 0 1 -4.87261e-7 0 1 0 0 1 2.71321e-6 0 1 -2.76729e-5 0 1 1.26505e-4 0 1 -8.12693e-7 0 1 -4.64289e-7 0 1 -3.88507e-7 0 1 2.00174e-7 0 1 -5.87859e-7 0 1 6.77344e-7 0 1 -3.05481e-7 0 1 -4.47939e-7 0 1 8.72678e-7 0 1 4.03642e-7 0 1 0 0 1 -4.77545e-7 0 1 -1.23117e-6 0 1 1.00038e-6 0 1 -2.0878e-7 0 1 -1.18542e-6 0 1 2.86802e-7 0 1 -2.69625e-6 0 1 1.93765e-7 0 1 -5.63106e-7 0 1 1.54113e-7 0 1 -2.7758e-7 0 1 -8.53477e-7 0 1 -6.7571e-7 0 1 -5.51906e-7 0 1 9.99288e-7 0 1 -6.40186e-7 0 1 0 0 1 -5.71489e-7 0 1 1.60817e-6 0 1 -5.00284e-7 0 1 7.50278e-7 0 1 -8.00897e-7 0 1 -2.02713e-6 0 1 3.06061e-6 0 1 1.30035e-7 0 1 -1.69498e-7 0 1 2.49099e-7 0 1 -5.78693e-7 0 1 5.21956e-6 0 1 -8.1027e-7 0 1 1.2935e-6 0 1 -1.93142e-7 0 1 1.44676e-7 0 1 -9.44987e-7 0 1 -6.66047e-7 0 1 2.43343e-7 0 1 -5.9885e-7 0 1 6.72521e-7 0 1 9.92518e-7 0 1 1.12955e-6 0 1 -8.34509e-7 0 1 0 0 1 1.81052e-7 0 1 2.44651e-7 0 1 -0.9968917 0.07644683 0.0190503 -0.9153009 0.402481 -0.01527887 -0.8692641 0.4940233 0.01791429 -0.5912502 0.8059909 -0.02831971 -0.4574494 0.8889666 0.02187162 -0.08077335 0.9965674 -0.01814681 -0.006789743 0.9999169 0.01096439 0.5058366 0.8625597 -0.01096487 0.5412594 0.8408386 0.005370438 0.840842 0.5412541 -0.005371093 0.846132 0.5329713 -0.001502692 0.9993078 0.033692 0.0157727 0.9993078 -0.033692 -0.0157727 0.8461325 -0.5329707 0.001502692 0.8408417 -0.5412546 0.005371034 0.5412609 -0.8408376 -0.005370318 0.5058357 -0.8625601 0.01096475 -0.006789684 -0.9999169 -0.01096439 -0.04833042 -0.998817 0.005370318 -0.4575492 -0.8891682 -0.005370736 -0.4940747 -0.8693503 0.01096391 -0.8693513 -0.4940729 -0.01096498 -0.9034412 -0.4283281 0.01814371 -0.9968917 -0.07644677 -0.0190503 -0.9985366 0.04832291 0.02428096 -0.9711564 0.2373956 -0.02233237 -0.8690509 0.4939189 0.02819317 -0.7019755 0.7110068 -0.0412299 -0.3993787 0.9154858 0.04880964 -0.1118692 0.9925235 -0.04880952 0.2825211 0.9580184 0.0488125 0.5284976 0.8480131 -0.03955 0.8326944 0.5526008 0.03539186 0.8966686 0.4424543 -0.01482301 0.9992575 -0.03850102 0.001502573 0.9988172 -0.04832726 0.005370795 0.8891581 -0.4575686 -0.005369126 0.8693427 -0.4940883 0.01096487 0.4704879 -0.8823245 -0.01203131 0.4283815 -0.9035471 0.009586155 -0.09351599 -0.9955716 -0.009586155 -0.07645076 -0.9969211 -0.01742714 -0.4661117 -0.8843014 0.02740597 -0.6678356 -0.7434876 -0.03495442 -0.8481591 -0.5285872 0.03495329 -0.959426 -0.2798889 -0.03411656 -0.964208 0.2649739 -0.009585142 -0.9599784 0.2800636 -0.002406835 -0.7145839 0.6994132 0.01381772 -0.6163564 0.7869681 -0.02803832 -0.3778538 0.9255931 0.02244901 -0.135567 0.9905138 -0.02244836 0.1402996 0.989712 0.02803921 0.2961233 0.9548784 -0.02276414 0.7242381 0.6889346 0.02912586 0.7871742 0.616529 -0.01577532 0.9940283 0.1090961 0.002406597 0.9955713 0.0935198 0.009584367 0.9258037 -0.3779273 -0.007649004 0.9107804 -0.4128647 0.004671275 0.6790545 -0.7340683 -0.005368471 0.6718149 -0.7407176 -0.001502573 0.2691355 -0.9630032 0.01381862 0.1402997 -0.989712 -0.02803874 -0.1668892 -0.9855726 0.02819329 -0.3778077 -0.9254785 -0.02740424 -0.7145372 -0.6993805 0.01742452 -0.702535 -0.7115846 0.009584367 -0.9599485 -0.2800451 -0.008589148 -0.9713619 -0.2374497 0.008589148 -0.3605062 -0.9327337 0.006572365 -0.3584403 -0.9335527 1.56209e-4 -0.3599487 0.9329721 8.9353e-5 -0.3588441 0.9333916 -0.003310561 -1.02081e-6 0 -1 -4.1311e-7 -1.87958e-7 -1 5.96526e-7 0 -1 -3.2297e-6 0 -1 2.82268e-6 0 -1 -1.67955e-6 0 -1 0 -9.5415e-7 -1 0 6.00313e-7 -1 0 1.1259e-6 -1 0 8.95554e-7 -1 8.79562e-7 0 -1 0 0 -1 0 0 -1 -1.76073e-7 -6.65953e-7 -1 0 0 -1 -7.89226e-7 0 -1 -6.47391e-7 2.05597e-7 -1 0 0 -1 6.0265e-7 -1.98929e-6 -1 5.52205e-7 1.84372e-5 -1 0 -2.52871e-7 -1 0 -1.28838e-7 -1 -7.05122e-7 -2.74145e-7 -1 3.32204e-7 0 -1 -5.29065e-6 -1.48075e-5 -1 -2.5992e-5 -3.28039e-5 -1 -3.38891e-6 -1.03047e-5 -1 6.12105e-7 0 -1 0 0 -1 -2.93078e-7 0 -1 0 0 -1 -3.1877e-6 7.131e-6 -1 0 0 -1 -3.22974e-7 0 -1 0 4.96537e-7 -1 0 -1.37334e-7 -1 0 0 -1 -1.4053e-7 0 -1 -2.61078e-7 0 -1 0 0 -1 0 0 -1 0 5.14226e-7 -1 5.28014e-7 -2.19664e-6 -1 9.7054e-7 -2.26972e-7 -1 0 -2.25567e-7 -1 2.23743e-6 2.47132e-6 -1 0 0 -1 0 -2.34693e-7 -1 -9.12071e-7 0 -1 -2.43773e-7 0 -1 0 0 -1 -1.19056e-6 0 -1 6.23096e-7 0 -1 -6.36464e-7 0 -1 2.29057e-7 0 -1 0 0 -1 -2.90015e-7 0 -1 -3.14819e-6 1.87972e-6 -1 2.16434e-7 1.46932e-6 -1 -1.99463e-7 0 -1 -2.64267e-5 -8.11552e-5 -1 2.86916e-6 7.63865e-7 -1 5.4052e-7 6.66833e-7 -1 -4.83972e-7 6.60593e-7 -1 -1.50547e-7 -1.21726e-7 -1 -1.86323e-7 -6.55554e-7 -1 0 0 -1 -1.37134e-7 0 -1 -2.26302e-7 0 -1 0 1.63836e-6 -1 0 2.04148e-6 -1 -1.07605e-6 2.46625e-6 -1 -1.28689e-6 1.24805e-6 -1 0 8.17476e-7 -1 -7.09911e-7 8.59546e-7 -1 -8.56351e-7 0 -1 1.73065e-6 0 -1 -1.86209e-6 0 -1 1.85248e-6 0 -1 3.49402e-6 0 -1 -1.84353e-6 0 -1 2.76391e-6 -2.68832e-7 -1 -1.88227e-6 -7.74041e-7 -1 -8.80207e-7 -8.00955e-7 -1 -1.2376e-6 -1.20025e-6 -1 -0.3813824 -0.9241598 -0.02182614 -0.22575 -0.974012 0.01837497 -0.04456955 -0.9987576 -0.0222913 0.07242137 -0.9972618 0.01497215 0.2980835 -0.9544814 -0.01056444 0.2920516 -0.9563735 -0.007460594 0.5912517 -0.8064404 0.008679807 0.6207413 -0.7838867 -0.01421344 0.8847026 -0.4659393 0.0142129 0.9014438 -0.4328091 -0.008678972 0.9909623 -0.1339904 0.006361544 0.9930828 -0.1174162 0 -0.6528275 -0.7574962 -0.004006862 -0.4482415 -0.8939117 0.001259446 -0.6309143 -0.7758504 0.001847982 0.9931545 0.1168079 0 0.9910423 0.1333964 -0.006366074 0.9124525 0.4091146 0.007466852 0.8996065 0.4366378 -0.007466495 0.7230147 0.6907923 0.007465779 0.7017 0.7124335 -0.007466495 0.4502544 0.8928692 0.00746715 0.4229275 0.9061328 -0.007466375 0.1484353 0.9889016 0.006365776 0.1318826 0.9912654 0 -0.08122313 0.996696 0 -0.09787434 0.9951785 -0.006365716 -0.3762295 0.9264966 0.007466435 -0.4041944 0.9146426 -0.00746566 -0.6471128 0.7623679 0.006366729 -0.6597827 0.7514565 0 -0.9761359 -0.2153049 0.02833253 -0.9744539 -0.223748 0.01940321 -0.9943391 -0.1056501 -0.01131349 -0.9920912 -0.1245725 0.01539379 -0.9997112 0.0202791 -0.01289635 -0.9998801 7.7391e-5 0.0154879 -0.989278 0.1454287 -0.01340132 -0.988923 0.1475219 -0.01639103 -0.9632633 0.2671294 0.02767127 -0.9511317 0.3086419 -0.009424865 -0.9691874 -0.2459408 0.01374047 -0.939422 -0.3426368 -0.009296 -0.9375547 -0.3477921 -0.005650937 -0.8776187 -0.4793037 0.007307052 -0.8865295 -0.4626405 -0.005406618 -0.8110219 -0.5849709 0.007262885 -0.8217539 -0.5698188 -0.005202114 -0.7317722 -0.6815112 0.007218539 -0.744091 -0.6680597 -0.004998803 -0.6411034 -0.7674211 0.007174909 -0.6547588 -0.7558227 -0.00479871 -0.5404341 -0.8413562 0.007130563 -0.5551584 -0.8317319 -0.00459671 -0.4313323 -0.9021653 0.007088303 -0.4468519 -0.8945971 -0.004398226 -0.3155009 -0.9488992 0.007044672 -0.3315378 -0.9434326 -0.004200577 -0.194747 -0.9808286 0.007001698 -0.2110248 -0.9774726 -0.004004955 -0.07095527 -0.9974552 0.006957411 -0.08720225 -0.9961834 -0.003807783 0.05394428 -0.99852 0.006915807 0.03798609 -0.9992718 -0.003614425 0.1868159 -0.982366 0.007537305 0.1625676 -0.9866173 -0.01257252 0.2831128 -0.9589503 0.01617109 -0.9611651 0.2759355 0.004602551 -0.922208 0.3866241 -0.007374405 -0.9304652 0.366301 0.00762248 -0.8670238 0.4982166 -0.007080852 -0.8775421 0.4794381 0.007668197 -0.8047338 0.5936042 -0.006142258 -0.8109523 0.5851123 0 -0.7302218 0.6832103 0 -0.7316842 0.6816431 9.87817e-4 -0.6608047 0.7504435 0.01311165 -0.6410018 0.7675387 0.001038253 -0.5619191 0.8270887 0.01308882 -0.5403171 0.8414608 0.001088857 -0.4542363 0.8907854 0.01306539 -0.431203 0.9022543 0.001139581 -0.3394427 0.9405363 0.01304054 -0.3153617 0.9489708 0.001188933 -0.2193346 0.9755629 0.01301503 -0.1946002 0.9808819 0.001238167 -0.09579366 0.9953165 0.01298952 -0.07080256 0.9974896 0.001286089 0.02924644 0.9994882 0.01296317 0.05409979 0.9985347 0.001335501 0.1538292 0.9880128 0.0129342 0.1949659 0.9807876 -0.006635129 0.2690991 0.9629285 0.01882773 -0.9642449 0.2648589 -0.009032726 -0.9225949 0.3851791 0.02135074 -0.8886748 0.4585043 -0.005555748 -0.7382548 0.6744991 0.00555545 -0.7269175 0.686725 0 -0.5652936 0.8248898 0 -0.5514513 0.8341887 -0.005556046 -0.2927898 0.9561547 0.00651592 -0.2988093 0.9542682 0.00922811 -0.07367461 0.9971967 -0.01307767 0.04307025 0.9988823 0.01947182 0.2410646 0.9703138 -0.01947152 0.3525723 0.9356933 0.01307731 0.5384424 0.8426321 -0.007146477 0.520255 0.8540109 0 -0.360187 0.9328801 0 -0.360558 0.9327365 -8.47917e-4 -0.5355679 0.844492 4.66449e-4 -0.5496838 0.8353238 -0.009054422 -0.7586945 0.6513611 0.01055359 -0.7775094 0.6287828 -0.01055341 -0.9289179 0.3701356 0.01055371 -0.9265854 0.3757872 0.01494604 -0.9866257 0.1616182 -0.02119374 -0.9983063 0.0488851 0.03154319 -0.9937471 -0.1098393 -0.02005124 -0.9605033 -0.2775673 0.01974338 -0.9450236 -0.3268782 -0.008999109 -0.8187031 -0.5741202 0.01055377 -0.8014783 -0.5979307 -0.010553 -0.5953413 -0.8034116 0.009944915 -0.5806056 -0.8141822 -0.002169787 -0.3653177 -0.9308727 -0.004358053 -0.3634766 -0.9316033 0 0.523384 -0.852097 0 0.5090391 -0.8607253 -0.005594849 0.2436326 -0.9698454 0.006561934 0.2497594 -0.9682635 0.009293615 0.02192318 -0.9996729 -0.01316916 -0.09515643 -0.9952692 0.01960873 -0.2567771 -0.9663904 -0.01245945 -0.422966 -0.9060625 0.01227778 -0.470815 -0.8822144 -0.005595028 -0.7019771 -0.7121694 0.006561934 -0.7232998 -0.690503 -0.006562113 -0.8896264 -0.4566548 0.00559467 -0.9232519 -0.3836054 -0.02128034 -0.9649849 -0.2621532 0.008940994 0.3638714 -0.9314484 -0.001248121 0.3652831 -0.9308877 -0.004042983 0.3514453 -0.936208 -9.35825e-4 0.3565731 -0.9342675 0 0.3559352 -0.9344956 -0.005329251 0.3553935 -0.9347168 -3.99076e-4 0.3541713 0.9351662 -0.005182802 0.3569239 0.934121 -0.004820227 0.356386 0.9343389 0 0.3553734 0.9347137 0.004486083 0.3752072 0.926933 -0.003843963 0.3636057 0.931553 0 0.3638113 0.9314724 -8.06305e-4 0.363447 0.9316122 -0.002246439 0.5671064 0.8236342 0.004142284 0.574725 0.8183467 0 0.7150501 0.6990733 0 0.824171 0.5663412 0 0.8241687 0.5663446 0 0.9089564 0.4168913 0 0.9089563 0.4168915 0 0.9669075 0.2551274 0 0.9669064 0.2551319 0 0.9963092 0.08583664 0 0.9963092 0.08583676 0 0.9962962 -0.08598875 0 0.9962958 -0.0859934 0 0.9668674 -0.2552793 0 0.9668663 -0.2552838 0 0.9088928 -0.41703 0 0.8240825 -0.5664698 0 0.7149417 -0.6991841 0 0.7149416 -0.6991842 0 0.5745979 -0.818436 0 0.570558 -0.8212544 -0.002199888 -2.31253e-7 0 1 -3.69488e-7 0 1 5.75589e-7 0 1 -3.79122e-7 0 1 -2.96246e-7 0 1 1.81962e-6 0 1 -9.05805e-7 0 1 4.16407e-7 0 1 -3.63668e-7 0 1 -3.01534e-7 0 1 -1.03091e-6 0 1 -9.79969e-7 0 1 9.39298e-7 0 1 1.83508e-7 0 1 1.48591e-6 0 1 -3.78941e-7 0 1 -1.89371e-7 0 1 -1.20356e-5 2.60147e-5 1 1.28974e-5 2.0414e-5 1 3.2211e-5 -5.7953e-6 1 4.98346e-7 0 1 -8.16829e-7 0 1 2.76512e-6 0 1 -3.5077e-7 0 1 1.46013e-6 0 1 -2.49148e-7 0 1 7.12644e-7 0 1 -3.62617e-7 0 1 2.24009e-7 0 1 3.57976e-7 0 1 -7.26077e-7 0 1 9.04045e-7 0 1 2.84648e-7 0 1 -1.44163e-7 0 1 2.18694e-7 0 1 -3.7139e-7 0 1 -2.63204e-7 0 1 1.23842e-6 0 1 -1.42783e-6 0 1 6.83122e-7 0 1 1.06923e-6 0 1 -1.47235e-6 0 1 -1.99657e-7 0 1 7.94008e-7 0 1 -1.93614e-7 0 1 -1.86671e-7 0 1 2.25339e-7 0 1 1.87009e-7 0 1 -1.8991e-7 0 1 -3.43227e-6 0 1 1.4538e-6 0 1 -2.96702e-7 0 1 3.92059e-6 0 1 8.82352e-7 0 1 -8.9549e-7 0 1 -1.31041e-6 0 1 7.68391e-7 0 1 -6.94467e-7 0 1 5.67003e-6 0 1 -0.2594175 -0.9657623 0.002421617 -0.2595942 -0.965716 0.001837193 -0.2591662 0.9658256 0.003754019 -0.258767 0.9659366 0.002499997 -0.04810929 0.9988362 -0.003446161 0.2691614 0.9630837 0.004702746 0.3055754 0.9521368 -0.007701635 0.6717812 0.7407096 0.007701694 0.6994708 0.7146458 -0.004702627 0.899617 0.4366614 0.004041731 0.9257505 0.3779227 -0.01266819 0.9945828 0.102626 0.01652401 0.9969369 -0.07645469 -0.01648575 0.9697645 -0.2437436 0.01207447 0.899558 -0.4366347 -0.0120747 0.8128431 -0.5822495 0.01648557 0.6959313 -0.7179183 -0.01652371 0.4424462 -0.896663 0.0153883 0.4084763 -0.9127636 0.003129839 0.07585567 -0.9970588 -0.01094543 -0.02285158 -0.9996663 0.01205283 -0.2246825 -0.9744059 -0.007152378 -0.2743741 -0.9616225 -0.001006364 -0.4374743 -0.8992307 7.17061e-4 -0.4577582 -0.8890741 -0.002203643 -0.6960181 -0.7180196 0.002584993 -0.7407032 -0.6717836 -0.008101999 -0.9107176 -0.4128475 0.01227045 -0.9526166 -0.3041056 -0.006428062 -0.9998905 -0.01449352 -0.002991378 -0.9998905 0.01449465 0.002991378 -0.9526171 0.3041045 0.006428062 -0.9107176 0.4128475 -0.01227074 -0.7407017 0.6717853 0.008101642 -0.6741038 0.7385978 -0.007580876 -0.4552477 0.8903223 0.008713841 -0.3080959 0.9513384 -0.005684018 -0.3108378 0.95045 -0.004976928 -0.07591986 0.9971116 0.002163708 1.1065e-4 3.2553e-4 1 -2.38523e-5 -5.38086e-5 1 -5.76966e-5 -4.97719e-6 1 -9.1257e-5 2.52778e-5 1 2.47501e-5 1.60352e-4 1 -8.83544e-5 0 1 -2.10598e-4 -4.66138e-4 0.9999999 -2.25294e-4 -2.83645e-5 1 -2.42891e-4 -5.35631e-5 1 6.29401e-5 2.34375e-4 1 8.31573e-5 -2.89934e-4 1 -1.70953e-5 4.33601e-4 1 1.33763e-4 2.74334e-4 1 1.88716e-4 -2.96744e-5 1 5.86856e-5 5.9545e-5 1 7.98485e-5 3.07392e-4 1 2.87299e-4 1.30626e-4 1 1.44236e-4 -1.20698e-4 1 8.58321e-5 -1.80041e-6 1 4.8857e-4 3.78092e-4 0.9999999 7.76971e-4 -2.47836e-4 0.9999997 5.39538e-4 -4.91417e-4 0.9999998 5.72871e-4 -4.97833e-4 0.9999998 4.12047e-4 -8.04684e-4 0.9999996 -1.33981e-4 -7.8837e-4 0.9999997 0.4101359 -0.9119444 -0.01209193 0.2484091 -0.9685216 0.01609379 0.07164788 -0.9972996 -0.01613128 -0.211422 -0.9773167 0.01236611 -0.2738029 -0.9617778 -0.003945529 -0.5607644 -0.827966 0.003945529 -0.5862383 -0.8101292 -0.003945648 -0.8101319 -0.5862346 0.003945529 -0.842458 -0.538657 -0.01065111 -0.9684801 -0.2486111 0.01545852 -0.9917654 -0.1272185 -0.01472687 -0.9978193 0.06581693 0.00497812 -0.9955245 0.09425771 0.006818056 -0.9631615 0.2687995 -0.008178412 -0.9016706 0.4322982 0.01041477 -0.8100926 0.5862091 -0.01043856 -0.6127968 0.7902001 0.008001744 -0.5607718 0.8279666 -0.002552866 -0.2484418 0.9686424 0.002970218 -0.2437701 0.9698311 0.001977324 0.1026344 0.9946945 -0.00701946 0.2114273 0.9773418 0.01007753 0.4366448 0.8996018 -0.007627546 0.5607562 0.8279459 0.007627844 0.7179967 0.6960048 -0.007627665 0.8252122 0.5647269 0.01041412 0.9127201 0.4084521 -0.01043862 0.9907319 0.1355964 0.008002161 0.9974271 0.07164466 -0.002552986 0.9698309 -0.2437656 0.002553045 0.9531817 -0.3023068 -0.007438659 0.8276417 -0.5611712 0.009813606 0.765075 -0.6439346 -0.002918303 0.7236409 -0.6900174 -0.01482981 0.58697 -0.809507 0.01283818 -1.76293e-4 0.001509249 0.9999989 -8.07475e-7 0 1 1.76098e-6 0 1 0.001406848 0.001218974 0.9999983 2.22058e-4 1.53839e-4 1 4.72353e-4 2.65985e-4 0.9999999 -2.18685e-5 1.41221e-5 1 -1.40107e-5 3.58412e-5 1 -2.38166e-6 4.16502e-5 1 4.93295e-6 3.85334e-5 1 -2.6123e-4 4.30109e-4 0.9999999 5.67193e-4 2.54792e-4 0.9999999 8.86428e-4 -8.38349e-5 0.9999997 7.98387e-4 -3.83286e-4 0.9999996 1.97127e-4 -4.19801e-4 0.9999999 2.21706e-4 -2.85537e-4 1 1.30196e-4 -2.64699e-4 1 8.935e-5 -3.48096e-4 1 2.16717e-4 -4.14075e-4 0.9999999 -1.90361e-4 -8.79849e-4 0.9999997 -4.95884e-4 -7.31068e-4 0.9999997 -5.00112e-4 -1.80248e-4 0.9999999 -2.96694e-4 -2.02952e-4 1 -3.14375e-4 -3.44855e-4 1 -8.92081e-4 -1.2206e-4 0.9999997 -8.56287e-4 2.15243e-4 0.9999997 -1.14957e-4 4.92696e-4 0.9999999 -7.78212e-5 5.42234e-5 1 -3.59353e-4 -2.96266e-5 1 -0.9688678 0.24715 -0.01456964 -0.82597 0.5635896 0.01185333 -0.8101319 0.5862398 0.003055274 -0.5607348 0.8279244 -0.01084834 -0.4662306 0.8845261 0.01557314 -0.2437496 0.9697666 -0.01178753 -0.1026278 0.9946501 0.01178789 0.1026282 0.99465 -0.01178789 0.2437524 0.969766 0.01178801 0.4328353 0.9014022 -0.0113061 0.571304 0.8206346 0.01306414 0.6977016 0.7163085 -0.01070123 0.7559735 0.6546024 1.6852e-4 0.8307926 0.5564907 0.01009804 0.9101182 0.414207 -0.01084393 0.9907318 0.1355966 0.008002042 0.9974262 0.07165509 -0.002553105 0.9698303 -0.2437682 0.002553105 0.9617821 -0.2738044 -0.002553284 0.8279691 -0.560768 0.002553045 0.8101258 -0.5862505 -0.002552628 0.5862405 -0.8101331 0.002553522 0.5607684 -0.8279689 -0.002553164 0.2484398 -0.9686428 0.002970695 0.2114343 -0.9773801 -0.004865169 -0.2114346 -0.97738 0.004864931 -0.2484415 -0.9686424 -0.002970457 -0.582326 -0.81295 0.002970218 -0.586242 -0.8101335 0.001977264 -0.82795 -0.5607581 -0.007019877 -0.8845891 -0.4662625 0.01007753 -0.9777023 -0.2097478 -0.01020401 -0.9936133 -0.1127262 0.005067825 -0.8667736 0.4987 -0.001362025 -0.98422 0.1768865 0.004714906 0.3635485 -0.9315744 -0.001283347 0.3282396 -0.9445745 -0.006159365 0.6739031 0.7388029 0.004998087 0.6372488 0.7705929 -0.01003032 0.4802742 0.8770624 0.009926378 1.05648e-6 0 1 -1.82523e-4 -0.001608848 0.9999987 -1.34193e-5 2.83385e-5 1 0.001493513 -0.001162588 0.9999982 0.00192064 -0.001447916 0.9999971 5.35007e-5 -7.36701e-4 0.9999998 -6.14986e-4 1.44182e-5 0.9999998 3.71071e-5 -3.95742e-5 1 -1.45958e-5 3.51442e-5 1 -1.32759e-5 3.41616e-5 1 -2.69667e-4 -2.03549e-4 1 -2.9514e-4 -1.98582e-4 1 -3.13474e-4 -3.44947e-4 0.9999999 -8.964e-4 -1.22412e-4 0.9999996 -8.58952e-4 2.15923e-4 0.9999997 -6.62047e-4 2.89126e-4 0.9999998 -7.43927e-4 5.02605e-4 0.9999996 -5.19651e-4 7.17318e-4 0.9999997 2.30432e-4 4.51531e-4 1 -2.48263e-5 9.57979e-5 1 -4.58061e-4 4.01565e-4 0.9999998 2.05973e-4 9.47059e-4 0.9999995 4.36216e-4 6.08913e-4 0.9999998 2.76064e-4 -3.6261e-4 1 -3.46592e-6 1.95681e-4 1 3.14289e-4 1.65274e-4 1 3.10233e-4 3.51592e-5 1 1.17028e-4 -1.32143e-4 1 9.85156e-5 1.97134e-4 1 8.51275e-7 0 -1 -8.84589e-7 0 -1 -1.43146e-6 0 -1 2.8706e-6 -8.43375e-6 -1 4.5266e-6 -2.86816e-7 -1 4.98794e-6 9.18382e-6 -1 -4.34376e-7 0 -1 -8.61249e-7 0 -1 -2.57827e-6 0 -1 8.75513e-7 0 -1 0 0 -1 0 1.54153e-5 -1 -1.03331e-5 4.8487e-6 -1 -1.01072e-5 2.29533e-6 -1 -2.31593e-6 6.15144e-6 -1 -1.12072e-5 -4.12952e-6 -1 0 0 -1 -7.2064e-6 -1.13037e-5 -1 1.85644e-6 0 -1 -4.34379e-7 0 -1 7.44865e-7 0 -1 -1.38727e-6 0 -1 -2.01152e-5 8.27295e-6 -1 1.64961e-6 -2.03639e-5 -1 -8.76695e-7 0 -1 -3.50007e-7 0 -1 8.77263e-7 0 -1 -8.75513e-7 0 -1 -4.17537e-6 1.16111e-5 -1 -7.16601e-6 -8.00045e-7 -1 -2.74769e-7 0 -1 -2.57081e-6 0 -1 5.96171e-6 0 -1 8.76294e-7 0 -1 1.35179e-6 0 -1 -7.35026e-6 -1.29484e-5 -1 2.84421e-6 -8.15514e-6 -1 1.97406e-5 2.59162e-6 -1 7.71244e-7 0 -1 3.27843e-7 0 -1 -6.79534e-7 0 -1 -2.55138e-6 0 -1 1.29549e-6 0 -1 -1.33211e-6 0 -1 1.40592e-6 0 -1 -8.0072e-7 0 -1 8.30892e-7 0 -1 -1.22483e-6 0 -1 2.9994e-6 0 -1 0 0 -1 -0.9961946 -0.08715796 0 -0.9659264 -0.2588174 0 -0.9659258 -0.2588198 0 -0.9063068 -0.4226205 0 -0.9063089 -0.422616 0 -0.819151 -0.5735781 0 -0.8191521 -0.5735763 0 -0.7071059 -0.7071077 0 -0.7071084 -0.7071053 0 -0.573576 -0.8191523 0 -0.5735777 -0.8191512 0 -0.422619 -0.9063075 0 -0.4226171 -0.9063084 0 -0.2588174 -0.9659263 0 -0.2588204 -0.9659255 0 -0.08715623 -0.9961947 0 -0.08715593 -0.9961947 0 0.08715623 -0.9961947 0 0.08715593 -0.9961947 0 0.2588174 -0.9659263 0 0.2588192 -0.9659259 0 0.4226199 -0.9063071 0 0.422618 -0.906308 0 0.5735749 -0.8191531 0 0.5735777 -0.8191512 0 0.7071059 -0.7071077 0 0.7071084 -0.7071053 0 0.8191498 -0.5735797 0 0.8191521 -0.5735763 0 0.9063087 -0.4226165 0 0.9063089 -0.422616 0 0.9659264 -0.2588174 0 0.9659251 -0.2588221 0 0.9961946 -0.08715796 0 0.996195 -0.08715301 0 0.996195 0.08715301 0 0.9961946 0.08715796 0 0.9659251 0.2588221 0 0.9659263 0.2588173 0 0.9063087 0.4226165 0 0.9063089 0.422616 0 0.8191521 0.5735763 0 0.8191498 0.5735797 0 0.7071084 0.7071053 0 0.7071062 0.7071074 0 0.5735772 0.8191515 0 0.5735753 0.8191529 0 0.422618 0.906308 0 0.4226199 0.9063071 0 0.2588186 0.9659259 0 0.2588179 0.9659261 0 0.08715581 0.9961947 0 0.08715641 0.9961947 0 -0.08715581 0.9961947 0 -0.08715641 0.9961947 0 -0.2588198 0.9659256 0 -0.2588179 0.9659261 0 -0.4226171 0.9063084 0 -0.422619 0.9063075 0 -0.5735772 0.8191515 0 -0.5735765 0.8191521 0 -0.7071084 0.7071053 0 -0.7071062 0.7071074 0 -0.8191521 0.5735763 0 -0.819151 0.5735781 0 -0.9063087 0.4226165 0 -0.906307 0.4226201 0 -0.9659258 0.2588198 0 -0.9659263 0.2588173 0 -0.9961946 0.08715796 0 -0.9961948 0.08715552 0 -0.9961948 -0.08715552 0 -0.9961947 -0.08715564 0 -0.965925 -0.2588223 0 -0.9659266 -0.2588165 0 -0.9063081 -0.4226176 0 -0.9063081 -0.4226176 0 -0.8191528 -0.5735754 0 -0.8191515 -0.5735774 0 -0.7071069 -0.7071067 0 -0.7071055 -0.7071081 0 -0.5735756 -0.8191526 0 -0.5735772 -0.8191515 0 -0.4226191 -0.9063075 0 -0.4226178 -0.906308 0 -0.2588189 -0.9659259 0 -0.258819 -0.9659259 0 -0.08715575 -0.9961947 0 -0.08715599 -0.9961947 0 0.08715546 -0.9961948 0 0.08715575 -0.9961947 0 0.2588189 -0.9659259 0 0.2588198 -0.9659257 0 0.4226178 -0.906308 0 0.5735771 -0.8191517 0 0.5735758 -0.8191525 0 0.7071069 -0.7071067 0 0.7071055 -0.7071081 0 0.8191528 -0.5735754 0 0.8191515 -0.5735774 0 0.9063081 -0.4226176 0 0.9063081 -0.4226176 0 0.965925 -0.2588223 0 0.9659266 -0.2588165 0 0.9961953 -0.0871495 0 0.9961942 -0.08716171 0 0.9961942 0.08716171 0 0.9961953 0.0871495 0 0.9659265 0.2588165 0 0.965925 0.2588222 0 0.9063081 0.4226176 0 0.9063081 0.4226176 0 0.8191514 0.5735775 0 0.819153 0.5735753 0 0.7071056 0.7071079 0 0.7071072 0.7071064 0 0.5735756 0.8191526 0 0.5735772 0.8191515 0 0.4226178 0.906308 0 0.2588197 0.9659257 0 0.258819 0.9659259 0 0.08715575 0.9961947 0 0.08715546 0.9961948 0 -0.08715599 0.9961947 0 -0.08715575 0.9961947 0 -0.2588189 0.9659259 0 -0.258819 0.9659259 0 -0.4226178 0.906308 0 -0.4226191 0.9063075 0 -0.5735771 0.8191517 0 -0.5735758 0.8191525 0 -0.7071056 0.7071079 0 -0.7071072 0.7071064 0 -0.8191514 0.5735775 0 -0.819153 0.5735753 0 -0.9063081 0.4226176 0 -0.9063081 0.4226176 0 -0.9659268 0.2588157 0 -0.965925 0.2588223 0 -0.9961947 0.08715587 0 -0.9961947 0.08715564 0 0 0 -1 5.72373e-7 0 -1 -3.14097e-7 0 -1 2.27167e-7 0 -1 1.0047e-6 0 -1 -4.83297e-7 0 -1 3.92031e-7 0 -1 -4.93097e-6 0 -1 -6.74598e-7 0 -1 1.88376e-5 0 -1 1.2687e-5 0 -1 -3.7675e-5 0 -1 5.39678e-6 0 -1 2.70647e-6 0 -1 -2.48526e-6 0 -1 2.10129e-6 0 -1 -2.43426e-6 0 -1 -1.25639e-6 0 -1 8.36897e-7 0 -1 -1.27132e-6 0 -1 -2.7386e-7 0 1 5.4772e-7 0 1 1.01849e-6 0 1 -1.09544e-6 0 1 -7.63867e-7 0 1 1.78235e-6 0 1 2.19088e-6 0 1 2.03698e-6 0 1 4.38176e-6 0 1 4.07395e-6 0 1 2.19088e-6 0 1 -2.19088e-6 0 1 2.7386e-7 0 1 -5.47721e-7 0 1 -1.01849e-6 0 1 1.09544e-6 0 1 7.63864e-7 0 1 -1.78236e-6 0 1 -2.19088e-6 0 1 -2.03698e-6 0 1 -4.38176e-6 0 1 4.38176e-6 0 1 -4.07394e-6 0 1 -4.38175e-6 0 1 -4.38176e-6 0 1 -2.19088e-6 0 1 2.19088e-6 0 1 0.586423 -0.8099839 0.005863249 0.5877851 -0.8090171 0 0.4817535 -0.8763068 0 0.4817533 -0.8763069 0 0.3681247 -0.9297764 0 0.3903847 -0.9162264 0.09016144 0.2486901 -0.9685829 5.30606e-4 0.2801263 -0.9488344 0.1457483 0.1253049 -0.991893 -0.02114486 0.1607734 -0.9757272 0.1486895 0 -0.999765 -0.02167928 0.03755605 -0.9879592 0.1500872 -0.1253021 -0.9918698 -0.02222192 -0.08619636 -0.9846932 0.1514912 -0.2486257 -0.9683321 -0.02276456 -0.2085447 -0.965986 0.1529062 -0.3680246 -0.9295241 -0.02329891 -0.3275694 -0.9321408 0.1543107 -0.4816169 -0.8760578 -0.02383321 -0.441405 -0.8836923 0.1557229 -0.5876104 -0.8087772 -0.02436751 -0.5482677 -0.8214067 0.1571425 -0.6843347 -0.7287427 -0.02490174 -0.6464822 -0.746268 0.1585711 -0.7702635 -0.6372185 -0.02543598 -0.7345158 -0.6594617 0.15999 -0.8440429 -0.5356466 -0.02596908 -0.8109882 -0.5623541 0.161419 -0.9045098 -0.4256287 -0.02650135 -0.8747072 -0.4564712 0.1628542 -0.9507092 -0.3089041 -0.02702766 -0.9251487 -0.3431789 0.1622597 -0.9815527 -0.1872434 -0.03865849 -0.9655743 -0.2217142 0.1360487 -0.9977654 -0.0627734 -0.02288633 -0.980252 -0.1041531 0.168102 -0.9976184 0.06276422 -0.02860713 -0.9854772 0.01999092 0.168627 -0.9818702 0.1873026 -0.02913331 -0.975228 0.1433678 0.168452 -0.9506049 0.3088698 -0.03082013 -0.9492375 0.2632298 0.1722163 -0.9045035 0.4256255 -0.02676504 -0.9084661 0.3808712 0.1721241 -0.8439296 0.535575 -0.03069746 -0.8537494 0.4905893 0.1744543 -0.7701372 0.637114 -0.03122007 -0.7690767 0.6380379 -0.03779935 -0.6826735 0.7269736 0.07393485 -0.6608322 0.7504735 -0.009502232 -0.5861961 0.8068321 0.07345986 -0.5619444 0.8271241 -0.00918591 -0.4804683 0.87397 0.07298296 -0.454257 0.8908266 -0.008862912 -0.3671565 0.9273297 0.07249772 -0.3394595 0.9405821 -0.008528411 -0.248044 0.9660689 0.07200819 -0.2193456 0.975613 -0.008179485 -0.1250123 0.9895735 0.07152694 -0.09579885 0.99537 -0.007824242 0 0.997474 0.07103335 0.02924811 0.9995444 -0.00745958 0.1250212 0.9896433 0.07053959 0.1538382 0.9880707 -0.007078409 0.248079 0.9662045 0.07004171 0.2691249 0.9630213 0.01271355 0.3678794 0.9291556 0.03653353 0.3784526 0.9256207 0 0.4817529 0.8763072 0 0.4817535 0.8763068 0 0.5862439 0.8101348 0 0.5877723 0.8090005 0.006483197 0.6316341 0.7752665 5.98779e-4 0.6845465 0.728969 -6.29718e-4 0.6838467 0.7296258 0 0.7705138 0.6374235 0 0.7705129 0.6374245 0 0.8443279 0.5358269 0 0.9048273 0.425779 0 0.9048272 0.4257791 0 0.9510567 0.3090167 0 0.9510567 0.3090166 0 0.982287 0.1873825 0 0.9822873 0.187381 0 0.9980267 0.06279098 0 0.9980267 0.06279093 0 0.9980268 -0.06279098 0 0.9980267 -0.06279093 0 0.9822874 -0.1873811 0 0.982287 -0.1873825 0 0.9510566 -0.3090167 0 0.9510567 -0.3090167 0 0.9048274 -0.4257788 0 0.9048273 -0.4257789 0 0.8443279 -0.5358269 0 0.7705131 -0.6374244 0 0.7705137 -0.6374236 0 0.6845467 -0.728969 0 0.6837299 -0.7297348 -7.15247e-4 0.6332181 -0.7739735 3.5084e-4 0.8382976 0.5452117 -0.001231431 0.8557374 0.5173133 -0.01002573 0.786273 0.6178492 0.006105482 0.8005668 0.5990453 0.0154128 0.7884212 0.6151039 -0.006266891 0.7871713 0.61671 -0.005507647 0.8169511 0.5767068 5.53511e-4 0.8353791 0.5496743 -1.8061e-4 0.7871826 0.6167181 0.001572072 0.8557209 0.5173017 0.01186537 0.8698983 0.4932312 0 0.9118998 0.410413 0 0.9118998 0.4104131 0 0.9547215 0.2975015 0 0.9594314 0.2816738 -0.01231068 0.9908581 0.1349084 -3.02125e-5 0.9859329 0.1670224 0.006320893 0.9835358 0.1802402 0.01307052 0.9973695 0.07217407 -0.006712853 0.9972576 0.07354331 0.00829786 0.998175 0.06037801 0.001117825 0.9870375 0.1604542 -0.003407537 0.9915062 0.13006 2.07618e-4 0.9981749 0.06037759 -0.00125879 0.8701493 0.4927883 0 0.9118995 0.4104137 0 0.9119001 0.4104126 0 0.9547211 0.2975026 0 0.954721 0.2975025 0 0.977171 0.212455 0 0.9835724 0.1802472 -0.009818673 0.836506 -0.5479577 4.82249e-4 0.8557307 -0.5173064 0.0109108 0.8592115 -0.5115596 0.007917225 0.8015402 -0.5977758 -0.01404929 0.7870291 -0.616889 -0.005766153 0.7850159 -0.619452 0.005413889 0.7990875 -0.6010444 0.01431721 0.7871823 -0.6167178 0.001823663 0.8343412 -0.5512485 1.19042e-4 0.8768214 -0.4808162 -3.47152e-4 0.8557512 -0.51732 -0.008367359 0.8569071 -0.5153862 -0.0093472 0.7871828 -0.6167185 -0.001339435 0.879243 -0.4763734 -3.86533e-4 0.9118989 -0.4104126 0.001412928 0.9001093 -0.4352014 0.0200749 0.9120234 -0.4100584 0.008094012 0.9192121 -0.3937503 0.003156065 0.9188733 -0.3945419 -0.002972722 0.91135 -0.4115641 -0.007498979 0.8999378 -0.4356651 -0.01755231 0.9118991 -0.4104129 -0.001115977 0.7733176 -0.6340188 0 0.7071065 -0.7071071 0 0.707107 -0.7071066 0 0.6167186 -0.7871837 0 0.6167191 -0.7871834 0 0.5173379 -0.8557814 0 0.5173376 -0.8557814 0 0.4104126 -0.9119 0 0.2975032 -0.9547209 0 0.2975034 -0.9547209 0 0.1802547 -0.98362 0 0.06037884 -0.9981756 0 -0.06037873 -0.9981756 0 -0.1802548 -0.98362 0 -0.1802547 -0.98362 0 -0.2975034 -0.9547209 0 -0.2975032 -0.9547209 0 -0.4104126 -0.9119 0 -0.517338 -0.8557812 0 -0.5173379 -0.8557814 0 -0.6167191 -0.7871834 0 -0.707107 -0.7071066 0 -0.7871829 -0.6167196 0 -0.8557813 -0.5173377 0 -0.8557817 -0.517337 0 -0.9118996 -0.4104136 0 -0.9118999 -0.4104128 0 -0.9547209 -0.2975032 0 -0.98362 -0.1802546 0 -0.9981756 -0.06037849 0 -0.9981757 -0.06037658 0 -0.9981757 0.06037658 0 -0.9981756 0.06037849 0 -0.9836201 0.1802546 0 -0.9547209 0.2975032 0 -0.9118999 0.4104128 0 -0.9118996 0.4104136 0 -0.8557819 0.517337 0 -0.8557814 0.5173376 0 -0.7871828 0.6167199 0 -0.707107 0.7071066 0 -0.6167191 0.7871834 0 -0.5173382 0.8557811 0 -0.5173384 0.8557809 0 -0.4104126 0.9119 0 -0.2975027 0.954721 0 -0.2975029 0.9547209 0 -0.1802552 0.9836199 0 -0.1802552 0.9836199 0 -0.06037825 0.9981756 0 0.06037831 0.9981756 0 0.1802552 0.9836199 0 0.2975029 0.9547209 0 0.2975027 0.954721 0 0.4104126 0.9119 0 0.517338 0.8557812 0 0.5173382 0.8557811 0 0.6167191 0.7871834 0 0.6167186 0.7871837 0 0.707107 0.7071066 0 0.7071065 0.7071071 0 0.7733201 0.6340158 0 0.9985597 0.05365276 0 0.9981756 -0.06037849 0 0.98362 -0.1802546 0 0.9547206 -0.2975041 0 0.9547211 -0.2975023 0 0.9251527 -0.3795954 0 0 0 1 0 0 1 1.37005e-7 0 1 1.82477e-7 0 1 -1.71581e-7 0 1 0 0 1 -2.35212e-7 0 1 1.71929e-7 0 1 2.50887e-7 0 1 -2.56845e-7 0 1 5.18982e-7 0 1 -1.2646e-7 0 1 -3.97923e-7 0 1 2.60193e-7 0 1 -2.5292e-7 0 1 -2.57498e-7 0 1 1.20229e-7 0 1 0 0 1 0 0 1 0 0 1 0 0 1 3.14485e-7 0 1 -2.39082e-7 0 1 2.15384e-7 0 1 0 0 1 -2.69967e-7 0 1 -4.40278e-7 0 1 2.69967e-7 0 1 -5.39079e-7 0 1 5.30175e-7 0 1 0 0 1 -2.69675e-7 0 1 1.25444e-7 0 1 0 0 1 0 0 1 0 0 1 0 0 1 0 0 1 0 0 -1 2.22081e-7 0 -1 4.40914e-7 0 -1 -2.21952e-7 0 -1 -4.43046e-7 0 -1 4.39682e-7 0 -1 4.38543e-7 0 -1 4.37286e-7 0 -1 4.25345e-7 0 -1 -2.344e-7 0 -1 4.16302e-7 0 -1 0 0 -1 -1.19663e-7 0 -1 2.05631e-7 0 -1 0 0 -1 0 0 -1 -4.41246e-7 0 -1 2.21758e-7 0 -1 -4.43e-7 0 -1 4.43045e-7 0 -1 -4.3968e-7 0 -1 -4.38543e-7 0 -1 -4.35912e-7 0 -1 4.54013e-7 0 -1 -4.56058e-7 0 -1 4.29292e-7 0 -1 -4.60637e-7 0 -1 0 0 -1 1.19663e-7 0 -1 -2.04311e-7 0 -1 0 0 -1 0.961656 -0.2737745 -0.01628565 0.9220944 -0.3868108 0.01093572 0.8063051 -0.5914496 -0.00772041 0.8315591 -0.5553829 0.007720232 0.6788544 -0.7341916 -0.01093596 0.5861658 -0.8100275 0.01628649 0.4084202 -0.9126487 -0.01628661 0.2737717 -0.9616569 0.01628673 0.07164561 -0.9972972 -0.01628667 -0.07164692 -0.9972971 0.01628655 -0.2374731 -0.971339 -0.01034688 -0.4084547 -0.9127216 0.01020014 -0.4577527 -0.8890675 -0.004648208 -0.6960181 -0.7180036 0.005451977 -0.7180053 -0.6960163 -0.005451679 -0.8890632 -0.4577611 0.004648268 -0.8967828 -0.442471 0 -0.9713902 -0.2374891 0 -0.9753028 -0.2208231 -0.004648089 -0.9988314 0.04810589 0.004648566 -0.9978723 0.06519907 0 -0.9599933 0.2800229 0 -0.955047 0.2964181 -0.004648804 -0.8279597 0.5607612 0.005451142 -0.8101269 0.5862292 -0.005452096 -0.5862323 0.8101247 0.005451917 -0.5914589 0.8062982 0.007721006 -0.3868079 0.9220955 -0.0109353 -0.2737711 0.961657 0.01628637 -0.07164669 0.9972971 -0.01628661 0.07164531 0.9972973 0.01628673 0.2737714 0.9616569 -0.01628649 0.4084203 0.9126487 0.01628661 0.5553697 0.8315393 -0.010347 0.6959911 0.717978 0.0102002 0.7342265 0.6788887 -0.004648149 0.899614 0.4366521 0.005451858 0.9127547 0.4084718 -0.005452036 0.9920119 0.1260595 0.004647552 0.997378 0.07164728 -0.01019996 0.9939811 -0.1090624 0.01034754 4.634e-6 0 1 -2.46078e-7 0 1 -3.17903e-7 0 1 0 0 1 -1.44022e-7 0 1 -9.10495e-7 0 1 6.67309e-7 0 1 -1.03662e-6 0 1 4.558e-7 0 1 7.55019e-7 0 1 1.31243e-6 0 1 -9.63699e-7 0 1 -1.45772e-6 0 1 -0.9986591 0.05090785 -0.009406626 -0.9617568 0.2738083 0.007279634 -0.9084851 0.4178568 -0.007125377 -0.7901923 0.612782 0.009716033 -0.7107806 0.7033788 -0.007029116 -0.4012304 0.915969 0.00387305 -0.4323157 0.9017125 -0.004220783 -0.03850334 0.9992234 0.008384048 0.07971107 0.9967313 -0.01314896 0.412842 0.9107365 0.01097488 0.543428 0.8394031 -0.009407699 0.7406908 0.6717758 0.009715437 0.8161165 0.5778448 -0.007028639 0.9645524 0.2638741 0.003044247 0.9630907 0.2691698 0.001968264 0.9966362 -0.08193814 -0.001557111 0.9947172 -0.1026386 0.001709938 0.9085053 -0.4178705 -0.001556813 0.8846141 -0.4662725 0.006926178 0.7107715 -0.7033612 -0.009329915 0.5823047 -0.8129125 0.009733378 0.4273467 -0.9040598 -0.007125556 0.2437637 -0.9698073 0.007279574 0.09236878 -0.9956995 -0.007125318 -0.1355934 -0.9907169 0.009715974 -0.2537509 -0.9672441 -0.007029354 -0.5926331 -0.8054633 0.003872573 -0.5914942 -0.8063015 0.003537416 -0.903119 -0.4293764 -0.003448903 -0.901715 -0.4323104 -0.004220783 -0.9974024 -0.07165122 0.007383346 2.01807e-6 0 1 -6.05573e-7 0 1 -1.23769e-6 0 1 2.25525e-6 0 1 -3.02717e-6 0 1 -1.65336e-6 0 1 -1.32536e-7 0 1 2.35069e-6 0 1 -3.51152e-7 0 1 -2.06251e-6 0 1 -1.85801e-7 0 1 1.0415e-6 0 1 2.78704e-6 0 1 -5.19722e-7 0 1 2.74334e-6 0 1 3.98376e-6 0 1 -1.50992e-6 0 1 1.39737e-6 0 1 -1.22649e-6 0 1 1.08929e-6 0 1 -2.36331e-6 0 1 3.01978e-6 0 1 -0.9986591 0.05090808 -0.009406566 -0.9521173 0.3055787 0.009715199 -0.908486 0.4178563 -0.007029056 -0.7107974 0.7033904 0.00304383 -0.714651 0.6994785 0.001968085 -0.4273596 0.9040805 -0.001557111 -0.4084728 0.9127689 0.001710474 -0.09237283 0.9957233 -0.001557171 -0.03850251 0.9992345 0.006926238 0.2537471 0.9672256 -0.009330153 0.4128501 0.9107469 0.009733259 0.5692645 0.8221236 -0.007125675 0.7179967 0.6960085 0.007279336 0.8161164 0.5778436 -0.007125377 0.9127438 0.4084675 0.007279574 0.9645323 0.2638687 -0.007125437 0.9992111 0.03850889 0.009715855 0.9966124 -0.0819413 -0.007029116 0.9085046 -0.417864 0.003044068 0.910789 -0.4128676 0.001968026 0.6903108 -0.7235106 -0.001840293 0.6718066 -0.7407199 0.003166496 0.2660214 -0.963961 -0.003448665 0.2374581 -0.9713914 0.003536999 -0.2516 -0.9678252 -0.003449499 -0.2800506 -0.9599788 0.003536999 -0.6809611 -0.7323133 -0.003048062 -0.6994811 -0.7146484 0.001969039 -0.9159749 -0.4012313 -0.001839041 -0.9127632 -0.4084748 -0.003408908 -0.9974024 -0.07165139 0.007383286 -2.91696e-6 0 1 1.47706e-6 0 1 4.35497e-6 0 1 1.75724e-6 0 1 -2.3023e-6 0 1 3.35127e-6 0 1 -5.44648e-7 0 1 -7.64397e-7 0 1 -1.37168e-6 0 1 4.88188e-6 0 1 0 0 1 8.78615e-7 0 1 1.38569e-6 0 1 7.64395e-7 0 1 -0.9672293 0.2537388 -0.009176731 -0.8966918 0.4424588 0.01319402 -0.8221271 0.5692621 -0.00691384 -0.5541903 0.8323814 0.003808736 -0.5553709 0.8315955 0.003479003 -0.1232708 0.9923686 -0.002997457 -0.09783524 0.9952008 0.00193578 0.2537553 0.9672673 -0.0015316 0.2738057 0.9617836 0.001681745 0.5692782 0.8221436 -0.001531839 0.5862511 0.8101277 0.001681983 0.8161355 0.5778588 -0.001531302 0.8279715 0.5607678 0.001681745 0.9717319 0.2360802 -0.001809895 0.9773845 0.2114472 0.003113448 0.9678247 -0.2516028 -0.003392398 0.968636 -0.2484498 -0.004151701 0.8101148 -0.5862263 0.007262468 0.7123062 -0.7017462 -0.01312732 0.5607482 -0.8279356 0.009171962 0.2937191 -0.9558708 -0.006335616 0.2437677 -0.9698323 0.001681923 -0.1105113 -0.9938732 -0.001809597 -0.1355975 -0.9907591 0.003114163 -0.5674396 -0.8234081 -0.003391981 -0.5914898 -0.8063051 0.003479063 -0.8903582 -0.4552509 -0.002997756 -0.901724 -0.432308 0.001936137 -0.9957243 -0.09236252 -0.001531243 -0.9992356 -0.03849464 0.006812334 0.001318275 0.4029043 0.9152413 -8.88733e-4 0.4488639 0.8935996 9.77297e-4 0.7060483 0.708163 -0.002348124 0.7705804 0.6373385 0.002984523 0.9025196 0.4306386 -0.002203583 0.9841073 0.1775619 9.95762e-4 0.9959942 0.0894137 -9.32914e-4 0.9711681 -0.2383944 0.001422822 0.9573661 -0.2888745 -0.001463651 0.7368889 -0.6760124 8.26951e-4 0.7102579 -0.7039411 3.02031e-4 0.3077834 -0.9514565 -0.001528382 0.2735101 -0.9618679 0.002031445 -0.007436394 -0.9999703 0.006895363 -0.01778525 -0.9998181 3.29668e-4 1.48371e-4 -1 3.40257e-4 9.59955e-5 -1 -0.003069996 -0.4575507 -0.8891782 0.002342939 -0.5283307 -0.8490355 0.00221163 -0.8503774 -0.5261688 -0.001087605 -0.8172885 -0.5762277 -0.002677321 -0.9748039 -0.2230476 0.004619121 -0.9979545 -0.06376248 -0.004787087 -0.9737189 0.2277034 0.005077242 -0.9065885 0.4219853 -0.003832161 -0.7264062 0.687255 0.002802431 -0.6110541 0.7915839 -0.002423882 -0.3967479 0.9179245 0.00180155 -0.2826935 0.9592087 -0.001221716 0.03530913 0.9993757 -0.001104176 -0.02622479 0.9996556 8.06911e-4 8.16131e-4 0.9999994 9.52728e-4 4.2879e-4 0.9999995 9.79027e-4 3.05076e-4 0.9999995 1 0 -3.90108e-7 1 -1.81884e-7 0 1 -7.40337e-6 1.3388e-6 1 1.22359e-6 -4.33015e-7 1 2.05158e-6 -4.55824e-7 1 -4.40407e-7 -1.22343e-6 1 5.05439e-6 2.00477e-6 1 1.02012e-6 -1.82478e-6 1 -7.72021e-6 4.10585e-6 1 5.006e-6 -3.92998e-7 1 8.32104e-7 -3.99079e-7 1 -1.46972e-7 -1.40524e-6 1 1.41012e-5 4.35356e-6 -0.002278804 -0.589244 -0.8079521 0.003900229 -0.70539 -0.7088088 -0.002698957 -0.8433704 -0.537326 0.002238392 -0.9578487 -0.2872648 -0.001357078 -0.9802297 -0.1978586 0.001892209 -0.9961946 0.08713638 -0.001918137 -0.9802011 0.197995 0.002368032 -0.8949931 0.4460738 -0.001898586 -0.8409883 0.54105 0.001976668 -0.5881931 0.8087183 8.66964e-4 -0.5724046 0.8199709 -0.001791536 -0.2435989 0.9698744 0.002718031 -0.1369681 0.9905718 -0.002056956 0.1037911 0.994597 0.00209999 0.243769 0.9698311 -0.003005564 0.4760988 0.8793867 0.001959323 0.5667087 0.8239159 3.42028e-4 0.8319363 0.554871 -0.001092255 0.8171751 0.5763885 0.001176595 0.977855 0.2092805 2.95256e-4 0.9746714 0.2236416 0.002950966 0.9660193 -0.2584534 -0.001039147 0.9818302 -0.1897588 9.53459e-4 -0.2704175 -0.9627428 0.002656757 -0.2414373 -0.9704128 -0.002806723 0.07348692 -0.9972923 0.003898799 0.2800506 -0.9599774 -0.003699898 0.4462556 -0.8948978 0.005203485 0.7202851 -0.6936588 -0.003380715 0.8277685 -0.5610596 1 6.26375e-7 3.75467e-7 1 4.53917e-7 0 1 1.19225e-7 4.36506e-7 1 2.90754e-7 0 1 7.56583e-7 3.33735e-6 1 -3.74356e-7 1.16223e-6 1 -1.53339e-6 -5.97021e-7 1 -2.44318e-6 -3.59354e-6 1 -1.36158e-5 -9.04177e-6 1 2.65909e-5 7.29525e-6 1 6.56624e-6 -4.75587e-6 1 -5.69432e-7 6.58229e-7 0.6511843 0.178147 0.7377145 0.5987124 0.42391 0.6795909 0.5927816 0.4056569 0.6957389 0.3860747 0.5952971 0.7046756 0.3810083 0.6497605 0.6577568 0.05162829 0.6455652 0.7619581 -0.03698831 0.7653647 0.6425331 -0.2765648 0.6298934 0.7257729 -0.3791955 0.6671161 0.641223 -0.4579106 0.453135 0.7648442 -0.7027016 0.3232077 0.6338355 -0.7312545 0.3190112 0.6029086 -0.6327871 0.03289252 0.7736269 -0.7791806 -0.2034051 0.5928777 -0.5877372 -0.2794292 0.7592657 -0.5389578 -0.563274 0.6262962 -0.3980675 -0.5420452 0.7400875 -0.1861559 -0.7095796 0.6795902 -0.1933439 -0.6917852 0.695738 0.06542181 -0.7052121 0.7059716 0.1281831 -0.756595 0.6411967 0.2752996 -0.5823966 0.7648689 0.5498035 -0.5440747 0.6337972 0.5334656 -0.5403698 0.6507034 0.6072824 -0.2793219 0.7437657 0.728349 -0.2035775 0.6542659 0.6746401 -0.05547106 0.7360597 0.7510501 0.102808 0.6521919 0.6683405 0.1629807 0.7257813 0.706238 0.2266674 0.6707085 0.5455472 0.3862701 0.7437565 0.5404739 0.5289811 0.6542683 0.3853541 0.556523 0.7360602 0.2864899 0.7018343 0.6521903 0.1713156 0.6530075 0.737721 -0.0908029 0.735406 0.6715154 -0.0791251 0.7209312 0.6884747 -0.392363 0.5882802 0.7070911 -0.4821882 0.6155977 0.6233251 -0.5296252 0.3667281 0.7648579 -0.7481657 0.1962795 0.6338158 -0.6886933 0.2135807 0.6928815 -0.7052127 -0.06541711 0.7059715 -0.7348762 -0.1005927 0.6706998 -0.5909484 -0.3014712 0.7482615 -0.633108 -0.4644454 0.6192453 -0.3661448 -0.5313108 0.7639679 -0.3160667 -0.7187733 0.6192471 -0.07178223 -0.651155 0.7555425 0.1118889 -0.7890104 0.6041055 0.1941594 -0.6339367 0.7486163 0.5327835 -0.5248864 0.6638043 0.5596836 -0.5324071 0.6350567 0.6267883 -0.1629406 0.7619624 0.7601727 -0.09647119 0.6425192 0.6511774 0.1781451 0.7377212 0.5987176 0.4239165 0.6795823 0.592781 0.4056565 0.6957395 0.4031859 0.5822719 0.7059749 0.395312 0.6276147 0.6706923 0.1696199 0.6465554 0.743771 0.07401913 0.7526391 0.6542597 -0.06252974 0.674022 0.73606 -0.2316787 0.7217847 0.65219 -0.28851 0.6103519 0.7377213 -0.5214426 0.5160056 0.6795852 -0.5024335 0.5133296 0.6957395 -0.6434416 0.2959542 0.7059704 -0.7192984 0.2672972 0.6412193 -0.6327874 0.03289282 0.7736266 -0.7791793 -0.2034047 0.5928796 -0.6157671 -0.2703892 0.7400814 -0.5049842 -0.542267 0.6715188 -0.5094494 -0.5671979 0.6471074 -0.1629444 -0.6267895 0.7619607 -0.07485091 -0.7963884 0.6001357 0.1716565 -0.6220124 0.7639598 0.3474428 -0.7041258 0.6192661 0.4526767 -0.4735485 0.7555368 0.6763292 -0.4214434 0.6041227 0.6236249 -0.2868372 0.7271977 0.6682572 -0.05493527 0.7418993 0.7944328 0.06435483 0.603933 -0.9569699 -0.2781221 -0.08280557 -0.9157876 -0.3875684 0.1054698 -0.8069736 -0.5839631 -0.08820867 -0.7152194 -0.6933114 0.0882073 -0.5130912 -0.8482323 -0.1312987 -0.4131107 -0.9036509 0.112936 -0.9992311 -0.002762675 0.03911143 -0.9997087 4.84325e-4 -0.02413362 -0.9996693 4.31984e-4 -0.02571505 -0.2552004 0.9611683 0.1050163 -0.4167198 0.9021752 -0.1114655 -0.5585834 0.8247449 0.08820718 -0.7152191 0.6933113 -0.08821022 -0.8069741 0.5839623 0.08820939 -0.9166259 0.3849372 -0.1077983 -0.9570286 0.2777789 0.083278 0.005953669 0.9997274 -0.02257883 0.003213942 0.9979317 -0.06420379 0.9591488 0.2825706 0.01370054 0.9599232 0.2794638 0.02115535 0.8074582 0.5843051 -0.08123326 0.7357109 0.6672526 0.1162049 0.5130928 0.8482307 -0.131303 0.4212043 0.901886 0.09585702 0.9999814 0.001688599 0.005872845 0.999854 0 -0.01709175 0.9996321 -3.35929e-4 -0.02712506 0.9995448 -0.003215193 0.03000134 0.4168563 -0.902469 -0.1085383 0.5356315 -0.8251556 0.1794916 0.7128015 -0.6909705 -0.1203079 0.8895316 -0.4436784 0.1090092 0.921369 -0.3860437 -0.0452724 -0.00321114 -0.9970633 -0.0765143 0.007211029 -0.9963805 0.08469915 -0.4535004 0.8912562 0 -0.4535017 0.8912555 0 0 1 0 -1 0 0 0 -1 0 -0.4535017 -0.8912555 0 -0.4535017 -0.8912554 0 1 0 0 0.4535138 0.8912493 0 0.4535138 0.8912494 0 0.4535138 -0.8912494 0 0.4535138 -0.8912493 0 3.27871e-7 0 1 4.10556e-7 0 1 -7.74628e-7 0 1 -1.38443e-6 0 1 0.001787364 0.9999984 0 0 0.9999197 -0.01267158 -0.9993709 -0.02991092 0.01905608 -0.9997006 -0.02447074 0 -0.7765715 -0.6290402 -0.03528797 -0.7496336 -0.6603128 0.04512697 -0.2625699 -0.9641093 -0.03937739 -0.2234913 -0.9741058 0.03420233 0.1874439 -0.9817485 -0.03216719 0.225709 -0.973284 0.04211479 0.6901222 -0.7224752 -0.04196357 0.7459166 -0.657388 0.1070021 0.9776073 -0.1123696 -0.1779243 0.9951666 -0.03549617 0.09156185 -0.9969378 0.07794415 -0.00631994 0 -0.9999999 4.99421e-4 -1.10677e-4 -1 0 0.9992523 0.03866434 0 0.9987583 0.04723316 0.01584517 0.6837718 0.7286913 0.0382781 0.7157705 0.6977631 -0.02827244 -0.6932368 0.7206575 0.008697092 -0.6705608 0.7409667 -0.03628599 -0.05212652 0.9980619 0.03398966 -0.01611596 0.9992413 -0.03545767 -0.9948093 0.09723824 0.02998763 5.21265e-7 0 1 -1.33046e-7 1 0 0 1 2.07884e-6 1.6215e-7 -1 0 -1 -7.23882e-7 4.6566e-7 0 -1 -1.03942e-6 -3.26505e-6 0 1 9.70557e-7 0 1 -2.05278e-6 0 1 1.54926e-6 0 1 -3.38349e-6 0 1 0 0.9999197 -0.01267468 -0.9993709 -0.02991098 0.01905596 -0.7765718 -0.6290397 -0.0352897 -0.7496323 -0.6603143 0.04512727 -0.2625693 -0.9641094 -0.03937739 -0.2234921 -0.9741054 0.03420346 0.1874434 -0.9817485 -0.0321685 0.2257082 -0.9732842 0.04211652 0.6901224 -0.7224749 -0.04196584 0.7459168 -0.6573879 0.1070019 0.9776073 -0.1123694 -0.1779245 0.9951666 -0.03549617 0.09156191 -0.9969378 0.07794404 -0.00631988 0 -0.9999999 4.9861e-4 -1.10884e-4 -1 0 0.9987583 0.04723316 0.01584523 0.6837717 0.7286913 0.0382784 0.7157688 0.6977649 -0.02827066 -0.6932374 0.7206569 0.00869584 -0.6705601 0.7409673 -0.03628617 -0.05212658 0.9980619 0.03399056 -0.01611584 0.9992414 -0.03545594 -0.9948093 0.09723836 0.02998739 4.25055e-7 0 1 0 0 1 -1.89879e-6 0 1 -2.04038e-7 0 1 -8.31383e-7 0 1 2.15644e-6 0 1 -9.43998e-7 0 1 0.3746229 0.9271774 0 -0.3543242 -0.9351227 0 -0.3543232 -0.935123 0 -0.3543243 0.9351226 0 -0.3543232 0.9351231 0 0.374463 -0.9272419 0 -0.3962848 0.9181277 0 -0.3962836 0.9181281 0 -0.3962848 -0.9181277 0 -0.3962836 -0.9181281 0 6.0636e-7 0 1 1.24995e-6 0 1 1.8434e-6 0 1 -2.45525e-6 0 1 0 1 -2.07884e-6 -1 -7.23883e-7 4.65661e-7 -0.07950007 -0.9881552 -0.1312592 -0.03744328 -0.9992988 0 -0.4859536 0.8739848 0 -0.5108429 0.8519675 0.1148518 0.4501586 -0.8929434 -0.003071546 0.4509285 -0.8925601 0 -0.8565864 -0.5159815 -0.004791855 -0.8414173 -0.539853 0.02399611 -0.3559005 -0.9341263 -0.02725559 -0.3100105 -0.9501885 0.03217524 0.2782988 -0.9599899 -0.03113341 0.3209923 -0.946808 0.02277541 0.80791 -0.5888394 -0.02344417 0.8333514 -0.5520128 0.02841383 0.9997048 -0.0242995 0 0.9994454 -0.02956002 -0.01532959 -6.92962e-4 -0.9999996 -6.84281e-4 -2.17864e-4 -1 0 0.9994946 0.03179186 0 0.9936066 0.08823424 0.07043284 0.284422 0.9501456 0.1277789 0.7610551 0.6334544 -0.1397525 -0.9968886 0.07877171 0.00286436 -0.9956606 0.09167581 -0.01599282 -0.586782 0.8095927 0.01570218 -0.4147704 0.9051433 -0.0931726 8.00604e-7 0 1 -0.5871471 0.8094803 0 -0.5871471 0.8094804 0 0.585233 0.8108652 0 0.5852344 0.8108643 0 -0.5854429 -0.8107137 0 -0.5871351 0.8094889 0 -0.5871363 0.8094882 0 0.5871384 -0.8094866 0 0.5871385 -0.8094866 0 -0.5852631 -0.8108436 0 -0.5852631 -0.8108434 0 0.5855486 0.8106374 0 0.58555 0.8106364 0 0.5871539 -0.8094754 0 -9.36088e-7 0 1 7.27963e-7 0 1 -1.87218e-6 0 1 1.37957e-6 0 1 -0.4844112 -0.8741024 0.03593027 -0.550608 -0.8332638 -0.05002367 -0.9891043 -0.1388334 0.04897141 -0.9879798 0.1220359 -0.09488564 -0.8340992 0.544683 0.08717256 -0.4224154 0.9023228 -0.08590173 -0.0416215 0.9928351 0.1120106 0.27282 0.9552486 -0.1143215 0.6048719 0.7510197 0.2647634 0.6581423 0.7485607 0.08065724 0 0.9971972 -0.07481896 -0.9997515 0.02229458 0 -0.9944559 0 0.1051544 -0.6469231 -0.7625263 0.006658017 -0.6491169 -0.7606887 0 -0.3834457 -0.9230962 -0.02937376 -0.3511843 -0.9355016 0.03880989 0.2887348 -0.9566842 -0.0372501 0.3332867 -0.9422248 0.03365379 0.8491742 -0.5270761 -0.03307789 0.8743059 -0.4841151 0.0349546 0.9904552 0.1344987 -0.03014546 0.9842914 0.1749552 0.02369046 0.7601453 0.6493496 -0.02289491 0.7301735 0.6826885 0.02798271 0.2679811 0.9629735 -0.02946662 0.2421213 0.97019 0.01042866 -0.9809299 -0.1644848 0.1035442 -0.9972431 -0.07376044 -0.008111119 -2.91121e-6 0 1 9.2612e-7 0 1 -2.54689e-6 0 1 -8.89338e-7 0 1 2.13798e-6 0 1 -1.2069e-6 0 1 1.06254e-6 0 1</float_array>
          <technique_common>
            <accessor source="#Ydlidar_X2-mesh-normals-array" count="1757" stride="3">
              <param name="X" type="float"/>
              <param name="Y" type="float"/>
              <param name="Z" type="float"/>
            </accessor>
          </technique_common>
        </source>
        <vertices id="Ydlidar_X2-mesh-vertices">
          <input semantic="POSITION" source="#Ydlidar_X2-mesh-positions"/>
        </vertices>
        <triangles material="Blue-material" count="2001">
          <input semantic="VERTEX" source="#Ydlidar_X2-mesh-vertices" offset="0"/>
          <input semantic="NORMAL" source="#Ydlidar_X2-mesh-normals" offset="1"/>
          <p>0 0 1 0 2 0 5 1 6 1 7 1 8 0 9 0 7 0 7 0 9 0 10 0 7 0 10 0 5 0 11 0 12 0 8 0 8 0 12 0 13 0 8 2 13 2 9 2 9 0 13 0 14 0 9 0 14 0 15 0 15 3 14 3 16 3 15 0 16 0 39 0 17 4 18 4 19 4 18 0 17 0 20 0 21 0 22 0 20 0 20 0 22 0 23 0 20 0 23 0 24 0 24 0 23 0 25 0 24 5 25 5 26 5 26 0 25 0 27 0 26 6 27 6 28 6 29 7 26 7 32 7 26 0 29 0 30 0 31 0 33 0 28 0 28 8 33 8 26 8 26 0 33 0 32 0 30 9 29 9 34 9 30 0 34 0 35 0 35 10 34 10 36 10 36 11 37 11 28 11 21 12 20 12 17 12 21 13 17 13 28 13 28 14 37 14 31 14 36 15 28 15 38 15 39 0 40 0 41 0 42 0 43 0 40 0 40 16 43 16 44 16 40 17 44 17 41 17 40 18 45 18 46 18 40 0 46 0 47 0 40 19 47 19 42 19 47 0 48 0 42 0 42 20 48 20 54 20 42 0 49 0 66 0 66 0 49 0 53 0 50 21 49 21 54 21 54 0 49 0 42 0 49 22 50 22 55 22 40 23 56 23 45 23 52 24 51 24 57 24 52 0 57 0 58 0 53 25 60 25 61 25 61 0 60 0 62 0 59 0 52 0 58 0 63 26 64 26 61 26 61 27 65 27 66 27 61 28 66 28 53 28 61 0 64 0 65 0 3 0 67 0 30 0 68 0 4 0 69 0 38 29 71 29 68 29 68 0 71 0 70 0 72 0 4 0 30 0 30 0 4 0 3 0 36 0 38 0 35 0 30 30 35 30 73 30 30 0 73 0 72 0 72 31 74 31 4 31 4 0 74 0 75 0 4 32 75 32 69 32 68 33 69 33 1 33 68 34 1 34 38 34 38 0 1 0 0 0 38 35 0 35 35 35 78 36 76 36 77 36 76 0 17 0 77 0 77 0 17 0 19 0 77 37 19 37 24 37 78 38 9 38 80 38 9 39 78 39 77 39 79 0 81 0 15 0 15 0 81 0 9 0 9 0 81 0 80 0 15 40 82 40 79 40 15 0 17 0 82 0 86 41 85 41 87 41 83 42 84 42 92 42 92 0 84 0 88 0 84 43 83 43 89 43 89 44 83 44 90 44 88 45 91 45 92 45 16 0 6 0 39 0 39 46 6 46 5 46 89 0 86 0 84 0 84 0 86 0 87 0 84 47 87 47 10 47 88 0 93 0 91 0 5 0 93 0 39 0 39 48 93 48 88 48 40 0 39 0 88 0 39 49 94 49 15 49 15 50 94 50 17 50 17 0 94 0 28 0 28 0 94 0 38 0 95 0 96 0 97 0 98 0 61 0 40 0 40 0 61 0 62 0 40 51 62 51 56 51 56 52 62 52 51 52 56 53 51 53 52 53 99 54 100 54 101 54 102 55 103 55 104 55 105 56 98 56 106 56 106 57 98 57 40 57 106 0 40 0 104 0 104 0 40 0 88 0 104 58 88 58 102 58 98 0 99 0 61 0 61 59 99 59 101 59 61 60 101 60 84 60 84 61 101 61 95 61 84 0 95 0 88 0 88 0 95 0 97 0 88 62 97 62 102 62 30 0 67 0 107 0 30 63 107 63 26 63 26 0 107 0 24 0 24 64 107 64 77 64 77 0 107 0 9 0 9 65 107 65 108 65 9 66 108 66 10 66 10 67 108 67 84 67 84 0 108 0 63 0 84 68 63 68 61 68 109 69 110 69 111 69 109 70 111 70 112 70 112 71 111 71 113 71 112 72 113 72 114 72 114 73 113 73 115 73 114 74 115 74 116 74 116 75 115 75 117 75 116 76 117 76 118 76 118 77 117 77 119 77 118 78 119 78 120 78 120 79 119 79 121 79 120 80 121 80 122 80 120 81 122 81 123 81 123 82 122 82 124 82 124 83 122 83 125 83 124 84 125 84 126 84 126 85 125 85 127 85 126 86 127 86 128 86 128 87 127 87 129 87 128 88 129 88 130 88 130 89 129 89 131 89 130 90 131 90 132 90 132 91 131 91 110 91 132 92 110 92 109 92 133 93 154 93 134 93 133 94 134 94 135 94 135 95 134 95 136 95 135 96 136 96 137 96 137 97 136 97 138 97 137 98 138 98 139 98 139 99 138 99 140 99 139 100 140 100 141 100 141 101 140 101 142 101 141 102 142 102 143 102 143 103 142 103 144 103 144 104 142 104 145 104 144 105 145 105 146 105 146 106 145 106 147 106 146 107 147 107 148 107 148 108 147 108 149 108 148 109 149 109 150 109 150 110 149 110 151 110 150 111 151 111 152 111 150 112 152 112 153 112 153 113 152 113 154 113 153 114 154 114 133 114 155 115 156 115 157 115 157 116 156 116 158 116 157 117 158 117 159 117 157 118 159 118 160 118 160 119 159 119 161 119 160 120 161 120 162 120 162 121 161 121 163 121 162 122 163 122 164 122 164 123 163 123 165 123 164 124 165 124 166 124 166 125 165 125 167 125 167 126 165 126 168 126 167 127 168 127 169 127 169 128 168 128 170 128 169 129 170 129 171 129 171 130 170 130 172 130 171 131 172 131 173 131 171 132 173 132 174 132 174 133 173 133 175 133 174 134 175 134 176 134 176 135 175 135 177 135 177 136 175 136 178 136 177 137 178 137 155 137 155 138 178 138 156 138 179 139 180 139 181 139 181 140 180 140 182 140 183 141 184 141 185 141 185 142 184 142 186 142 191 143 192 143 188 143 193 144 194 144 195 144 196 145 197 145 198 145 199 146 200 146 201 146 201 147 200 147 202 147 201 148 202 148 188 148 203 149 204 149 187 149 205 150 206 150 207 150 207 151 206 151 208 151 207 152 208 152 209 152 188 153 192 153 211 153 212 154 201 154 188 154 212 155 188 155 211 155 201 156 212 156 213 156 201 157 213 157 214 157 196 158 215 158 197 158 196 159 198 159 216 159 217 160 189 160 188 160 188 161 189 161 190 161 188 162 190 162 187 162 203 163 218 163 204 163 204 164 218 164 195 164 195 165 218 165 193 165 188 166 219 166 220 166 223 167 222 167 210 167 210 168 222 168 221 168 222 169 223 169 191 169 201 170 224 170 225 170 199 171 201 171 196 171 196 172 201 172 226 172 196 173 226 173 215 173 196 174 216 174 227 174 217 175 228 175 189 175 189 176 228 176 229 176 189 177 229 177 230 177 187 178 204 178 188 178 188 179 204 179 231 179 188 180 231 180 219 180 220 181 232 181 188 181 188 182 232 182 233 182 188 183 233 183 234 183 235 184 222 184 188 184 188 185 222 185 191 185 193 186 236 186 194 186 194 187 236 187 209 187 209 188 236 188 207 188 237 189 238 189 214 189 214 190 238 190 201 190 201 191 225 191 226 191 229 192 239 192 230 192 230 193 239 193 240 193 230 193 240 193 241 193 241 194 240 194 242 194 234 195 243 195 188 195 188 196 243 196 244 196 188 197 244 197 235 197 245 198 246 198 214 198 201 199 247 199 224 199 222 200 248 200 260 200 260 201 248 201 249 201 250 193 251 193 252 193 252 202 251 202 253 202 252 194 253 194 254 194 201 203 255 203 247 203 235 204 256 204 222 204 222 205 256 205 257 205 222 206 257 206 248 206 245 207 214 207 252 207 252 208 214 208 250 208 246 209 258 209 214 209 214 210 258 210 259 210 214 211 259 211 237 211 249 212 261 212 260 212 260 213 261 213 262 213 260 214 262 214 263 214 263 215 262 215 264 215 263 216 264 216 265 216 263 217 265 217 266 217 266 193 265 193 267 193 266 218 267 218 268 218 268 193 267 193 269 193 268 193 269 193 270 193 270 193 269 193 271 193 270 193 271 193 272 193 272 193 271 193 273 193 272 193 273 193 274 193 274 193 273 193 275 193 274 219 275 219 276 219 276 220 275 220 277 220 276 193 277 193 278 193 278 193 277 193 279 193 278 193 279 193 280 193 280 221 279 221 281 221 280 193 281 193 282 193 282 193 281 193 283 193 282 222 283 222 284 222 284 223 283 223 285 223 284 193 285 193 286 193 286 193 285 193 287 193 286 224 287 224 205 224 205 225 287 225 288 225 205 226 288 226 289 226 205 227 289 227 206 227 291 228 292 228 293 228 291 229 293 229 294 229 294 230 293 230 295 230 294 231 295 231 296 231 296 232 295 232 297 232 297 233 295 233 298 233 297 234 298 234 299 234 299 235 298 235 300 235 299 236 300 236 301 236 301 237 300 237 302 237 301 238 302 238 303 238 303 239 302 239 304 239 292 240 260 240 290 240 222 241 292 241 291 241 292 242 222 242 260 242 305 243 306 243 307 243 307 244 306 244 308 244 307 245 308 245 309 245 309 246 308 246 310 246 309 247 310 247 311 247 311 248 310 248 312 248 311 249 312 249 313 249 313 250 312 250 314 250 313 251 314 251 315 251 315 252 314 252 316 252 315 253 316 253 317 253 317 254 316 254 318 254 317 255 318 255 319 255 319 256 318 256 320 256 319 257 320 257 321 257 321 258 320 258 322 258 324 259 323 259 325 259 325 260 326 260 324 260 324 261 326 261 327 261 324 262 327 262 328 262 328 263 327 263 329 263 328 264 329 264 330 264 330 265 329 265 331 265 330 266 331 266 332 266 332 267 331 267 333 267 332 268 333 268 196 268 323 269 201 269 325 269 325 270 201 270 238 270 325 271 238 271 334 271 334 272 238 272 237 272 334 273 237 273 335 273 335 274 237 274 259 274 335 275 259 275 336 275 336 276 259 276 258 276 336 277 258 277 337 277 337 278 258 278 246 278 337 279 246 279 338 279 338 280 246 280 245 280 338 281 245 281 339 281 339 282 245 282 252 282 339 283 252 283 340 283 340 284 252 284 254 284 340 285 254 285 341 285 341 286 254 286 253 286 341 287 253 287 342 287 342 288 253 288 251 288 342 289 251 289 343 289 343 290 251 290 250 290 343 291 250 291 344 291 344 292 250 292 214 292 344 293 214 293 345 293 345 294 214 294 346 294 196 295 333 295 199 295 199 296 333 296 347 296 199 297 347 297 200 297 200 298 347 298 348 298 200 299 348 299 202 299 202 300 348 300 349 300 202 301 349 301 188 301 188 302 349 302 350 302 188 303 350 303 217 303 217 304 350 304 351 304 217 305 351 305 228 305 228 306 351 306 352 306 228 307 352 307 229 307 229 308 352 308 353 308 229 309 353 309 239 309 239 310 353 310 354 310 239 311 354 311 240 311 240 312 354 312 355 312 240 313 355 313 242 313 242 314 355 314 356 314 242 315 356 315 241 315 241 316 356 316 357 316 241 317 357 317 230 317 230 318 357 318 358 318 230 319 358 319 189 319 189 320 358 320 359 320 186 321 184 321 360 321 360 322 184 322 361 322 360 323 361 323 362 323 362 324 361 324 363 324 362 325 363 325 364 325 364 326 363 326 365 326 364 327 365 327 366 327 366 328 365 328 367 328 366 329 367 329 368 329 368 330 367 330 369 330 369 331 367 331 370 331 369 332 370 332 371 332 371 333 370 333 372 333 371 334 372 334 373 334 371 335 373 335 374 335 374 336 373 336 375 336 375 337 373 337 376 337 375 338 376 338 377 338 377 339 376 339 378 339 377 340 378 340 379 340 379 341 378 341 380 341 379 342 380 342 381 342 381 343 380 343 382 343 381 344 382 344 383 344 381 345 383 345 384 345 384 346 383 346 385 346 384 347 385 347 386 347 386 348 385 348 387 348 386 349 387 349 388 349 388 350 387 350 389 350 388 351 389 351 390 351 390 352 389 352 391 352 391 353 392 353 390 353 390 354 392 354 393 354 393 355 392 355 394 355 393 356 394 356 395 356 395 357 394 357 396 357 395 358 396 358 397 358 397 359 396 359 398 359 398 360 396 360 399 360 398 361 399 361 400 361 400 362 399 362 401 362 400 363 401 363 402 363 402 364 401 364 403 364 402 365 403 365 404 365 404 366 403 366 405 366 404 367 405 367 179 367 179 368 405 368 180 368 290 369 260 369 406 369 406 370 260 370 263 370 213 371 407 371 303 371 304 372 346 372 303 372 303 373 346 373 214 373 303 374 214 374 213 374 408 375 190 375 305 375 305 376 190 376 189 376 305 377 189 377 306 377 306 378 189 378 359 378 207 379 409 379 321 379 322 380 410 380 321 380 321 381 410 381 205 381 321 382 205 382 207 382 205 383 410 383 411 383 205 384 411 384 286 384 286 385 411 385 412 385 286 385 412 385 284 385 284 386 412 386 413 386 284 387 413 387 282 387 282 388 413 388 414 388 282 389 414 389 280 389 280 390 414 390 415 390 280 391 415 391 278 391 278 392 415 392 416 392 278 393 416 393 276 393 276 394 416 394 417 394 276 395 417 395 274 395 274 396 417 396 418 396 274 397 418 397 272 397 272 398 418 398 419 398 272 398 419 398 270 398 270 399 419 399 420 399 270 399 420 399 268 399 268 400 420 400 421 400 268 401 421 401 266 401 266 402 421 402 406 402 266 403 406 403 263 403 182 0 180 0 306 0 306 404 180 404 308 404 308 0 180 0 405 0 308 405 405 405 310 405 310 0 405 0 403 0 310 0 403 0 312 0 312 406 403 406 401 406 312 407 401 407 314 407 314 0 401 0 399 0 314 0 399 0 316 0 316 408 399 408 396 408 316 409 396 409 318 409 318 410 396 410 394 410 318 0 394 0 320 0 320 411 394 411 392 411 320 0 392 0 322 0 322 0 392 0 410 0 410 0 392 0 391 0 410 0 391 0 411 0 411 0 391 0 389 0 411 412 389 412 412 412 412 0 389 0 413 0 413 0 389 0 387 0 413 413 387 413 414 413 414 414 387 414 415 414 415 0 387 0 385 0 415 0 385 0 416 0 416 415 385 415 383 415 416 0 383 0 417 0 417 0 383 0 418 0 418 416 383 416 382 416 418 0 382 0 419 0 419 0 382 0 380 0 419 0 380 0 420 0 420 0 380 0 421 0 183 417 304 417 184 417 184 0 304 0 302 0 184 0 302 0 361 0 361 0 302 0 300 0 361 0 300 0 363 0 363 418 300 418 365 418 365 0 300 0 298 0 365 0 298 0 367 0 367 419 298 419 295 419 367 0 295 0 370 0 370 420 295 420 293 420 370 0 293 0 372 0 372 421 293 421 292 421 372 422 292 422 373 422 373 423 292 423 290 423 373 424 290 424 376 424 376 0 290 0 406 0 376 425 406 425 378 425 378 0 406 0 421 0 378 0 421 0 380 0 183 0 422 0 304 0 304 0 422 0 423 0 304 426 423 426 346 426 349 0 348 0 350 0 359 0 424 0 306 0 306 427 424 427 425 427 306 0 425 0 182 0 398 428 400 428 426 428 426 0 181 0 427 0 428 0 429 0 395 0 390 429 393 429 430 429 431 0 432 0 377 0 377 0 432 0 375 0 395 0 429 0 393 0 393 430 429 430 430 430 431 0 377 0 379 0 431 0 379 0 433 0 433 0 379 0 381 0 433 0 381 0 434 0 434 431 381 431 384 431 434 432 384 432 435 432 435 0 384 0 386 0 435 433 386 433 436 433 436 434 386 434 388 434 436 435 388 435 437 435 437 0 388 0 438 0 438 0 388 0 390 0 438 0 390 0 430 0 404 0 179 0 181 0 428 436 395 436 397 436 428 0 397 0 426 0 426 437 397 437 398 437 400 0 402 0 426 0 426 438 402 438 181 438 181 439 402 439 404 439 432 0 439 0 375 0 375 440 439 440 374 440 440 441 371 441 441 441 441 442 371 442 442 442 442 443 371 443 374 443 442 444 374 444 439 444 427 445 443 445 426 445 426 0 443 0 444 0 426 0 444 0 445 0 445 0 444 0 446 0 445 446 446 446 447 446 445 447 447 447 448 447 448 448 447 448 449 448 448 0 449 0 450 0 450 0 449 0 451 0 450 449 451 449 452 449 450 450 452 450 453 450 453 451 452 451 454 451 453 0 454 0 455 0 455 452 454 452 456 452 366 453 368 453 440 453 440 454 368 454 369 454 440 455 369 455 371 455 366 0 440 0 455 0 366 456 455 456 364 456 456 457 457 457 455 457 455 0 457 0 458 0 455 458 458 458 459 458 186 459 360 459 185 459 185 460 360 460 362 460 362 0 364 0 185 0 185 461 364 461 455 461 185 462 455 462 459 462 323 463 460 463 201 463 201 464 460 464 255 464 461 465 332 465 227 465 227 466 332 466 196 466 463 467 216 467 464 467 464 468 216 468 198 468 464 469 198 469 465 469 465 470 198 470 197 470 465 471 197 471 466 471 466 472 197 472 215 472 466 473 215 473 467 473 467 474 215 474 226 474 467 475 226 475 468 475 468 476 226 476 225 476 468 477 225 477 469 477 469 478 225 478 224 478 469 479 224 479 470 479 470 480 224 480 247 480 470 481 247 481 471 481 471 482 247 482 472 482 472 483 247 483 255 483 472 484 255 484 462 484 255 485 460 485 462 485 462 486 460 486 473 486 462 487 473 487 474 487 474 488 473 488 475 488 474 489 475 489 476 489 476 490 475 490 477 490 476 491 477 491 478 491 478 492 477 492 479 492 479 493 477 493 480 493 479 494 480 494 481 494 479 495 481 495 482 495 482 496 481 496 483 496 482 497 483 497 484 497 484 498 483 498 461 498 484 499 461 499 227 499 484 500 227 500 463 500 463 501 227 501 216 501 323 502 489 502 485 502 490 503 486 503 332 503 332 504 486 504 487 504 332 505 487 505 330 505 488 506 328 506 487 506 487 507 328 507 330 507 328 508 488 508 489 508 328 509 489 509 324 509 324 510 489 510 323 510 323 511 485 511 460 511 461 512 490 512 332 512 485 513 491 513 460 513 460 514 491 514 473 514 473 515 491 515 492 515 473 516 492 516 475 516 475 517 492 517 493 517 475 518 493 518 477 518 477 519 493 519 494 519 477 520 494 520 480 520 480 521 494 521 495 521 480 522 495 522 481 522 481 523 495 523 483 523 483 524 495 524 496 524 483 525 496 525 461 525 461 526 496 526 490 526 498 527 236 527 499 527 499 528 236 528 193 528 499 529 193 529 500 529 500 530 193 530 218 530 500 531 218 531 501 531 501 532 218 532 203 532 501 533 203 533 502 533 502 534 203 534 187 534 502 535 187 535 503 535 503 536 187 536 190 536 503 537 190 537 497 537 190 538 408 538 497 538 497 539 408 539 504 539 497 540 504 540 505 540 505 541 504 541 506 541 505 542 506 542 507 542 507 543 506 543 508 543 507 544 508 544 509 544 509 545 508 545 510 545 509 546 510 546 511 546 511 547 510 547 512 547 512 548 510 548 513 548 512 549 513 549 514 549 514 550 513 550 515 550 514 551 515 551 516 551 516 552 515 552 517 552 516 553 517 553 518 553 518 554 517 554 519 554 518 555 519 555 520 555 520 556 519 556 521 556 520 557 521 557 522 557 522 558 521 558 409 558 522 559 409 559 207 559 522 560 207 560 498 560 498 561 207 561 236 561 523 562 524 562 409 562 307 0 408 0 305 0 307 0 309 0 408 0 408 563 309 563 311 563 408 564 311 564 313 564 526 565 408 565 527 565 527 566 408 566 313 566 527 567 313 567 525 567 321 0 409 0 319 0 319 568 409 568 524 568 319 569 524 569 317 569 317 570 524 570 315 570 315 571 524 571 313 571 313 572 524 572 525 572 408 573 526 573 528 573 408 574 528 574 504 574 504 575 528 575 506 575 506 576 528 576 529 576 506 577 529 577 508 577 508 578 529 578 530 578 508 579 530 579 510 579 510 580 530 580 531 580 510 581 531 581 513 581 513 582 531 582 515 582 515 583 531 583 532 583 515 584 532 584 517 584 517 585 532 585 533 585 517 586 533 586 519 586 519 587 533 587 521 587 521 588 533 588 534 588 521 589 534 589 409 589 409 590 534 590 523 590 537 591 212 591 538 591 538 592 212 592 211 592 538 593 211 593 539 593 539 594 211 594 540 594 540 595 211 595 192 595 540 596 192 596 541 596 541 597 192 597 191 597 541 598 191 598 542 598 542 599 191 599 223 599 542 600 223 600 543 600 543 601 223 601 210 601 543 602 210 602 536 602 210 603 535 603 536 603 536 604 535 604 544 604 536 605 544 605 545 605 545 606 544 606 546 606 545 607 546 607 547 607 547 608 546 608 548 608 547 609 548 609 549 609 549 610 548 610 550 610 549 611 550 611 551 611 551 612 550 612 552 612 551 613 552 613 553 613 553 614 552 614 554 614 553 615 554 615 555 615 555 616 554 616 556 616 555 617 556 617 557 617 557 618 556 618 558 618 557 619 558 619 559 619 559 620 558 620 560 620 560 621 558 621 561 621 560 622 561 622 537 622 537 623 561 623 407 623 537 624 407 624 213 624 537 625 213 625 212 625 562 626 535 626 221 626 221 627 535 627 210 627 562 628 221 628 563 628 563 629 221 629 222 629 563 630 222 630 291 630 303 0 407 0 301 0 301 0 407 0 296 0 301 631 296 631 299 631 535 632 564 632 565 632 297 0 299 0 296 0 563 633 291 633 564 633 407 634 566 634 296 634 296 635 566 635 567 635 296 636 567 636 294 636 294 637 567 637 564 637 294 638 564 638 291 638 535 639 562 639 564 639 564 640 562 640 563 640 535 641 565 641 568 641 535 642 568 642 544 642 544 643 568 643 569 643 544 644 569 644 546 644 546 645 569 645 548 645 548 646 569 646 570 646 548 647 570 647 550 647 550 648 570 648 552 648 552 649 570 649 571 649 552 650 571 650 554 650 554 651 571 651 572 651 554 652 572 652 556 652 556 653 572 653 558 653 558 654 572 654 573 654 558 655 573 655 574 655 558 656 574 656 561 656 561 657 574 657 407 657 407 658 574 658 575 658 407 659 575 659 566 659 138 193 500 193 140 193 140 660 500 660 501 660 140 661 501 661 502 661 140 193 502 193 142 193 142 662 502 662 503 662 142 663 503 663 497 663 142 664 497 664 145 664 145 665 497 665 505 665 145 193 505 193 147 193 147 193 505 193 507 193 147 193 507 193 509 193 147 193 509 193 149 193 149 193 509 193 511 193 149 193 511 193 151 193 151 666 511 666 512 666 151 193 512 193 152 193 152 667 512 667 514 667 152 193 514 193 516 193 152 668 516 668 154 668 154 669 516 669 518 669 154 193 518 193 520 193 154 670 520 670 134 670 134 671 520 671 522 671 134 672 522 672 136 672 136 673 522 673 498 673 136 674 498 674 138 674 138 675 498 675 499 675 138 676 499 676 500 676 168 677 537 677 538 677 168 678 538 678 170 678 170 193 538 193 539 193 170 193 539 193 172 193 172 193 539 193 540 193 172 193 540 193 173 193 173 679 540 679 541 679 173 193 541 193 175 193 175 680 541 680 542 680 175 681 542 681 543 681 175 193 543 193 178 193 178 682 543 682 536 682 178 683 536 683 545 683 178 193 545 193 156 193 156 193 545 193 547 193 156 193 547 193 158 193 158 193 547 193 549 193 158 193 549 193 551 193 158 193 551 193 159 193 159 684 551 684 553 684 159 193 553 193 161 193 161 685 553 685 555 685 161 193 555 193 163 193 163 193 555 193 557 193 163 686 557 686 559 686 163 193 559 193 165 193 165 687 559 687 560 687 165 688 560 688 537 688 165 689 537 689 168 689 117 690 472 690 462 690 117 691 462 691 474 691 117 692 474 692 119 692 119 193 474 193 476 193 119 193 476 193 121 193 121 693 476 693 478 693 121 193 478 193 122 193 122 193 478 193 479 193 122 694 479 694 482 694 122 193 482 193 125 193 125 695 482 695 484 695 125 696 484 696 127 696 127 697 484 697 463 697 127 698 463 698 464 698 127 193 464 193 129 193 129 699 464 699 465 699 129 193 465 193 131 193 131 700 465 700 466 700 131 701 466 701 110 701 110 702 466 702 467 702 110 193 467 193 111 193 111 703 467 703 468 703 111 704 468 704 113 704 113 705 468 705 469 705 113 706 469 706 470 706 113 193 470 193 115 193 115 707 470 707 471 707 115 708 471 708 117 708 117 709 471 709 472 709 609 892 680 892 610 892 611 0 612 0 576 0 422 898 183 898 684 898 684 899 685 899 422 899 422 900 685 900 686 900 422 901 686 901 423 901 423 902 686 902 687 902 423 903 687 903 346 903 346 904 687 904 688 904 346 905 688 905 345 905 345 906 688 906 689 906 345 907 689 907 344 907 344 908 689 908 690 908 344 909 690 909 343 909 343 910 690 910 691 910 343 911 691 911 342 911 342 912 691 912 692 912 342 913 692 913 341 913 341 914 692 914 693 914 341 915 693 915 340 915 340 916 693 916 694 916 340 917 694 917 339 917 339 918 694 918 695 918 339 919 695 919 338 919 338 920 695 920 696 920 338 921 696 921 337 921 337 922 696 922 697 922 337 923 697 923 336 923 336 924 697 924 698 924 336 925 698 925 335 925 335 926 698 926 699 926 335 927 699 927 334 927 334 928 699 928 700 928 334 929 700 929 325 929 325 930 700 930 701 930 325 931 701 931 326 931 326 932 701 932 702 932 326 933 702 933 327 933 327 934 702 934 703 934 327 935 703 935 329 935 329 936 703 936 704 936 329 937 704 937 331 937 331 938 704 938 705 938 331 939 705 939 333 939 333 940 705 940 706 940 333 941 706 941 347 941 347 942 706 942 707 942 347 943 707 943 348 943 348 944 707 944 708 944 348 945 708 945 350 945 350 946 708 946 709 946 350 947 709 947 351 947 351 948 709 948 710 948 351 949 710 949 352 949 352 950 710 950 711 950 352 951 711 951 353 951 353 952 711 952 712 952 353 953 712 953 354 953 354 954 712 954 713 954 354 955 713 955 355 955 355 956 713 956 714 956 355 957 714 957 356 957 356 958 714 958 715 958 356 959 715 959 357 959 357 960 715 960 716 960 357 961 716 961 358 961 358 962 716 962 717 962 358 963 717 963 359 963 359 964 717 964 718 964 359 965 718 965 424 965 424 966 718 966 719 966 424 967 719 967 425 967 425 968 719 968 182 968 182 969 719 969 720 969 182 970 720 970 181 970 181 971 720 971 721 971 181 972 721 972 427 972 427 973 721 973 722 973 427 974 722 974 443 974 443 975 722 975 723 975 443 975 723 975 444 975 444 976 723 976 724 976 444 977 724 977 446 977 446 978 724 978 725 978 446 979 725 979 447 979 447 980 725 980 726 980 447 981 726 981 449 981 449 982 726 982 727 982 449 983 727 983 451 983 451 984 727 984 728 984 451 985 728 985 452 985 452 986 728 986 729 986 452 987 729 987 454 987 454 988 729 988 730 988 454 989 730 989 456 989 456 990 730 990 731 990 456 991 731 991 457 991 457 992 731 992 732 992 457 992 732 992 458 992 458 993 732 993 733 993 458 994 733 994 459 994 459 995 733 995 684 995 459 996 684 996 185 996 185 997 684 997 183 997 734 998 735 998 736 998 736 999 735 999 737 999 739 1000 740 1000 738 1000 744 1001 740 1001 739 1001 741 1002 738 1002 742 1002 741 1003 742 1003 736 1003 736 1004 742 1004 734 1004 743 1005 744 1005 745 1005 745 1006 744 1006 739 1006 743 1007 745 1007 746 1007 743 1008 746 1008 747 1008 747 1009 746 1009 748 1009 747 1010 748 1010 749 1010 749 1011 748 1011 750 1011 749 1012 750 1012 751 1012 752 1013 757 1013 753 1013 752 1014 753 1014 751 1014 752 1015 751 1015 750 1015 754 1016 755 1016 761 1016 754 1017 757 1017 756 1017 756 1018 757 1018 752 1018 759 1019 760 1019 758 1019 758 1020 760 1020 761 1020 758 1021 761 1021 755 1021 735 1022 762 1022 737 1022 737 1023 762 1023 763 1023 737 1024 763 1024 764 1024 764 1025 763 1025 765 1025 764 1026 765 1026 766 1026 766 1027 765 1027 759 1027 766 1028 759 1028 758 1028 776 1029 767 1029 768 1029 768 1030 767 1030 769 1030 769 1031 767 1031 770 1031 778 1032 771 1032 772 1032 771 1033 773 1033 772 1033 774 1034 773 1034 775 1034 775 1035 776 1035 774 1035 774 1036 776 1036 768 1036 777 1037 778 1037 779 1037 790 1038 780 1038 781 1038 781 1039 780 1039 779 1039 779 1040 780 1040 777 1040 779 1041 778 1041 772 1041 770 1042 782 1042 769 1042 769 1043 782 1043 783 1043 783 1044 782 1044 784 1044 784 1045 785 1045 783 1045 785 1046 786 1046 783 1046 787 1047 786 1047 788 1047 788 1048 789 1048 787 1048 787 1049 789 1049 790 1049 787 1050 790 1050 781 1050 773 1051 774 1051 772 1051 772 1052 774 1052 791 1052 772 1053 791 1053 792 1053 792 1054 791 1054 793 1054 792 1055 793 1055 794 1055 794 1056 793 1056 795 1056 794 1057 795 1057 796 1057 796 1058 795 1058 797 1058 796 1058 797 1058 798 1058 798 1059 797 1059 799 1059 798 1060 799 1060 800 1060 800 1061 799 1061 801 1061 800 1061 801 1061 802 1061 802 1062 801 1062 803 1062 802 1062 803 1062 804 1062 804 1063 803 1063 805 1063 804 1063 805 1063 806 1063 806 1064 805 1064 807 1064 806 1065 807 1065 808 1065 808 1066 807 1066 809 1066 808 1067 809 1067 810 1067 810 1068 809 1068 811 1068 810 1068 811 1068 812 1068 812 1069 811 1069 813 1069 812 1070 813 1070 814 1070 814 1071 813 1071 815 1071 814 1071 815 1071 816 1071 816 1072 815 1072 817 1072 816 1072 817 1072 818 1072 818 1073 817 1073 819 1073 818 1073 819 1073 820 1073 820 1074 819 1074 821 1074 820 1075 821 1075 822 1075 822 1076 821 1076 823 1076 822 1077 823 1077 824 1077 824 1078 823 1078 825 1078 824 1078 825 1078 826 1078 826 1079 825 1079 827 1079 826 1079 827 1079 828 1079 828 1080 827 1080 829 1080 828 1081 829 1081 830 1081 830 1082 829 1082 831 1082 830 1083 831 1083 832 1083 832 1084 831 1084 833 1084 832 1084 833 1084 834 1084 834 1085 833 1085 835 1085 834 1085 835 1085 836 1085 836 1086 835 1086 837 1086 836 1087 837 1087 838 1087 838 1088 837 1088 839 1088 838 1089 839 1089 840 1089 840 1090 839 1090 841 1090 840 1090 841 1090 842 1090 842 1091 841 1091 843 1091 842 1091 843 1091 844 1091 844 1092 843 1092 845 1092 844 1092 845 1092 846 1092 846 1093 845 1093 847 1093 846 1094 847 1094 848 1094 848 1095 847 1095 849 1095 848 1095 849 1095 850 1095 850 1096 849 1096 851 1096 850 1097 851 1097 852 1097 852 1098 851 1098 853 1098 852 1099 853 1099 854 1099 854 1100 853 1100 855 1100 854 1100 855 1100 856 1100 856 1101 855 1101 857 1101 856 1101 857 1101 858 1101 858 1102 857 1102 859 1102 858 1102 859 1102 860 1102 860 1103 859 1103 861 1103 860 1104 861 1104 862 1104 862 1105 861 1105 863 1105 862 1105 863 1105 864 1105 864 1106 863 1106 865 1106 864 1107 865 1107 866 1107 866 1108 865 1108 867 1108 866 1109 867 1109 868 1109 868 1110 867 1110 739 1110 868 1111 739 1111 741 1111 741 1112 739 1112 738 1112 754 1113 756 1113 755 1113 755 1114 756 1114 869 1114 755 1114 869 1114 870 1114 870 1115 869 1115 871 1115 870 1115 871 1115 872 1115 872 1116 871 1116 783 1116 872 1117 783 1117 787 1117 787 1118 783 1118 786 1118 837 1119 835 1119 875 1119 875 1120 835 1120 833 1120 875 1121 833 1121 831 1121 859 0 873 0 861 0 807 0 874 0 809 0 825 1122 876 1122 827 1122 827 0 876 0 875 0 827 0 875 0 829 0 829 1123 875 1123 831 1123 837 1124 875 1124 839 1124 839 0 875 0 841 0 841 1125 875 1125 843 1125 843 1126 875 1126 877 1126 843 1127 877 1127 845 1127 845 1128 877 1128 847 1128 847 1129 877 1129 878 1129 847 0 878 0 849 0 825 0 823 0 876 0 876 0 823 0 821 0 876 0 821 0 819 0 876 0 819 0 879 0 879 0 819 0 817 0 879 0 817 0 815 0 879 0 815 0 880 0 880 1130 815 1130 813 1130 880 0 813 0 811 0 880 0 811 0 874 0 874 0 811 0 809 0 861 0 873 0 863 0 863 1131 873 1131 881 1131 863 1132 881 1132 865 1132 865 1133 881 1133 867 1133 867 1134 881 1134 882 1134 867 1135 882 1135 739 1135 739 0 882 0 745 0 745 1136 882 1136 883 1136 745 1137 883 1137 746 1137 746 1138 883 1138 748 1138 748 1139 883 1139 750 1139 807 0 805 0 874 0 874 1140 805 1140 803 1140 874 1141 803 1141 884 1141 884 1142 803 1142 801 1142 884 1143 801 1143 799 1143 884 1144 799 1144 797 1144 884 0 797 0 885 0 783 0 871 0 888 0 849 1145 878 1145 886 1145 849 1146 886 1146 851 1146 851 1147 886 1147 853 1147 853 1148 886 1148 855 1148 855 1149 886 1149 873 1149 855 0 873 0 857 0 857 1150 873 1150 859 1150 885 0 797 0 795 0 885 0 795 0 887 0 887 0 795 0 793 0 887 1151 793 1151 791 1151 887 0 791 0 888 0 888 1152 791 1152 774 1152 888 1153 774 1153 768 1153 888 1154 768 1154 769 1154 888 0 769 0 783 0 871 0 869 0 888 0 888 0 869 0 756 0 888 1155 756 1155 883 1155 883 0 756 0 752 0 883 1156 752 1156 750 1156 689 193 804 193 690 193 690 1157 804 1157 806 1157 690 193 806 193 691 193 691 1158 806 1158 808 1158 691 1159 808 1159 692 1159 692 1160 808 1160 810 1160 692 193 810 193 693 193 693 193 810 193 812 193 693 193 812 193 694 193 694 193 812 193 814 193 694 193 814 193 695 193 695 193 814 193 816 193 695 1161 816 1161 696 1161 696 193 816 193 818 193 696 193 818 193 697 193 697 193 818 193 820 193 697 193 820 193 698 193 698 1162 820 1162 822 1162 698 193 822 193 699 193 699 1163 822 1163 824 1163 699 193 824 193 700 193 700 1164 824 1164 826 1164 700 193 826 193 701 193 701 193 826 193 828 193 701 193 828 193 702 193 702 193 828 193 830 193 702 193 830 193 703 193 703 193 830 193 832 193 703 193 832 193 704 193 704 193 832 193 834 193 704 193 834 193 705 193 705 193 834 193 836 193 705 193 836 193 706 193 706 193 836 193 838 193 706 193 838 193 707 193 707 1165 838 1165 840 1165 707 193 840 193 708 193 708 193 840 193 842 193 708 193 842 193 709 193 709 193 842 193 844 193 709 1166 844 1166 710 1166 710 193 844 193 846 193 710 193 846 193 711 193 711 1167 846 1167 848 1167 711 1168 848 1168 712 1168 712 193 848 193 850 193 712 1169 850 1169 713 1169 713 1170 850 1170 852 1170 713 193 852 193 714 193 852 193 854 193 714 193 714 1171 854 1171 856 1171 714 193 856 193 715 193 715 1172 856 1172 858 1172 715 193 858 193 716 193 716 193 858 193 860 193 716 193 860 193 717 193 717 193 860 193 862 193 717 1173 862 1173 718 1173 718 1174 862 1174 864 1174 718 193 864 193 719 193 719 1175 864 1175 866 1175 719 193 866 193 720 193 720 193 866 193 868 193 720 1176 868 1176 721 1176 721 193 868 193 741 193 721 193 741 193 722 193 722 193 741 193 736 193 722 193 736 193 723 193 723 1177 736 1177 737 1177 723 193 737 193 724 193 724 1178 737 1178 764 1178 724 193 764 193 725 193 725 193 764 193 766 193 725 193 766 193 726 193 726 1179 766 1179 758 1179 726 193 758 193 727 193 727 193 758 193 755 193 727 193 755 193 728 193 728 193 755 193 870 193 728 1180 870 1180 729 1180 729 193 870 193 872 193 729 1181 872 1181 730 1181 730 1182 872 1182 787 1182 730 193 787 193 731 193 731 193 787 193 781 193 731 1183 781 1183 732 1183 732 193 781 193 779 193 732 193 779 193 733 193 733 193 779 193 772 193 733 193 772 193 684 193 684 193 772 193 792 193 684 193 792 193 685 193 685 193 792 193 794 193 685 193 794 193 686 193 686 193 794 193 796 193 686 1184 796 1184 687 1184 687 193 796 193 798 193 687 1185 798 1185 688 1185 688 193 798 193 800 193 688 193 800 193 689 193 689 1186 800 1186 802 1186 689 1187 802 1187 804 1187 938 1242 909 1242 910 1242 910 1243 909 1243 911 1243 910 1244 911 1244 912 1244 912 1245 911 1245 913 1245 912 1246 913 1246 914 1246 914 1247 913 1247 915 1247 915 1248 913 1248 916 1248 915 1249 916 1249 917 1249 915 1250 917 1250 918 1250 918 1251 917 1251 919 1251 918 1252 919 1252 920 1252 920 1253 919 1253 921 1253 920 1254 921 1254 922 1254 922 1255 921 1255 923 1255 923 1256 921 1256 924 1256 923 1257 924 1257 925 1257 925 1258 924 1258 926 1258 925 1259 926 1259 927 1259 927 1260 926 1260 928 1260 927 1261 928 1261 929 1261 929 1262 928 1262 930 1262 929 1263 930 1263 931 1263 931 1264 930 1264 932 1264 931 1265 932 1265 933 1265 933 1266 932 1266 934 1266 933 1267 934 1267 935 1267 935 1268 934 1268 936 1268 936 1269 934 1269 937 1269 936 1270 937 1270 938 1270 938 1271 937 1271 939 1271 938 1272 939 1272 909 1272 157 0 913 0 911 0 157 0 911 0 155 0 155 0 911 0 909 0 155 0 909 0 939 0 155 0 939 0 177 0 177 0 939 0 937 0 177 1273 937 1273 176 1273 176 0 937 0 934 0 176 0 934 0 174 0 174 1274 934 1274 932 1274 174 0 932 0 171 0 171 0 932 0 930 0 171 1275 930 1275 928 1275 171 0 928 0 169 0 169 0 928 0 167 0 167 1276 928 1276 926 1276 167 1277 926 1277 924 1277 167 1278 924 1278 166 1278 166 0 924 0 921 0 166 1279 921 1279 164 1279 164 1280 921 1280 919 1280 164 0 919 0 917 0 164 0 917 0 162 0 162 0 917 0 160 0 160 1281 917 1281 916 1281 160 0 916 0 913 0 160 0 913 0 157 0 133 1282 940 1282 153 1282 153 0 940 0 941 0 153 1283 941 1283 150 1283 150 0 941 0 942 0 150 1284 942 1284 943 1284 150 1285 943 1285 148 1285 148 1286 943 1286 944 1286 148 1287 944 1287 146 1287 146 0 944 0 945 0 146 0 945 0 144 0 144 0 945 0 946 0 144 1288 946 1288 143 1288 143 0 946 0 947 0 143 0 947 0 141 0 141 0 947 0 948 0 141 1289 948 1289 949 1289 141 1290 949 1290 139 1290 139 1291 949 1291 950 1291 139 0 950 0 137 0 137 1292 950 1292 951 1292 137 0 951 0 952 0 137 0 952 0 135 0 135 1293 952 1293 953 1293 135 0 953 0 133 0 133 0 953 0 954 0 133 1294 954 1294 940 1294 970 1295 954 1295 955 1295 955 1296 954 1296 953 1296 955 1297 953 1297 956 1297 956 1298 953 1298 957 1298 957 1299 953 1299 952 1299 957 1300 952 1300 958 1300 958 1301 952 1301 951 1301 958 1302 951 1302 959 1302 959 1303 951 1303 950 1303 959 1304 950 1304 960 1304 960 1305 950 1305 949 1305 960 1306 949 1306 961 1306 961 1307 949 1307 948 1307 961 1308 948 1308 962 1308 962 1309 948 1309 947 1309 962 1310 947 1310 963 1310 963 1311 947 1311 946 1311 963 1312 946 1312 964 1312 964 1313 946 1313 965 1313 965 1314 946 1314 945 1314 965 1315 945 1315 966 1315 966 1316 945 1316 944 1316 966 1317 944 1317 967 1317 967 1318 944 1318 943 1318 967 1319 943 1319 968 1319 968 1320 943 1320 942 1320 968 1321 942 1321 969 1321 969 1322 942 1322 941 1322 969 1323 941 1323 970 1323 970 1324 941 1324 940 1324 970 1325 940 1325 954 1325 116 1326 971 1326 114 1326 114 1327 971 1327 972 1327 114 0 972 0 112 0 112 0 972 0 973 0 112 0 973 0 109 0 109 0 973 0 974 0 109 1328 974 1328 132 1328 132 0 974 0 975 0 132 1329 975 1329 130 1329 130 1330 975 1330 976 1330 130 0 976 0 977 0 130 1331 977 1331 128 1331 128 0 977 0 126 0 126 1332 977 1332 978 1332 126 1333 978 1333 979 1333 126 0 979 0 124 0 124 0 979 0 980 0 124 0 980 0 123 0 123 0 980 0 981 0 123 0 981 0 982 0 123 1334 982 1334 120 1334 120 1335 982 1335 983 1335 120 1336 983 1336 118 1336 118 0 983 0 984 0 118 1337 984 1337 116 1337 116 1338 984 1338 985 1338 116 1339 985 1339 971 1339 986 1340 974 1340 987 1340 987 1341 974 1341 973 1341 987 1342 973 1342 988 1342 988 1343 973 1343 989 1343 989 1344 973 1344 972 1344 989 1345 972 1345 990 1345 990 1346 972 1346 971 1346 990 1347 971 1347 991 1347 991 1348 971 1348 985 1348 991 1349 985 1349 992 1349 992 1350 985 1350 984 1350 992 1351 984 1351 993 1351 993 1352 984 1352 983 1352 993 1353 983 1353 994 1353 994 1354 983 1354 982 1354 994 1355 982 1355 995 1355 995 1356 982 1356 981 1356 995 1357 981 1357 980 1357 995 1358 980 1358 996 1358 996 1359 980 1359 979 1359 996 1360 979 1360 997 1360 997 1361 979 1361 978 1361 997 1362 978 1362 998 1362 998 1363 978 1363 977 1363 998 1364 977 1364 999 1364 999 1365 977 1365 976 1365 999 1366 976 1366 1000 1366 1000 1367 976 1367 975 1367 1000 1368 975 1368 986 1368 986 1369 975 1369 974 1369 759 1370 1001 1370 1002 1370 759 1371 1002 1371 760 1371 760 1372 1002 1372 1003 1372 760 1373 1003 1373 761 1373 761 1374 1003 1374 1004 1374 761 1375 1004 1375 754 1375 754 1376 1004 1376 1005 1376 754 1377 1005 1377 757 1377 757 1378 1005 1378 1006 1378 757 1379 1006 1379 753 1379 753 1380 1006 1380 1007 1380 753 1381 1007 1381 1008 1381 753 1382 1008 1382 751 1382 1009 1383 743 1383 1008 1383 1008 1384 743 1384 747 1384 747 1385 749 1385 1008 1385 1008 1386 749 1386 751 1386 743 1387 1009 1387 744 1387 744 1388 1009 1388 1011 1388 1011 1389 1010 1389 740 1389 740 1390 744 1390 1011 1390 738 1391 740 1391 1010 1391 738 1392 1010 1392 1012 1392 738 1393 1012 1393 742 1393 742 1394 1012 1394 1013 1394 742 1395 1013 1395 734 1395 734 1396 1013 1396 1014 1396 734 1397 1014 1397 735 1397 735 1398 1014 1398 1015 1398 1001 1399 759 1399 765 1399 735 1400 1015 1400 762 1400 762 1401 1015 1401 1001 1401 762 1402 1001 1402 763 1402 763 1403 1001 1403 765 1403 1008 1404 1001 1404 1009 1404 1009 1405 1001 1405 1015 1405 1007 1406 1006 1406 1003 1406 1002 1407 1001 1407 1007 1407 1008 1408 1007 1408 1001 1408 1015 1409 1012 1409 1010 1409 1003 1410 1006 1410 1005 1410 1014 1411 1013 1411 1012 1411 1015 1412 1010 1412 1011 1412 1011 1413 1009 1413 1015 1413 1007 1414 1003 1414 1002 1414 1012 1415 1015 1415 1014 1415 1003 1416 1005 1416 1004 1416 782 1417 1016 1417 784 1417 784 1418 1016 1418 1017 1418 784 1419 1017 1419 785 1419 785 1420 1017 1420 1018 1420 785 1421 1018 1421 786 1421 786 1422 1018 1422 1019 1422 786 1423 1019 1423 788 1423 788 1424 1019 1424 1020 1424 788 1425 1020 1425 789 1425 789 1426 1020 1426 1021 1426 789 1427 1021 1427 790 1427 790 1428 1021 1428 780 1428 780 1429 1021 1429 1022 1429 780 1430 1022 1430 777 1430 777 1431 1022 1431 1023 1431 777 1432 1023 1432 778 1432 778 1433 1023 1433 1024 1433 1024 1434 1025 1434 771 1434 771 1435 778 1435 1024 1435 1025 1436 1026 1436 773 1436 773 1437 771 1437 1025 1437 1027 1438 775 1438 1026 1438 1026 1439 775 1439 773 1439 1016 1440 782 1440 770 1440 1016 1441 770 1441 1028 1441 1028 1442 770 1442 767 1442 1028 1443 767 1443 1029 1443 1029 1444 767 1444 776 1444 1029 1445 776 1445 1027 1445 1027 1446 776 1446 775 1446 1016 1447 1028 1447 1026 1447 1017 1448 1016 1448 1026 1448 1018 1449 1017 1449 1026 1449 1026 1450 1019 1450 1018 1450 1026 1451 1020 1451 1019 1451 1026 1452 1021 1452 1020 1452 1023 1453 1022 1453 1026 1453 1026 1454 1022 1454 1021 1454 1026 1455 1024 1455 1023 1455 1026 1456 1025 1456 1024 1456 1029 1457 1027 1457 1026 1457 1028 1458 1029 1458 1026 1458 923 1459 574 1459 922 1459 922 1460 574 1460 920 1460 920 1461 574 1461 573 1461 920 1462 573 1462 918 1462 918 1463 573 1463 572 1463 918 1464 572 1464 915 1464 915 1465 572 1465 571 1465 915 1466 571 1466 914 1466 914 1467 571 1467 570 1467 914 1468 570 1468 912 1468 912 1469 570 1469 910 1469 910 1470 570 1470 569 1470 910 1471 569 1471 938 1471 938 1472 569 1472 568 1472 938 1473 568 1473 936 1473 936 1474 568 1474 565 1474 936 1475 565 1475 935 1475 935 1476 565 1476 933 1476 933 1477 565 1477 564 1477 933 1478 564 1478 931 1478 931 1479 564 1479 567 1479 931 1480 567 1480 929 1480 929 1481 567 1481 927 1481 927 1482 567 1482 566 1482 927 1483 566 1483 925 1483 925 1484 566 1484 575 1484 925 1485 575 1485 923 1485 923 1486 575 1486 574 1486 994 1487 494 1487 993 1487 993 1488 494 1488 493 1488 993 1489 493 1489 992 1489 992 1490 493 1490 492 1490 992 1491 492 1491 991 1491 991 1492 492 1492 491 1492 991 1493 491 1493 990 1493 990 1494 491 1494 989 1494 989 1495 491 1495 485 1495 989 1496 485 1496 988 1496 988 1497 485 1497 489 1497 988 1498 489 1498 987 1498 987 1499 489 1499 986 1499 986 1500 489 1500 488 1500 986 1501 488 1501 1000 1501 1000 1502 488 1502 487 1502 1000 1503 487 1503 999 1503 999 1504 487 1504 486 1504 999 1505 486 1505 998 1505 998 1506 486 1506 490 1506 998 1507 490 1507 997 1507 997 1508 490 1508 496 1508 997 1509 496 1509 996 1509 996 1510 496 1510 995 1510 995 1511 496 1511 495 1511 995 1512 495 1512 994 1512 994 1513 495 1513 494 1513 963 1514 526 1514 962 1514 962 1515 526 1515 961 1515 961 1516 526 1516 527 1516 961 1517 527 1517 960 1517 960 1518 527 1518 525 1518 960 1519 525 1519 959 1519 959 1520 525 1520 524 1520 959 1521 524 1521 958 1521 958 1522 524 1522 523 1522 958 1523 523 1523 957 1523 957 1524 523 1524 956 1524 956 1525 523 1525 534 1525 956 1526 534 1526 955 1526 955 1527 534 1527 533 1527 955 1528 533 1528 970 1528 970 1529 533 1529 532 1529 970 1530 532 1530 969 1530 969 1531 532 1531 968 1531 968 1532 532 1532 531 1532 968 1533 531 1533 967 1533 967 1534 531 1534 530 1534 967 1535 530 1535 966 1535 966 1536 530 1536 529 1536 966 1537 529 1537 965 1537 965 1538 529 1538 528 1538 965 1539 528 1539 964 1539 964 1540 528 1540 963 1540 963 1541 528 1541 526 1541 38 1542 883 1542 882 1542 38 1543 882 1543 71 1543 71 1544 882 1544 881 1544 71 1545 881 1545 70 1545 70 1546 881 1546 873 1546 70 1547 873 1547 68 1547 883 1548 38 1548 94 1548 883 1549 94 1549 888 1549 888 1550 94 1550 39 1550 42 1551 884 1551 43 1551 43 1552 884 1552 885 1552 43 1553 885 1553 44 1553 44 1554 885 1554 887 1554 44 1555 887 1555 41 1555 41 1556 887 1556 888 1556 41 1557 888 1557 39 1557 66 1558 874 1558 42 1558 42 1559 874 1559 884 1559 63 1560 876 1560 64 1560 64 1561 876 1561 879 1561 64 1562 879 1562 880 1562 64 1563 880 1563 65 1563 65 1564 880 1564 874 1564 65 1565 874 1565 66 1565 876 1566 63 1566 108 1566 876 1567 108 1567 107 1567 876 1568 107 1568 875 1568 875 1569 107 1569 67 1569 4 1570 886 1570 878 1570 4 1571 878 1571 3 1571 3 1572 878 1572 877 1572 3 1573 877 1573 67 1573 67 1574 877 1574 875 1574 68 1575 873 1575 886 1575 68 1576 886 1576 4 1576 1030 1577 1031 1577 75 1577 75 1578 1031 1578 69 1578 1032 1579 1030 1579 74 1579 74 1579 1030 1579 75 1579 1033 1580 1032 1580 72 1580 72 1580 1032 1580 74 1580 1034 1581 1033 1581 73 1581 73 1581 1033 1581 72 1581 1035 1582 1034 1582 35 1582 35 1583 1034 1583 73 1583 1036 1584 1035 1584 0 1584 0 1584 1035 1584 35 1584 1037 1585 1036 1585 2 1585 2 1586 1036 1586 0 1586 1038 1587 1037 1587 1 1587 1 1588 1037 1588 2 1588 1031 1584 1038 1584 69 1584 69 1584 1038 1584 1 1584 1038 0 1031 0 1037 0 1037 0 1031 0 1030 0 1035 1589 1036 1589 1034 1589 1034 0 1036 0 1037 0 1034 0 1037 0 1033 0 1033 0 1037 0 1030 0 1033 0 1030 0 1032 0 1041 0 1042 0 1043 0 1043 0 1042 0 1044 0 1043 0 1044 0 1045 0 1045 0 1044 0 1046 0 1045 0 1046 0 1039 0 1039 0 1046 0 1040 0 1039 0 1040 0 1047 0 1047 0 1040 0 1048 0 1047 1590 1048 1590 1049 1590 1047 0 1049 0 1050 0 1050 1591 1049 1591 1051 1591 1050 0 1051 0 1041 0 1041 1592 1051 1592 1042 1592 34 1593 1046 1593 36 1593 36 1594 1046 1594 1044 1594 1040 1595 1046 1595 29 1595 29 1596 1046 1596 34 1596 1040 1597 29 1597 32 1597 1040 1598 32 1598 1048 1598 1048 1599 32 1599 33 1599 1048 1600 33 1600 1049 1600 1049 1601 33 1601 31 1601 1049 1602 31 1602 1051 1602 1051 1603 31 1603 37 1603 1051 1604 37 1604 1042 1604 1042 1605 37 1605 36 1605 1044 1606 1042 1606 36 1606 1041 1607 1043 1607 1052 1607 1043 1608 1045 1608 1052 1608 1052 1609 1045 1609 1053 1609 1045 1610 1039 1610 1053 1610 1053 1611 1039 1611 1055 1611 1047 1612 1054 1612 1055 1612 1047 1613 1055 1613 1039 1613 1041 1614 1057 1614 1056 1614 1041 1615 1056 1615 1050 1615 1050 1616 1056 1616 1054 1616 1050 1617 1054 1617 1047 1617 1041 1618 1052 1618 1057 1618 1057 0 1052 0 1054 0 1052 0 1053 0 1055 0 1057 0 1054 0 1056 0 1052 1619 1055 1619 1054 1619 27 1620 1058 1620 28 1620 28 1621 1058 1621 1059 1621 1060 1580 1058 1580 25 1580 25 1580 1058 1580 27 1580 1061 1581 1060 1581 23 1581 23 1581 1060 1581 25 1581 1062 1584 1061 1584 22 1584 22 1584 1061 1584 23 1584 1062 1581 22 1581 1063 1581 1063 1622 22 1622 21 1622 1059 1584 1063 1584 28 1584 28 1584 1063 1584 21 1584 1063 0 1059 0 1062 0 1062 0 1059 0 1058 0 1062 0 1058 0 1061 0 1061 0 1058 0 1060 0 24 1579 1064 1579 20 1579 20 1579 1064 1579 1065 1579 1066 1580 1064 1580 19 1580 19 1623 1064 1623 24 1623 1066 1581 19 1581 1067 1581 1067 1624 19 1624 18 1624 1065 1584 1067 1584 20 1584 20 1584 1067 1584 18 1584 1066 0 1067 0 1064 0 1064 0 1067 0 1065 0 1070 0 1071 0 1072 0 1072 0 1071 0 1073 0 1072 0 1073 0 1074 0 1074 0 1073 0 1075 0 1074 1625 1075 1625 1068 1625 1068 0 1075 0 1069 0 1068 1626 1069 1626 1076 1626 1076 0 1069 0 1077 0 1076 1627 1077 1627 1078 1627 1076 0 1078 0 1079 0 1079 1628 1078 1628 1080 1628 1079 1629 1080 1629 1070 1629 1070 0 1080 0 1071 0 76 1593 1075 1593 17 1593 17 1630 1075 1630 1073 1630 1069 1631 1075 1631 78 1631 78 1596 1075 1596 76 1596 1069 1632 78 1632 80 1632 1069 1633 80 1633 1077 1633 1077 1634 80 1634 81 1634 1077 1635 81 1635 1078 1635 1078 1636 81 1636 79 1636 1078 1637 79 1637 1080 1637 1080 1638 79 1638 82 1638 1080 1639 82 1639 1071 1639 1071 1640 82 1640 17 1640 1073 1641 1071 1641 17 1641 1070 1642 1072 1642 1081 1642 1072 1643 1074 1643 1081 1643 1081 1644 1074 1644 1082 1644 1074 1610 1068 1610 1082 1610 1082 1645 1068 1645 1084 1645 1076 1646 1083 1646 1084 1646 1076 1647 1084 1647 1068 1647 1070 1648 1086 1648 1085 1648 1070 1649 1085 1649 1079 1649 1079 1650 1085 1650 1083 1650 1079 1651 1083 1651 1076 1651 1070 1652 1081 1652 1086 1652 1086 0 1081 0 1083 0 1081 1653 1082 1653 1084 1653 1086 1654 1083 1654 1085 1654 1081 0 1084 0 1083 0 1087 0 1088 0 1089 0 1089 1655 1088 1655 1090 1655 1091 0 1088 0 1092 0 1092 0 1088 0 1087 0 1092 1656 1087 1656 1093 1656 1093 0 1087 0 1094 0 1093 1657 1094 1657 1095 1657 1095 0 1094 0 1089 0 1095 0 1089 0 1096 0 1096 1658 1089 1658 1090 1658 1096 1659 1090 1659 1097 1659 1092 1660 1093 1660 14 1660 14 1660 1093 1660 16 1660 1091 1580 1092 1580 13 1580 13 1580 1092 1580 14 1580 1088 1661 1091 1661 12 1661 12 1662 1091 1662 13 1662 1090 1580 1088 1580 11 1580 11 1580 1088 1580 12 1580 1097 1663 1090 1663 8 1663 8 1664 1090 1664 11 1664 1096 1580 1097 1580 7 1580 7 1580 1097 1580 8 1580 1095 1665 1096 1665 6 1665 6 1665 1096 1665 7 1665 1093 1584 1095 1584 16 1584 16 1584 1095 1584 6 1584 1089 1666 1094 1666 1098 1666 1098 1667 1094 1667 1099 1667 1094 1668 1087 1668 1099 1668 1099 1669 1087 1669 1100 1669 1087 1584 1089 1584 1100 1584 1100 1584 1089 1584 1098 1584 1098 0 1099 0 1100 0 1103 0 1104 0 1105 0 1105 0 1104 0 1106 0 1107 0 1105 0 1108 0 1102 0 1101 0 1109 0 1102 0 1109 0 1110 0 1102 1670 1111 1670 1101 1670 1102 0 1108 0 1106 0 1106 0 1108 0 1105 0 1112 0 1105 0 1113 0 1113 0 1105 0 1107 0 1113 0 1107 0 1114 0 1114 1671 1107 1671 1115 1671 1114 0 1115 0 1116 0 1116 1672 1115 1672 1110 1672 1110 0 1109 0 1116 0 1102 1673 1106 1673 1111 1673 10 1579 1113 1579 5 1579 5 1674 1113 1674 1114 1674 1112 1580 1113 1580 87 1580 87 1675 1113 1675 10 1675 1105 1676 1112 1676 85 1676 85 1677 1112 1677 87 1677 1103 1678 1105 1678 86 1678 86 1679 1105 1679 85 1679 1104 1580 1103 1580 89 1580 89 1580 1103 1580 86 1580 1106 1680 1104 1680 90 1680 90 1681 1104 1681 89 1681 1106 1682 90 1682 83 1682 1106 1683 83 1683 1111 1683 1111 1684 83 1684 92 1684 1111 1685 92 1685 1101 1685 1101 1686 92 1686 91 1686 1101 1687 91 1687 1109 1687 1109 1688 91 1688 93 1688 1109 1689 93 1689 1116 1689 1114 1690 1116 1690 5 1690 5 1691 1116 1691 93 1691 1115 1692 1107 1692 1117 1692 1117 1693 1107 1693 1118 1693 1107 1694 1108 1694 1118 1694 1118 1695 1108 1695 1120 1695 1102 1696 1119 1696 1120 1696 1102 1697 1120 1697 1108 1697 1115 1698 1117 1698 1121 1698 1115 1699 1121 1699 1110 1699 1110 1700 1121 1700 1119 1700 1110 1701 1119 1701 1102 1701 1117 0 1118 0 1120 0 1117 1702 1120 1702 1121 1702 1120 0 1119 0 1121 0 1122 1703 1123 1703 96 1703 96 1704 1123 1704 97 1704 1124 1705 1122 1705 95 1705 95 1706 1122 1706 96 1706 1125 1580 1124 1580 101 1580 101 1580 1124 1580 95 1580 1126 1707 1125 1707 100 1707 100 1707 1125 1707 101 1707 1127 1708 1126 1708 99 1708 99 1709 1126 1709 100 1709 1128 1580 1127 1580 98 1580 98 1580 1127 1580 99 1580 1129 1710 1128 1710 105 1710 105 1711 1128 1711 98 1711 1130 1712 1129 1712 106 1712 106 1713 1129 1713 105 1713 1131 1584 1130 1584 104 1584 104 1584 1130 1584 106 1584 1132 1714 1131 1714 103 1714 103 1715 1131 1715 104 1715 1133 1716 1132 1716 102 1716 102 1716 1132 1716 103 1716 1123 1584 1133 1584 97 1584 97 1584 1133 1584 102 1584 1129 0 1130 0 1131 0 1122 1717 1124 1717 1125 1717 1133 0 1123 0 1132 0 1132 0 1123 0 1122 0 1132 0 1122 0 1126 0 1126 1718 1122 1718 1125 1718 1127 0 1128 0 1126 0 1126 1719 1128 1719 1129 1719 1126 0 1129 0 1132 0 1132 1720 1129 1720 1131 1720 1134 1721 52 1721 59 1721 1134 1722 59 1722 1135 1722 1135 1723 59 1723 58 1723 1135 1724 58 1724 1136 1724 1136 1725 58 1725 57 1725 1136 1726 57 1726 1137 1726 1137 1727 57 1727 51 1727 1137 1728 51 1728 1138 1728 1139 1729 1138 1729 62 1729 62 1730 1138 1730 51 1730 60 1731 1139 1731 62 1731 1140 1732 1139 1732 53 1732 53 1733 1139 1733 60 1733 1141 1581 1140 1581 49 1581 49 1581 1140 1581 53 1581 1142 1584 1141 1584 55 1584 55 1584 1141 1584 49 1584 1143 1734 1142 1734 50 1734 50 1735 1142 1735 55 1735 1143 1736 50 1736 54 1736 1143 1737 54 1737 1144 1737 1144 1738 54 1738 48 1738 1144 1739 48 1739 1145 1739 1145 1740 48 1740 47 1740 1145 1741 47 1741 1146 1741 1146 1742 47 1742 46 1742 1146 1743 46 1743 1147 1743 1147 1744 46 1744 45 1744 1147 1745 45 1745 1148 1745 1148 1746 45 1746 56 1746 1148 1747 56 1747 1149 1747 1134 1748 1149 1748 52 1748 52 1749 1149 1749 56 1749 1139 0 1140 0 1141 0 1141 1750 1142 1750 1139 1750 1139 1751 1142 1751 1138 1751 1134 0 1148 0 1149 0 1142 0 1143 0 1138 0 1138 0 1143 0 1144 0 1138 1752 1144 1752 1137 1752 1137 0 1144 0 1136 0 1136 1753 1144 1753 1145 1753 1136 1754 1145 1754 1146 1754 1136 0 1146 0 1135 0 1135 0 1146 0 1147 0 1135 1755 1147 1755 1148 1755 1135 1756 1148 1756 1134 1756</p>
        </triangles>
        <triangles material="Material-material" count="131">
          <input semantic="VERTEX" source="#Ydlidar_X2-mesh-vertices" offset="0"/>
          <input semantic="NORMAL" source="#Ydlidar_X2-mesh-normals" offset="1"/>
          <p>233 710 576 710 234 710 234 711 576 711 577 711 234 712 577 712 243 712 243 713 577 713 578 713 243 714 578 714 244 714 244 715 578 715 579 715 244 716 579 716 235 716 235 717 579 717 580 717 235 718 580 718 256 718 256 719 580 719 581 719 256 720 581 720 257 720 257 721 581 721 582 721 257 722 582 722 248 722 248 723 582 723 583 723 248 724 583 724 249 724 249 725 583 725 584 725 249 726 584 726 261 726 261 727 584 727 585 727 261 728 585 728 262 728 262 729 585 729 586 729 262 730 586 730 264 730 264 731 586 731 587 731 264 732 587 732 265 732 265 733 587 733 588 733 265 734 588 734 267 734 267 735 588 735 589 735 267 736 589 736 269 736 269 737 589 737 590 737 269 738 590 738 271 738 271 739 590 739 591 739 271 740 591 740 273 740 273 741 591 741 592 741 273 742 592 742 275 742 275 743 592 743 593 743 275 744 593 744 277 744 277 745 593 745 594 745 277 746 594 746 279 746 279 747 594 747 595 747 279 748 595 748 281 748 281 749 595 749 596 749 281 750 596 750 283 750 283 751 596 751 597 751 283 752 597 752 285 752 285 753 597 753 598 753 285 754 598 754 287 754 287 755 598 755 599 755 287 756 599 756 288 756 288 757 599 757 600 757 288 758 600 758 289 758 289 759 600 759 601 759 289 760 601 760 206 760 206 761 601 761 602 761 206 762 602 762 208 762 208 763 602 763 603 763 208 764 603 764 209 764 209 765 603 765 604 765 209 766 604 766 194 766 194 767 604 767 605 767 194 768 605 768 195 768 195 769 605 769 606 769 195 770 606 770 204 770 204 771 606 771 607 771 204 772 607 772 231 772 231 773 607 773 608 773 231 774 608 774 219 774 219 775 608 775 609 775 219 776 609 776 220 776 220 777 609 777 610 777 220 778 610 778 232 778 232 779 610 779 611 779 232 780 611 780 233 780 233 781 611 781 576 781 434 1188 889 1188 433 1188 433 1189 889 1189 890 1189 433 1190 890 1190 891 1190 433 1191 891 1191 431 1191 431 1192 891 1192 432 1192 432 1193 891 1193 892 1193 432 1194 892 1194 439 1194 439 1195 892 1195 893 1195 439 1196 893 1196 442 1196 442 1197 893 1197 894 1197 442 1198 894 1198 441 1198 441 1199 894 1199 895 1199 441 1200 895 1200 440 1200 440 1201 895 1201 896 1201 440 1202 896 1202 455 1202 455 1203 896 1203 897 1203 455 1204 897 1204 453 1204 453 1205 897 1205 898 1205 453 1206 898 1206 450 1206 450 1207 898 1207 899 1207 450 1208 899 1208 448 1208 448 1209 899 1209 900 1209 448 1210 900 1210 445 1210 445 1211 900 1211 901 1211 445 1212 901 1212 426 1212 426 1213 901 1213 902 1213 426 1214 902 1214 428 1214 428 1215 902 1215 429 1215 429 1216 902 1216 903 1216 429 1217 903 1217 430 1217 430 1218 903 1218 904 1218 430 1219 904 1219 438 1219 438 1220 904 1220 905 1220 438 1221 905 1221 437 1221 437 1222 905 1222 906 1222 437 1223 906 1223 436 1223 436 1224 906 1224 907 1224 436 1225 907 1225 435 1225 435 1226 907 1226 908 1226 435 1227 908 1227 434 1227 434 1228 908 1228 889 1228 900 1229 899 1229 898 1229 903 0 902 0 900 0 900 0 902 0 901 0 900 1230 904 1230 903 1230 906 1231 905 1231 900 1231 900 1232 905 1232 904 1232 900 0 907 0 906 0 900 0 889 0 908 0 900 1233 908 1233 907 1233 900 1234 891 1234 890 1234 900 1235 890 1235 889 1235 893 1236 892 1236 900 1236 900 1237 892 1237 891 1237 900 1238 894 1238 893 1238 896 1239 895 1239 900 1239 900 1240 895 1240 894 1240 898 0 897 0 900 0 900 1241 897 1241 896 1241</p>
        </triangles>
        <triangles material="Grey-material" count="176">
          <input semantic="VERTEX" source="#Ydlidar_X2-mesh-vertices" offset="0"/>
          <input semantic="NORMAL" source="#Ydlidar_X2-mesh-normals" offset="1"/>
          <p>612 782 613 782 614 782 614 783 613 783 615 783 614 784 615 784 616 784 616 785 615 785 617 785 616 786 617 786 618 786 618 787 617 787 619 787 618 788 619 788 620 788 620 789 619 789 621 789 620 790 621 790 622 790 622 791 621 791 623 791 622 792 623 792 624 792 624 793 623 793 625 793 624 794 625 794 626 794 626 795 625 795 627 795 626 796 627 796 628 796 628 797 627 797 629 797 628 798 629 798 630 798 630 799 629 799 631 799 630 800 631 800 632 800 632 801 631 801 633 801 632 802 633 802 634 802 634 803 633 803 635 803 634 803 635 803 636 803 636 804 635 804 637 804 636 805 637 805 638 805 638 806 637 806 639 806 638 807 639 807 640 807 640 808 639 808 641 808 640 809 641 809 642 809 642 810 641 810 643 810 642 811 643 811 644 811 644 812 643 812 645 812 644 813 645 813 646 813 646 814 645 814 647 814 646 815 647 815 648 815 648 816 647 816 649 816 648 817 649 817 650 817 650 818 649 818 651 818 650 819 651 819 652 819 652 820 651 820 653 820 652 821 653 821 654 821 654 822 653 822 655 822 654 823 655 823 656 823 656 824 655 824 657 824 656 825 657 825 658 825 658 826 657 826 659 826 658 827 659 827 660 827 660 828 659 828 661 828 660 828 661 828 662 828 662 829 661 829 663 829 662 830 663 830 664 830 664 831 663 831 665 831 664 832 665 832 666 832 666 833 665 833 667 833 666 834 667 834 668 834 668 835 667 835 669 835 668 836 669 836 670 836 670 837 669 837 671 837 670 838 671 838 672 838 672 839 671 839 673 839 672 840 673 840 674 840 674 841 673 841 675 841 674 842 675 842 676 842 676 843 675 843 677 843 676 844 677 844 678 844 678 845 677 845 679 845 678 846 679 846 680 846 680 847 679 847 681 847 680 848 681 848 682 848 682 849 681 849 683 849 682 850 683 850 612 850 612 782 683 782 613 782 651 851 649 851 681 851 681 193 649 193 647 193 681 852 647 852 645 852 657 193 655 193 681 193 681 193 655 193 653 193 681 853 653 853 651 853 663 193 661 193 681 193 681 854 661 854 659 854 681 855 659 855 657 855 669 193 667 193 681 193 681 856 667 856 665 856 681 857 665 857 663 857 675 193 673 193 681 193 681 858 673 858 671 858 681 859 671 859 669 859 681 860 679 860 677 860 681 193 677 193 675 193 615 861 613 861 681 861 681 862 613 862 683 862 621 863 619 863 681 863 681 193 619 193 617 193 681 193 617 193 615 193 627 193 625 193 681 193 681 864 625 864 623 864 681 865 623 865 621 865 633 193 631 193 681 193 681 866 631 866 629 866 681 867 629 867 627 867 639 868 637 868 681 868 681 869 637 869 635 869 681 870 635 870 633 870 645 193 643 193 681 193 681 193 643 193 641 193 681 193 641 193 639 193 580 0 622 0 581 0 581 0 622 0 624 0 581 871 624 871 582 871 582 0 624 0 626 0 582 872 626 872 583 872 583 873 626 873 628 873 583 874 628 874 584 874 584 875 628 875 630 875 584 0 630 0 585 0 585 876 630 876 632 876 585 0 632 0 586 0 586 0 632 0 634 0 586 877 634 877 587 877 587 0 634 0 636 0 587 0 636 0 588 0 588 878 636 878 638 878 588 0 638 0 589 0 589 0 638 0 640 0 589 0 640 0 590 0 590 0 640 0 642 0 590 879 642 879 591 879 591 0 642 0 644 0 591 0 644 0 592 0 592 880 644 880 646 880 592 0 646 0 593 0 593 0 646 0 648 0 593 0 648 0 594 0 594 880 648 880 650 880 594 0 650 0 595 0 595 0 650 0 652 0 595 881 652 881 596 881 596 0 652 0 654 0 596 882 654 882 597 882 597 0 654 0 656 0 597 881 656 881 598 881 598 0 656 0 658 0 598 0 658 0 599 0 599 0 658 0 660 0 599 883 660 883 600 883 600 0 660 0 662 0 600 884 662 884 601 884 601 885 662 885 664 885 601 886 664 886 602 886 602 887 664 887 666 887 602 0 666 0 603 0 603 888 666 888 668 888 603 0 668 0 604 0 604 0 668 0 670 0 604 889 670 889 605 889 605 0 670 0 672 0 605 0 672 0 606 0 606 890 672 890 674 890 606 0 674 0 607 0 607 0 674 0 676 0 607 0 676 0 608 0 608 0 676 0 678 0 608 891 678 891 609 891 609 0 678 0 680 0 610 893 680 893 682 893 610 894 682 894 611 894 611 0 682 0 612 0 576 0 612 0 614 0 576 895 614 895 577 895 577 0 614 0 616 0 577 896 616 896 578 896 578 0 616 0 618 0 578 897 618 897 579 897 579 0 618 0 620 0 579 881 620 881 580 881 580 0 620 0 622 0</p>
        </triangles>
      </mesh>
    </geometry>
  </library_geometries>
  <library_visual_scenes>
    <visual_scene id="Scene" name="Scene">
      <node id="Ydlidar_X2" name="Ydlidar X2" type="NODE">
        <matrix sid="transform">1 0 0 0 0 1 0 0 0 0 1 0 0 0 0 1</matrix>
        <instance_geometry url="#Ydlidar_X2-mesh" name="Ydlidar X2">
          <bind_material>
            <technique_common>
              <instance_material symbol="Blue-material" target="#Blue-material"/>
              <instance_material symbol="Material-material" target="#Material-material"/>
              <instance_material symbol="Grey-material" target="#Grey-material"/>
            </technique_common>
          </bind_material>
        </instance_geometry>
      </node>
    </visual_scene>
  </library_visual_scenes>
  <scene>
    <instance_visual_scene url="#Scene"/>
  </scene>
</COLLADA>