<?xml version="1.0" encoding="utf-8"?>
<COLLADA xmlns="http://www.collada.org/2005/11/COLLADASchema" version="1.4.1" xmlns:xsi="http://www.w3.org/2001/XMLSchema-instance">
  <asset>
    <contributor>
      <author>Blender User</author>
      <authoring_tool>Blender 2.90.1 commit date:2020-09-23, commit time:06:43, hash:3e85bb34d0d7</authoring_tool>
    </contributor>
    <created>2025-09-11T23:19:09</created>
    <modified>2025-09-11T23:19:09</modified>
    <unit name="meter" meter="1"/>
    <up_axis>Z_UP</up_axis>
  </asset>
  <library_effects>
    <effect id="Green-effect">
      <profile_COMMON>
        <technique sid="common">
          <lambert>
            <emission>
              <color sid="emission">0 0 0 1</color>
            </emission>
            <diffuse>
              <color sid="diffuse">0.1441285 0.701102 0 1</color>
            </diffuse>
            <index_of_refraction>
              <float sid="ior">1.45</float>
            </index_of_refraction>
          </lambert>
        </technique>
      </profile_COMMON>
    </effect>
    <effect id="Black-effect">
      <profile_COMMON>
        <technique sid="common">
          <lambert>
            <emission>
              <color sid="emission">0 0 0 1</color>
            </emission>
            <diffuse>
              <color sid="diffuse">0.02732088 0.02732088 0.02732089 1</color>
            </diffuse>
            <index_of_refraction>
              <float sid="ior">1.45</float>
            </index_of_refraction>
          </lambert>
        </technique>
      </profile_COMMON>
    </effect>
    <effect id="Gold-effect">
      <profile_COMMON>
        <technique sid="common">
          <lambert>
            <emission>
              <color sid="emission">0 0 0 1</color>
            </emission>
            <diffuse>
              <color sid="diffuse">0.7991033 0.3564 0.03310481 1</color>
            </diffuse>
            <index_of_refraction>
              <float sid="ior">1.45</float>
            </index_of_refraction>
          </lambert>
        </technique>
      </profile_COMMON>
    </effect>
    <effect id="White-effect">
      <profile_COMMON>
        <technique sid="common">
          <lambert>
            <emission>
              <color sid="emission">0 0 0 1</color>
            </emission>
            <diffuse>
              <color sid="diffuse">0.7991031 0.7991029 0.799103 1</color>
            </diffuse>
            <index_of_refraction>
              <float sid="ior">1.45</float>
            </index_of_refraction>
          </lambert>
        </technique>
      </profile_COMMON>
    </effect>
  </library_effects>
  <library_images/>
  <library_materials>
    <material id="Green-material" name="Green">
      <instance_effect url="#Green-effect"/>
    </material>
    <material id="Black-material" name="Black">
      <instance_effect url="#Black-effect"/>
    </material>
    <material id="Gold-material" name="Gold">
      <instance_effect url="#Gold-effect"/>
    </material>
    <material id="White-material" name="White">
      <instance_effect url="#White-effect"/>
    </material>
  </library_materials>
  <library_geometries>
    <geometry id="Ov5647-mesh" name="Ov5647">
      <mesh>
        <source id="Ov5647-mesh-positions">
          <float_array id="Ov5647-mesh-positions-array" count="3987">-0.004174947 -0.001931905 -0.003349959 -0.004174947 -0.001931905 -0.00364995 -0.004174947 -0.001331925 -0.003349959 -0.004174947 -0.001331925 -0.00364995 -0.004474997 -0.001931905 -0.00364995 -0.004474997 -0.001331925 -0.00364995 -0.004474997 -0.001931905 -0.003349959 -0.004174947 0.001731395 -0.00364995 -0.004174947 0.001731395 -0.003349959 -0.004174947 0.001131415 -0.00364995 -0.004174947 0.001131415 -0.003349959 -0.004474997 0.001131415 -0.003349959 -0.004474997 0.001731395 -0.003349959 -0.004474997 0.001731395 -0.00364995 -0.004474997 0.001131415 -0.00364995 -0.004174947 -0.00364995 -0.001398622 -0.004174947 -0.00364995 -0.001998603 -0.004174947 -0.003349959 -0.001398622 -0.004174947 -0.003349959 -0.001998603 -0.004474997 -0.003349959 -0.001998603 -0.004474997 -0.00364995 -0.001998603 -0.004474997 -0.00364995 -0.001398622 -0.004474997 -0.003349959 -0.001398622 -0.004174947 -0.00364995 7.43096e-4 -0.004174947 -0.00364995 1.43096e-4 -0.004174947 -0.003349959 7.43096e-4 -0.004174947 -0.003349959 1.43096e-4 -0.004474997 -0.003349959 1.43096e-4 -0.004474997 -0.00364995 1.43096e-4 -0.004474997 -0.00364995 7.43096e-4 -0.004474997 -0.003349959 7.43096e-4 -0.004174947 -0.001649081 0.003449976 -0.004174947 -0.001649081 0.003149986 -0.004174947 -0.001049101 0.003449976 -0.004174947 -0.001049101 0.003149986 -0.004474997 -0.001049101 0.003149986 -0.004474997 -0.001649081 0.003149986 -0.004474997 -0.001649081 0.003449976 -0.004474997 -0.001049101 0.003449976 -0.004174947 8.35608e-5 0.003449976 -0.004174947 8.35608e-5 0.003149986 -0.004174947 6.83561e-4 0.003449976 -0.004174947 6.83561e-4 0.003149986 -0.004474997 6.83561e-4 0.003149986 -0.004474997 8.35608e-5 0.003149986 -0.004474997 8.35608e-5 0.003449976 -0.004474997 6.83561e-4 0.003449976 -0.004174947 0.00137937 0.003449976 -0.004174947 0.00137937 0.003149986 -0.004174947 0.00197941 0.003449976 -0.004174947 0.00197941 0.003149986 -0.004474997 0.00137937 0.003149986 -0.004474997 0.00197941 0.003149986 -0.004474997 0.00137937 0.003449976 -0.004474997 0.00197941 0.003449976 -0.004473865 -1.90637e-4 -0.002923607 -0.004124283 -1.93643e-4 -0.002442598 -0.004037439 -1.37135e-4 -0.002451717 -0.004124999 -1.27995e-4 -0.002438426 -0.004121661 -1.46286e-4 -0.002475261 -0.004066824 -1.6e-4 -0.002513229 -0.004012167 -1.28039e-4 -0.002560377 -0.004049658 -1.8369e-4 -0.002579927 -0.004474997 -1.76524e-4 -0.002886772 -0.004472255 -1.27948e-4 -0.002929925 -0.004459977 -1.24379e-5 -0.002948284 -0.00411278 3.55694e-5 -0.002438783 -0.004120349 1.84044e-6 -0.002488791 -0.004061758 1.54795e-6 -0.002529084 -0.003989934 -3.79447e-6 -0.002595901 -0.004049777 3.22404e-5 -0.00260204 -0.004049658 -2.36898e-5 -0.002579927 -0.00447762 3.01587e-5 -0.00290668 -0.004459261 1.47562e-4 -0.002947628 -0.004124999 1.50484e-4 -0.002420425 -0.004124999 1.95508e-4 -0.00245589 -0.004051625 1.89388e-4 -0.002497255 -0.003989934 1.56206e-4 -0.002595901 -0.004049777 1.9224e-4 -0.00260204 -0.004049658 1.3631e-4 -0.002579927 -0.004475891 1.88656e-4 -0.002901554 -0.004459261 3.07562e-4 -0.002947628 -0.004037439 3.42865e-4 -0.002451717 -0.004124999 3.52005e-4 -0.002438426 -0.004122495 3.1391e-4 -0.002501606 -0.004066824 3.2e-4 -0.002513229 -0.004012167 3.51961e-4 -0.002560377 -0.004049658 2.9631e-4 -0.002579927 -0.004475891 3.48656e-4 -0.002901554 -0.004474461 4.49244e-4 -0.002923071 -0.004119336 5.10012e-4 -0.002418756 -0.004120886 4.95467e-4 -0.002476334 -0.004061758 4.81548e-4 -0.002529084 -0.003989934 4.76206e-4 -0.002595901 -0.004049777 5.1224e-4 -0.00260204 -0.004049658 4.5631e-4 -0.002579927 -0.004472255 5.12052e-4 -0.002929925 -0.004459261 6.27562e-4 -0.002947628 -0.004037439 6.62865e-4 -0.002451717 -0.004124999 6.72005e-4 -0.002438426 -0.004121899 6.40319e-4 -0.002493262 -0.004066824 6.4e-4 -0.002513229 -0.004012167 6.71961e-4 -0.002560377 -0.004049658 6.1631e-4 -0.002579927 -0.004475891 6.68656e-4 -0.002901554 -0.004473567 7.69398e-4 -0.002923727 -0.004037439 8.22865e-4 -0.002451717 -0.004124999 8.32005e-4 -0.002438426 -0.004081606 7.99381e-4 -0.002499699 -0.004012167 8.31961e-4 -0.002560377 -0.004049658 7.7631e-4 -0.002579927 -0.004472374 8.32072e-4 -0.002930104 -0.004459261 9.47562e-4 -0.002947628 -0.004124999 9.92005e-4 -0.002438426 -0.004000365 9.90791e-4 -0.00252515 -0.004122495 9.5391e-4 -0.002501606 -0.004066824 9.6e-4 -0.002513229 -0.003992021 9.52286e-4 -0.002597749 -0.004049658 9.3631e-4 -0.002579927 -0.004475712 9.88669e-4 -0.002901494 -0.004460275 0.001107513 -0.002947449 -0.004121899 0.001137197 -0.002411603 -0.004119932 0.00114417 -0.002468943 -0.004018366 0.001152455 -0.002556383 -0.004060685 0.0011065 -0.002509057 -0.004011809 0.001112639 -0.002623915 -0.004059374 0.001095235 -0.002591729 -0.004474997 0.00110346 -0.002886772 -0.004475891 0.001148641 -0.002901554 -0.004473567 0.001249372 -0.002923727 -0.004034399 0.001306056 -0.002461194 -0.004123508 0.001312673 -0.002450823 -0.004123985 0.001284599 -0.002505183 -0.004026472 0.001309752 -0.002566576 -0.003993391 0.00127989 -0.002601623 -0.004060685 0.001266479 -0.002509057 -0.004472374 0.001312017 -0.002930104 -0.004459261 0.001427531 -0.002947628 -0.004123568 0.001411855 -0.002424597 -0.004019975 0.001419901 -0.002461791 -0.004124999 0.001475453 -0.00245589 -0.00400412 0.001469612 -0.00253719 -0.004068136 0.001439452 -0.002510488 -0.004011809 0.001432657 -0.002623915 -0.004049658 0.001416265 -0.002579927 -0.004475891 0.001468598 -0.002901554 -0.004459261 0.00158751 -0.002947628 -0.004124999 0.001631975 -0.002438426 -0.004000365 0.001630783 -0.00252515 -0.004081606 0.001599371 -0.002499699 -0.003992021 0.001592278 -0.002597749 -0.004049658 0.001576304 -0.002579927 -0.004475891 0.001628637 -0.002901554 -0.004474401 0.00172919 -0.002922892 -0.004124999 0.001724481 -0.002443611 -0.004124999 0.001791954 -0.002438426 -0.004000365 0.001790761 -0.00252515 -0.004122614 0.001753866 -0.002501606 -0.004066824 0.001759946 -0.002513229 -0.003992021 0.001752257 -0.002597749 -0.004049658 0.001736283 -0.002579927 -0.004472374 0.001792013 -0.002930104 -0.004469156 0.001907527 -0.002945482 -0.004124581 0.001892447 -0.00242716 -0.004037439 0.001942813 -0.002451717 -0.004121363 0.001947104 -0.002473831 -0.004026472 0.001949727 -0.002566576 -0.003993391 0.001919865 -0.002601623 -0.004060685 0.001906514 -0.002509057 -0.004475891 0.001948654 -0.002901554 -0.004459261 0.002067506 -0.002947628 -0.004033863 0.002108871 -0.002465963 -0.004124999 0.002111971 -0.002438426 -0.004118084 0.002081394 -0.002479314 -0.004053056 0.002079546 -0.002561926 -0.004005372 0.002110838 -0.00256139 -0.004475593 0.002108633 -0.002901434 -0.004473567 -0.002750575 -0.002923727 -0.004121303 -0.002747952 -0.002425372 -0.004034399 -0.002693891 -0.002461194 -0.004123687 -0.002688705 -0.002456426 -0.004026472 -0.002690196 -0.002566576 -0.003993391 -0.002720057 -0.002601623 -0.004060685 -0.002733469 -0.002509057 -0.004472374 -0.002687871 -0.002930104 -0.004474461 -0.002590775 -0.002922832 -0.004124999 -0.002586066 -0.002427875 -0.004124999 -0.002527952 -0.002438426 -0.004000365 -0.002529203 -0.00252515 -0.004120349 -0.002558171 -0.002488493 -0.004061758 -0.00255841 -0.002529084 -0.003992021 -0.002567708 -0.002597749 -0.004049658 -0.002583682 -0.002579927 -0.004472374 -0.002527892 -0.002930104 -0.004459261 -0.002412438 -0.002947628 -0.004123449 -0.002377092 -0.002416729 -0.004034161 -0.002408981 -0.002452194 -0.004109561 -0.00238943 -0.002483248 -0.003994286 -0.002372205 -0.002575337 -0.004060208 -0.002396404 -0.002575874 -0.004475891 -0.002371311 -0.002901554 -0.004473567 -0.002270579 -0.002923727 -0.004033863 -0.002211034 -0.002465963 -0.004124999 -0.002207994 -0.002438426 -0.004118084 -0.002238571 -0.002479314 -0.004053056 -0.002240359 -0.002561926 -0.004005372 -0.002209126 -0.00256139 -0.004472374 -0.002207875 -0.002930104 -0.004459261 -0.002092421 -0.002947628 -0.004124999 -0.002073764 -0.002416193 -0.004001975 -0.002049982 -0.002499818 -0.004122793 -0.002057909 -0.002469539 -0.004066824 -0.002079963 -0.002513229 -0.004063963 -0.002082705 -0.002580523 -0.004475891 -0.002051293 -0.002901554 -0.004473567 -0.001950562 -0.002923727 -0.004124999 -0.001887977 -0.002438426 -0.004000365 -0.001889169 -0.00252515 -0.004121899 -0.001919627 -0.002493262 -0.004066824 -0.001919984 -0.002513229 -0.003992021 -0.001927673 -0.002597749 -0.004049658 -0.001943647 -0.002579927 -0.004472374 -0.001887917 -0.002930104 -0.004459261 -0.001772403 -0.002947628 -0.004124999 -0.001753747 -0.002416193 -0.004007041 -0.001732766 -0.002494156 -0.004123687 -0.001741111 -0.002492964 -0.004079163 -0.001758813 -0.002502202 -0.004056692 -0.00176829 -0.002576828 -0.004049777 -0.001727759 -0.00260204 -0.004475891 -0.001731336 -0.002901554 -0.004459261 -0.001612424 -0.002947628 -0.004037439 -0.001577079 -0.002451717 -0.004122912 -0.001560866 -0.002476811 -0.004121661 -0.001586258 -0.002475261 -0.004066824 -0.001599967 -0.002513229 -0.004012167 -0.001568019 -0.002560377 -0.004049658 -0.00162369 -0.002579927 -0.004475712 -0.001571297 -0.002901494 -0.004473805 -0.001470625 -0.002923488 -0.004124999 -0.00140798 -0.002438426 -0.004000365 -0.001409173 -0.00252515 -0.004121661 -0.001426279 -0.002475261 -0.004066824 -0.001439988 -0.002513229 -0.003992021 -0.001447677 -0.002597749 -0.004049658 -0.001463651 -0.002579927 -0.004474997 -0.001456499 -0.002886772 -0.004472374 -0.001407921 -0.002930104 -0.004459261 -0.001292407 -0.002947628 -0.004124999 -0.001244604 -0.002446711 -0.004000365 -0.001249194 -0.00252515 -0.004119932 -0.001278162 -0.002480804 -0.004061758 -0.0012784 -0.002529084 -0.003992021 -0.001287698 -0.002597749 -0.004049658 -0.001303672 -0.002579927 -0.004475891 -0.001251339 -0.002901554 -0.004459261 -0.001132428 -0.002947628 -0.004124999 -0.001087963 -0.002438426 -0.004000365 -0.001089155 -0.00252515 -0.004121541 -0.001122117 -0.002496719 -0.004066824 -0.001119971 -0.002513229 -0.003992021 -0.00112766 -0.002597749 -0.004049658 -0.001143634 -0.002579927 -0.004475891 -0.001091301 -0.002901554 -0.004472255 -9.27948e-4 -0.002929925 -0.004473626 -9.9059e-4 -0.002923846 -0.004123568 -9.88095e-4 -0.002424597 -0.004034399 -9.33894e-4 -0.002461194 -0.004124999 -9.24492e-4 -0.00245589 -0.004066586 -9.6e-4 -0.002513051 -0.004012167 -9.28039e-4 -0.002560377 -0.004059374 -9.84727e-4 -0.002591729 -0.004459261 -8.12438e-4 -0.002947628 -0.004124283 -8.33643e-4 -0.002442598 -0.004037439 -7.77135e-4 -0.002451717 -0.004124999 -7.67995e-4 -0.002438426 -0.004081606 -8.00619e-4 -0.002499699 -0.004012167 -7.68039e-4 -0.002560377 -0.004049658 -8.2369e-4 -0.002579927 -0.004475891 -7.71344e-4 -0.002901554 -0.004473686 -6.70574e-4 -0.002924025 -0.004472136 -6.07965e-4 -0.002929806 -0.004122912 -6.00868e-4 -0.002476811 -0.004000365 -6.09209e-4 -0.00252515 -0.004121661 -6.26286e-4 -0.002475261 -0.004066824 -6.4e-4 -0.002513229 -0.003992021 -6.47714e-4 -0.002597749 -0.004049658 -6.6369e-4 -0.002579927 -0.004459261 -4.92438e-4 -0.002947628 -0.004124999 -5.12291e-4 -0.002434849 -0.004124999 -4.47995e-4 -0.002438426 -0.004000365 -4.49209e-4 -0.00252515 -0.004119277 -4.73417e-4 -0.00247997 -0.004061758 -4.78452e-4 -0.002529084 -0.003992021 -4.87714e-4 -0.002597749 -0.004049658 -5.0369e-4 -0.002579927 -0.004475891 -4.51344e-4 -0.002901554 -0.004459261 -3.32438e-4 -0.002947628 -0.004124999 -3.55508e-4 -0.002443611 -0.004124999 -2.87995e-4 -0.002438426 -0.004000365 -2.89209e-4 -0.00252515 -0.004122495 -3.2609e-4 -0.002501606 -0.004066824 -3.2e-4 -0.002513229 -0.003992021 -3.27714e-4 -0.002597749 -0.004049658 -3.4369e-4 -0.002579927 -0.004475712 -2.91331e-4 -0.002901494 -0.004474878 -1.28236e-4 0.002571105 -0.004467427 -1.88196e-4 0.002589881 -0.004115283 -1.29318e-4 0.002091646 -0.004034399 -1.86106e-4 0.002111196 -0.004124999 -1.92005e-4 0.002088427 -0.004116237 -1.70667e-4 0.00212723 -0.004043161 -1.80718e-4 0.002211093 -0.003999114 -1.78798e-4 0.002245664 -0.004474997 -1.54921e-4 0.002531588 -0.004474937 3.17601e-5 0.002571105 -0.004467427 -2.81957e-5 0.002589881 -0.004114151 3.07637e-5 0.002092123 -0.004034399 -2.61059e-5 0.002111196 -0.004124999 -3.20051e-5 0.002088427 -0.004118323 -1.02879e-5 0.002126455 -0.004043161 -2.07179e-5 0.002211093 -0.003999114 -1.8798e-5 0.002245664 -0.004474997 5.07863e-6 0.002531588 -0.004467248 1.80327e-4 0.002593278 -0.004475593 1.29247e-4 0.002563297 -0.004034399 1.33894e-4 0.002111196 -0.004124999 1.27995e-4 0.002088427 -0.004116237 1.49333e-4 0.00212723 -0.004043161 1.39282e-4 0.002211093 -0.003999114 1.41202e-4 0.002245664 -0.004474997 1.65079e-4 0.002531588 -0.004474878 3.51764e-4 0.002571105 -0.004467427 2.91804e-4 0.002589881 -0.004113018 3.49534e-4 0.002087414 -0.004034399 2.93894e-4 0.002111196 -0.004124999 2.87995e-4 0.002088427 -0.004040896 3.03728e-4 0.002186894 -0.004124999 3.26203e-4 0.002133309 -0.003999114 3.01202e-4 0.002245664 -0.004474997 3.25079e-4 0.002531588 -0.004474878 5.11764e-4 0.002571105 -0.004467427 4.51804e-4 0.002589881 -0.004114151 5.10764e-4 0.002092123 -0.004034399 4.53894e-4 0.002111196 -0.004124999 4.47995e-4 0.002088427 -0.004116237 4.69333e-4 0.00212723 -0.004043161 4.59282e-4 0.002211093 -0.003999114 4.61202e-4 0.002245664 -0.004474997 4.85079e-4 0.002531588 -0.00446707 6.11828e-4 0.002589404 -0.004474878 6.71766e-4 0.002571165 -0.004034399 6.13894e-4 0.002111196 -0.004124999 6.07995e-4 0.002088427 -0.004116237 6.29333e-4 0.00212723 -0.004043161 6.19282e-4 0.002211093 -0.003999114 6.21202e-4 0.002245664 -0.004474997 6.45079e-4 0.002531588 -0.00446707 7.71828e-4 0.002589404 -0.004474878 8.31766e-4 0.002571165 -0.004034399 7.73894e-4 0.002111196 -0.004124999 7.67995e-4 0.002088427 -0.004116237 7.89333e-4 0.00212723 -0.004043161 7.79282e-4 0.002211093 -0.003999114 7.81202e-4 0.002245664 -0.004474997 8.05079e-4 0.002531588 -0.004469752 9.32052e-4 0.002589106 -0.004474937 9.91765e-4 0.002571165 -0.004034399 9.33894e-4 0.002111196 -0.004124999 9.27995e-4 0.002088427 -0.004116237 9.49333e-4 0.00212723 -0.004043161 9.39282e-4 0.002211093 -0.003999114 9.41202e-4 0.002245664 -0.004474997 9.65079e-4 0.002531588 -0.00446707 0.001091778 0.002589404 -0.004474878 0.00115174 0.002571165 -0.004034399 0.001093864 0.002111196 -0.004124999 0.001087963 0.002088427 -0.004116237 0.001109302 0.00212723 -0.004043161 0.001099228 0.002211093 -0.003999114 0.001101195 0.002245664 -0.004474997 0.001125037 0.002531588 -0.00446707 0.001251816 0.002589404 -0.004474878 0.001311719 0.002571165 -0.00411421 0.001246273 0.002081632 -0.004122555 0.00126636 0.002125024 -0.004066824 0.00127995 0.002163231 -0.003989636 0.001278698 0.002248644 -0.004055321 0.00125283 0.002247452 -0.00404793 0.001304984 0.002229511 -0.004474997 0.001285076 0.002531588 -0.00446707 0.001411795 0.002589404 -0.004474937 0.001471757 0.002571165 -0.004124999 0.001475453 0.002093613 -0.004034399 0.001413881 0.002111196 -0.004124999 0.00140798 0.002088427 -0.004121661 0.001426279 0.002125263 -0.004057943 0.001474976 0.002129375 -0.00404036 0.00141865 0.002209961 -0.003989636 0.001438677 0.002248644 -0.00404793 0.001465022 0.002229511 -0.004474997 0.001445055 0.002531588 -0.00446707 0.001571774 0.002589404 -0.004474878 0.001631736 0.002571165 -0.004124999 0.001576602 0.002072036 -0.004034399 0.00157386 0.002111196 -0.004040896 0.001583695 0.002186894 -0.004124999 0.001606166 0.002133309 -0.003999114 0.001581192 0.002245664 -0.004474997 0.001605033 0.002531588 -0.00446707 0.001731812 0.002589404 -0.004474878 0.001791715 0.002571165 -0.004034399 0.001733839 0.002111196 -0.004124999 0.001727938 0.002088427 -0.004116237 0.001749277 0.00212723 -0.004043161 0.001739263 0.002211093 -0.003999114 0.00174117 0.002245664 -0.004474997 0.001765072 0.002531588 -0.00446707 0.001891791 0.002589404 -0.004474878 0.001951754 0.002571165 -0.004124999 0.001896619 0.002072036 -0.004037439 0.001897096 0.002101719 -0.004116237 0.001909315 0.00212723 -0.004043161 0.001899242 0.002211093 -0.003999114 0.001901149 0.002245664 -0.004474997 0.001925051 0.002531588 -0.00446707 0.00205177 0.002589404 -0.004474878 0.002111732 0.002571165 -0.004124999 0.002047955 0.002088427 -0.004002809 0.002052128 0.002167224 -0.004081606 0.002080619 0.002149701 -0.004009842 0.002078294 0.002275168 -0.00404793 0.002104997 0.002229511 -0.004474997 0.00208503 0.002531588 -0.004469156 -0.002747952 0.002589166 -0.004474937 -0.002688229 0.002571165 -0.004034399 -0.002746105 0.002111196 -0.004124999 -0.002751946 0.002088427 -0.004119038 -0.002730131 0.002126216 -0.004043161 -0.002740681 0.002211093 -0.003999114 -0.002738773 0.002245664 -0.004474997 -0.002714872 0.002531588 -0.00446707 -0.002588152 0.002589404 -0.004474878 -0.00252819 0.002571165 -0.004124999 -0.002574205 0.002070784 -0.004034399 -0.002586066 0.002111196 -0.004124999 -0.002586066 0.002121567 -0.004040896 -0.002576231 0.002186894 -0.003999114 -0.002578794 0.002245664 -0.004474997 -0.002554893 0.002531588 -0.00446707 -0.002428114 0.002589404 -0.004474878 -0.002368211 0.002571165 -0.004034399 -0.002426087 0.002111196 -0.004124999 -0.002431988 0.002088427 -0.004116237 -0.00241065 0.00212723 -0.004043161 -0.002420663 0.002211093 -0.003999114 -0.002418756 0.002245664 -0.004474997 -0.002394914 0.002531588 -0.00446707 -0.002268135 0.002589404 -0.004474878 -0.002208232 0.002571165 -0.004124999 -0.00227195 0.002088427 -0.004029035 -0.002269744 0.002127707 -0.004081606 -0.002239346 0.002149701 -0.004031538 -0.002266824 0.002276182 -0.004069149 -0.002248167 0.00223875 -0.004474997 -0.002234876 0.002531588 -0.00446707 -0.002108156 0.002589404 -0.004474878 -0.002048194 0.002571165 -0.004124999 -0.002111971 0.002088427 -0.004002809 -0.002107799 0.002167224 -0.004081606 -0.002079367 0.002149701 -0.004009842 -0.002081632 0.002275168 -0.00404793 -0.002054929 0.002229511 -0.004474997 -0.002074897 0.002531588 -0.00446707 -0.001948118 0.002589404 -0.004474937 -0.001888215 0.002571165 -0.004114151 -0.001889228 0.002092123 -0.004034399 -0.001946091 0.002111196 -0.004124999 -0.001951992 0.002088427 -0.004116237 -0.001930654 0.00212723 -0.004043161 -0.001940667 0.002211093 -0.003999114 -0.00193876 0.002245664 -0.004474997 -0.001914918 0.002531588 -0.00446707 -0.001788139 0.002589404 -0.004474878 -0.001728177 0.002571165 -0.004114151 -0.00172919 0.002092123 -0.004034399 -0.001786053 0.002111196 -0.004124999 -0.001791954 0.002088427 -0.004116237 -0.001770615 0.00212723 -0.004043161 -0.001780688 0.002211093 -0.003999114 -0.001778781 0.002245664 -0.004474997 -0.001754879 0.002531588 -0.004466593 -0.00162816 0.002589404 -0.004474937 -0.001568198 0.002571165 -0.004034399 -0.001626074 0.002111196 -0.004124999 -0.001631975 0.002088427 -0.004116237 -0.001610636 0.00212723 -0.004043161 -0.001620709 0.002211093 -0.003999114 -0.001618742 0.002245664 -0.004474997 -0.001594901 0.002531588 -0.00446707 -0.001468122 0.002589404 -0.004474937 -0.001408219 0.002571165 -0.004034399 -0.001466095 0.002111196 -0.004124999 -0.001471996 0.002088427 -0.004116237 -0.001450657 0.00212723 -0.004043161 -0.001460671 0.002211093 -0.003999114 -0.001458764 0.002245664 -0.004474997 -0.001434862 0.002531588 -0.004467666 -0.001259624 0.002593994 -0.00447601 -0.001311182 0.002565503 -0.004034399 -0.001306056 0.002111196 -0.004124999 -0.001311957 0.002088427 -0.004116237 -0.001290619 0.00212723 -0.004043161 -0.001300692 0.002211093 -0.003999114 -0.001298785 0.002245664 -0.004474997 -0.001274883 0.002531588 -0.004469394 -0.001099705 0.002594292 -0.00447613 -0.001151323 0.002566039 -0.004114151 -0.001089215 0.002092123 -0.004034399 -0.001146078 0.002111196 -0.004124999 -0.001151978 0.002088427 -0.004116237 -0.00113064 0.00212723 -0.004043161 -0.001140713 0.002211093 -0.003999114 -0.001138746 0.002245664 -0.004474997 -0.001114904 0.002531588 -0.004474878 -9.28235e-4 0.002571165 -0.004467248 -9.88183e-4 0.002589583 -0.004037439 -9.82865e-4 0.002101719 -0.004124999 -9.92005e-4 0.002088427 -0.004116237 -9.70667e-4 0.00212723 -0.004040598 -9.82465e-4 0.002212703 -0.003989636 -9.61283e-4 0.002248644 -0.00404793 -9.34964e-4 0.002229511 -0.004474997 -9.54921e-4 0.002531588 -0.00446707 -8.28172e-4 0.002589404 -0.004474878 -7.68234e-4 0.002571165 -0.004034399 -8.26106e-4 0.002111196 -0.004124999 -8.32005e-4 0.002088427 -0.004116237 -8.10667e-4 0.00212723 -0.004043161 -8.20718e-4 0.002211093 -0.003999114 -8.18798e-4 0.002245664 -0.004474997 -7.94921e-4 0.002531588 -0.004467427 -6.68196e-4 0.002589881 -0.004474878 -6.08236e-4 0.002571105 -0.004034399 -6.66106e-4 0.002111196 -0.004124999 -6.72005e-4 0.002088427 -0.004116237 -6.50667e-4 0.00212723 -0.004043161 -6.60718e-4 0.002211093 -0.003999114 -6.58798e-4 0.002245664 -0.004474997 -6.34921e-4 0.002531588 -0.004474878 -4.48235e-4 0.002571165 -0.004467248 -5.08183e-4 0.002589583 -0.004034399 -5.06106e-4 0.002111196 -0.004124999 -5.12005e-4 0.002088427 -0.004116237 -4.90667e-4 0.00212723 -0.004043161 -5.00718e-4 0.002211093 -0.003999114 -4.98798e-4 0.002245664 -0.004474997 -4.74921e-4 0.002531588 -0.00446701 -3.48228e-4 0.002589881 -0.004474878 -2.88238e-4 0.002571105 -0.004034399 -3.46106e-4 0.002111196 -0.004124999 -3.52005e-4 0.002088427 -0.004116237 -3.30667e-4 0.00212723 -0.004043161 -3.40718e-4 0.002211093 -0.003999114 -3.38798e-4 0.002245664 -0.004474997 -3.14921e-4 0.002531588 -0.004674971 -0.003999948 -0.003999948 -0.004674971 -0.003999948 0.003999948 -0.004674971 0.003999948 -0.003999948 -0.004674971 0.003999948 0.003999948 -0.004474997 3.61235e-4 0.003999948 -0.004474997 0.003999948 0.003999948 -0.004474997 -0.003999948 -0.003999948 -0.004474997 -0.003999948 0.003999948 -0.004474997 -0.003999948 -6.27768e-4 -0.004474997 0.003999948 -0.003999948 -0.004474997 -1.44274e-4 -0.003999948 -0.004474997 0.003999948 -6.27768e-4 -0.004128992 0.002000331 -0.002367794 -0.004130065 0.002014577 -0.001859784 -0.004130065 0.00213468 -0.002218604 -0.004125535 -0.001834988 0.001369953 -0.004127204 0.001834988 0.001369953 -0.004125058 0.001834988 -0.001369953 -0.004124999 0.001099944 0.001369953 -0.004124999 -6e-5 0.001369953 -0.004124999 -9.8e-4 0.001369953 -0.004124999 -0.00307995 -0.002524971 -0.004474997 -0.00307995 -0.002524971 -0.004123449 -0.002106726 -0.002489387 -0.004123449 -0.001786708 -0.002489387 -0.004474997 0.002439975 -0.002524971 -0.004124999 -0.00119996 -0.002524971 -0.004124999 -8e-4 -0.002524971 -0.004124999 7.2e-4 -0.002524971 -0.004124999 0.002439975 -0.002524971 -0.004124999 -0.00307995 0.002174973 -0.004474997 -0.00307995 0.002174973 -0.004124999 -0.00307995 -0.002005636 -0.004474997 -0.00307995 -6.27768e-4 -0.004474997 0.002439975 0.002174973 -0.004474997 0.001914799 0.002174973 -0.004474997 0.001556158 0.002174973 -0.004474997 0.00119996 0.002174973 -0.004474997 8.0339e-4 0.002174973 -0.004474997 5.6e-4 0.002174973 -0.004474997 2.86695e-4 0.002174973 -0.004474997 -1.16098e-5 0.002174973 -0.004474997 -4e-4 0.002174973 -0.004474997 -6.4e-4 0.002174973 -0.004474997 -0.001042246 0.002174973 -0.004474997 -0.001345932 0.002174973 -0.004474997 -0.001764774 0.002174973 -0.004474997 -0.001999974 0.002174973 -0.004474997 -0.002239942 0.002174973 -0.004474997 -0.002559959 0.002174973 -0.004124999 -8.8e-4 0.002152383 -0.004124999 -5.6e-4 0.002152383 -0.004114151 0.001790761 0.002092123 -0.004124999 0.001862466 0.002152383 -0.004124999 0.001679956 0.002152383 -0.004124999 0.001519978 0.002152383 -0.004104375 0.001630246 0.00209552 -0.004124999 0.001359999 0.002152383 -0.004124999 0.001315474 0.002093613 -0.004124999 0.001039981 0.002152383 -0.0041157 0.001150608 0.002091407 -0.004124999 8.8e-4 0.002152383 -0.004114151 9.90764e-4 0.002092123 -0.004124999 7.2e-4 0.002152383 -0.004114151 8.30764e-4 0.002092123 -0.004124999 5.6e-4 0.002152383 -0.004114151 6.70764e-4 0.002092123 -0.004124999 4e-4 0.002152383 -0.004124999 2.4e-4 0.002152383 -0.004124999 8e-5 0.002152383 -0.004114151 1.90764e-4 0.002092123 -0.004124999 -2.4e-4 0.002152383 -0.004124999 -4e-4 0.002152383 -0.004114151 -2.89236e-4 0.002092123 -0.004114151 -4.49236e-4 0.002092123 -0.004114151 -6.09236e-4 0.002092123 -0.004124999 -7.2e-4 0.002152383 -0.004114151 -7.69236e-4 0.002092123 -0.004124999 -9.24492e-4 0.002093613 -0.004124999 -0.001039981 0.002152383 -0.004124999 -0.00119996 0.002152383 -0.004124999 -0.001519978 0.002152383 -0.004114151 -0.001249194 0.002092123 -0.004114747 -0.001409232 0.002091884 -0.004124999 -0.001679956 0.002152383 -0.004114151 -0.001569211 0.002092123 -0.004124999 -0.001862466 0.002152383 -0.004124999 7.275e-4 -0.002199351 -0.004124999 -6.75e-4 -0.002199351 -0.004124999 0.002439975 0.002174973 -0.004125118 -0.001834988 -0.001369953 -0.004124999 -0.002751946 -0.002461075 -0.004122555 -0.002432286 -0.002452075 -0.004124999 -0.002275466 -0.002443611 -0.004124999 -0.001955449 -0.002443611 -0.004124283 -0.001633584 -0.002442598 -0.004124999 -0.001475453 -0.002443611 -0.004124999 -0.001306056 -0.002427875 -0.004124999 -0.001155495 -0.002443611 -0.004124999 -9.92005e-4 -0.002461075 -0.004124999 -6.75508e-4 -0.002443611 -0.004124999 -2.60712e-5 -0.002427875 -0.004108309 1.36126e-4 -0.002459466 -0.004124999 4e-4 -0.002393066 -0.004124283 2.86357e-4 -0.002442598 -0.004124999 4.47995e-4 -0.002461075 -0.004124283 6.06357e-4 -0.002442598 -0.004124283 7.66357e-4 -0.002442598 -0.004124999 9.24492e-4 -0.002443611 -0.004122436 0.001251578 -0.002426505 -0.004124999 0.001087963 -0.002461075 -0.004124999 0.00140798 -0.002461075 -0.004124999 0.001679956 -0.002393066 -0.004124999 0.001564443 -0.002443611 -0.004124999 0.001887977 -0.002461075 -0.004124999 0.002044439 -0.002443611 -0.004124999 -0.00247997 0.002152383 -0.004116117 -0.002689361 0.002091228 -0.004111289 -0.002529144 0.002096176 -0.004124999 -0.002319991 0.002152383 -0.004114151 -0.002369225 0.002092123 -0.004124999 -0.002159953 0.002152383 -0.004119992 -0.002205669 0.002081274 -0.004124999 -0.001999974 0.002152383 -0.004119992 -0.002045691 0.002081274 -0.004124999 0.001951992 0.002111077 -0.004119992 0.002114236 0.002081274 -0.004474997 -1.16098e-5 -0.003135383 -0.004474997 -0.001331925 -0.003349959 -0.004474997 0.002132296 0.002860367 -0.004474997 0.001759946 0.002860367 -0.004474997 0.00127232 0.002860367 -0.004474997 4.8e-4 0.002860367 -0.004474997 -8e-5 0.002860367 -0.004474997 -4.8e-4 0.002860367 -0.004474997 -8e-4 0.002860367 -0.004474997 -0.002079963 0.002860367 -0.004474997 -0.002464354 0.003292679 -0.004474997 -0.002559959 -0.002704501 -0.004474997 -0.002239942 -0.002704501 -0.004474997 -0.001919984 -0.002704501 -0.004474997 -0.001689493 -0.002704501 -0.004474997 -0.001345932 -0.002704501 -0.004474997 -0.00119996 -0.002704501 -0.004474997 -9.62275e-4 -0.002704501 -0.004474997 -6.4e-4 -0.002704501 -0.004474997 -4e-4 -0.002704501 -0.004474997 -8e-5 -0.002704501 -0.004474997 8.17804e-5 -0.002704501 -0.004474997 2.4e-4 -0.002704501 -0.004474997 4.8e-4 -0.002704501 -0.004474997 8.0339e-4 -0.002704501 -0.004474997 0.00127232 -0.002704501 -0.004474997 0.001519978 -0.002704501 -0.004474997 0.001759946 -0.002704501 -0.004474997 0.002063453 -0.002886772 -0.004474997 -0.002079963 -0.003135383 -0.004474997 1.7339e-4 -0.003135383 -0.004474997 -0.002736508 -0.002886772 -0.004474997 -0.00257647 -0.002886772 -0.004474997 -0.002399981 -0.003135383 -0.004474997 -0.002416491 -0.002886772 -0.004474997 -0.002256512 -0.002886772 -0.004474997 -0.002096474 -0.002886772 -0.004474997 -0.001936495 -0.002886772 -0.004474997 -0.001764774 -0.003135383 -0.004474997 -0.001776516 -0.002886772 -0.004474997 -0.001616477 -0.002886772 -0.004474997 -0.00129652 -0.002886772 -0.004474997 -0.001136481 -0.002886772 -0.004474997 -9.76524e-4 -0.002886772 -0.004474997 -8e-4 -0.003135383 -0.004474997 -8.16524e-4 -0.002886772 -0.004474997 -6.56524e-4 -0.002886772 -0.004474997 -4.8e-4 -0.003135383 -0.004474997 -4.96524e-4 -0.002886772 -0.004474997 -3.36524e-4 -0.002886772 -0.004474997 -1.65239e-5 -0.002886772 -0.004474997 1.43476e-4 -0.002886772 -0.004474997 3.03476e-4 -0.002886772 -0.004474997 4.63476e-4 -0.002886772 -0.004474997 6.4339e-4 -0.003135383 -0.004474997 6.23476e-4 -0.002886772 -0.004474997 7.83476e-4 -0.002886772 -0.004474997 9.43476e-4 -0.002886772 -0.004474997 0.001263439 -0.002886772 -0.004474997 0.001432299 -0.003135383 -0.004474997 0.001423418 -0.002886772 -0.004474997 0.001583456 -0.002886772 -0.004474997 0.001743435 -0.002886772 -0.004474997 0.001903474 -0.002886772 -0.003991365 -2.94235e-4 0.002214789 -0.004043221 -2.9327e-4 0.002229213 -0.003991365 -4.54235e-4 0.002214789 -0.004043221 -4.5327e-4 0.002229213 -0.003991365 -6.14235e-4 0.002214789 -0.004043221 -6.1327e-4 0.002229213 -0.003991365 -7.74235e-4 0.002214789 -0.004043221 -7.7327e-4 0.002229213 -0.004052877 -9.25469e-4 0.002131521 -0.003991365 -0.001094222 0.002214789 -0.004043221 -0.001093268 0.002229213 -0.003991365 -0.0012542 0.002214789 -0.004043221 -0.001253247 0.002229213 -0.003991365 -0.001414179 0.002214789 -0.004043221 -0.001413226 0.002229213 -0.003991365 -0.001574218 0.002214789 -0.004043221 -0.001573264 0.002229213 -0.003991365 -0.001734197 0.002214789 -0.004043221 -0.001733243 0.002229213 -0.003991365 -0.001894176 0.002214789 -0.004043221 -0.001893222 0.002229213 -0.003997743 -0.002058744 0.002163648 -0.003997743 -0.002218723 0.002163648 -0.004026412 -0.002207458 0.00225532 -0.003991365 -0.002374231 0.002214789 -0.004043221 -0.002373218 0.002229213 -0.003991365 -0.00253421 0.002214789 -0.004043221 -0.002533257 0.002229213 -0.003991365 -0.002694189 0.002214789 -0.004043221 -0.002693235 0.002229213 -0.003997743 0.002101242 0.002163648 -0.004052877 0.001954495 0.002131521 -0.004024565 0.001955211 0.002229392 -0.003991365 0.001785755 0.002214789 -0.004043221 0.001786708 0.002229213 -0.003991365 0.001625716 0.002214789 -0.004043221 0.001626729 0.002229213 -0.004031002 0.001300692 0.002107024 -0.003991365 0.00114572 0.002214789 -0.004043221 0.001146674 0.002229213 -0.003991365 9.85765e-4 0.002214789 -0.004043221 9.8673e-4 0.002229213 -0.003991365 8.25765e-4 0.002214789 -0.004043221 8.2673e-4 0.002229213 -0.003991365 6.65765e-4 0.002214789 -0.004043221 6.6673e-4 0.002229213 -0.003991365 5.05765e-4 0.002214789 -0.004043221 5.0673e-4 0.002229213 -0.003991365 3.45765e-4 0.002214789 -0.004043221 3.4673e-4 0.002229213 -0.003991365 1.85765e-4 0.002214789 -0.004043221 1.8673e-4 0.002229213 -0.003991365 2.57653e-5 0.002214789 -0.004043221 2.67304e-5 0.002229213 -0.003991365 -1.34235e-4 0.002214789 -0.004043221 -1.3327e-4 0.002229213 -0.004039406 -3.45208e-4 -0.00245577 -0.004039406 -5.05208e-4 -0.00245577 -0.004039406 -6.65208e-4 -0.00245577 -0.003985524 -8.1988e-4 -0.002582788 -0.003985524 -9.7988e-4 -0.002582788 -0.004039406 -0.001145184 -0.00245577 -0.004039406 -0.001305162 -0.00245577 -0.004039406 -0.001465201 -0.00245577 -0.003985524 -0.001619875 -0.002582788 -0.004030823 -0.001782059 -0.002457737 -0.004006266 -0.001785397 -0.002604424 -0.004039406 -0.001945197 -0.00245577 -0.004043698 -0.002108156 -0.002462267 -0.00400263 -0.002102136 -0.002603352 -0.00405687 -0.002273499 -0.002466678 -0.00400263 -0.002262175 -0.002603352 -0.004004776 -0.00243175 -0.002578198 -0.004039406 -0.002585172 -0.00245577 -0.004013776 -0.002749145 -0.002539515 -0.00405687 0.002046465 -0.002466678 -0.00400263 0.00205779 -0.002603352 -0.004013776 0.001890778 -0.002539515 -0.004039406 0.001734733 -0.00245577 -0.004039406 0.001574754 -0.00245577 -0.004013776 0.001250803 -0.002539515 -0.004000902 0.00109589 -0.00250411 -0.004039406 9.34792e-4 -0.00245577 -0.003985524 7.8012e-4 -0.002582788 -0.003985524 6.2012e-4 -0.002582788 -0.004030823 4.57886e-4 -0.002457737 -0.003985524 3.0012e-4 -0.002582788 -0.004030823 1.37886e-4 -0.002457737 -0.004030823 -2.21144e-5 -0.002457737 -0.003985524 -1.7988e-4 -0.002582788 -5.25365e-4 5.92353e-5 -0.003238558 -9.28031e-4 -2.92424e-4 -0.00279355 -5.25104e-4 -0.001402139 -0.002891361 -9.25268e-4 -0.001278519 -0.002507209 -5.2509e-4 -0.002359688 -0.002181649 -9.25162e-4 -0.002120256 -0.001852273 -5.25107e-4 -0.002992689 -0.001171469 -9.25054e-4 -0.002657651 -9.30563e-4 -5.25159e-4 -0.003210902 -2.93681e-5 -9.25693e-4 -0.002809643 2.17033e-5 -5.25177e-4 -0.003021895 0.001086652 -9.25809e-4 -0.002649486 9.53301e-4 -5.25122e-4 -0.00241971 0.002112388 -9.25208e-4 -0.002104997 0.00186938 -5.25117e-4 -0.001484572 0.002848923 -9.24901e-4 -0.00125879 0.002516984 -5.25365e-4 -5.9237e-5 0.003238558 -9.28031e-4 2.92422e-4 0.00279355 -9.25017e-4 -5.27816e-4 0.002750575 -5.25e-4 -5.51853e-4 -0.003792941 -0.001424968 5.51853e-4 -0.003792941 -5.25e-4 9.89996e-4 -0.003680884 -0.001424968 0.002290546 -0.003073096 -5.25e-4 0.002416789 -0.002974867 -0.001424968 0.003325223 -0.0018633 -5.25e-4 0.003378629 -0.001764595 -0.001424968 0.003750085 -6.82647e-4 -5.25e-4 0.003768503 -5.71994e-4 -0.001424968 0.003768503 5.71994e-4 -5.25e-4 0.003750085 6.82648e-4 -0.001424968 0.003251791 0.002028942 -5.25e-4 0.003325223 0.0018633 -5.25e-4 0.002290546 0.003073096 -0.001424968 0.002131521 0.003159999 -0.001424968 7.09618e-4 0.003766596 -5.25e-4 5.51853e-4 0.003792941 -5.25122e-4 0.00241971 -0.002112388 -5.25177e-4 0.003021895 -0.001086652 -5.25159e-4 0.003210902 2.9368e-5 -5.25107e-4 0.002992689 0.001171469 -5.2509e-4 0.002359688 0.002181649 -5.25e-4 -0.002973198 -0.002385199 -5.25e-4 -0.002037584 -0.003221333 -5.25117e-4 0.001484572 -0.002848923 -5.25e-4 -0.002622544 0.002766072 -5.25e-4 -0.003378629 0.001764595 -5.25e-4 -0.003768503 5.71994e-4 -5.25e-4 -0.00369513 -0.001018226 -5.25104e-4 0.001402139 0.002891361 -5.25e-4 -0.001319885 0.003598451 -0.003224968 -2.7185e-4 -0.002803027 -0.003224968 -0.001349449 -0.002467811 -0.003224968 -0.001853823 -0.002094745 -0.003224968 -0.002486526 -0.001315057 -0.003224968 -0.00279963 -2.73255e-4 -0.003224968 -0.002693951 8.09456e-4 -0.003224968 -0.00210601 0.00184977 -0.003224968 -0.001349449 0.002467811 -0.003224968 -2.71849e-4 0.002803027 -0.003224968 0.002095818 -0.001849412 -0.003524959 0.002132833 -0.001721143 -0.003524959 0.001826822 -0.002101242 -0.003224968 0.001721143 -0.002132833 -0.003524959 -0.001721143 -0.002132833 -0.003524959 -0.002101242 -0.001826822 -0.003224968 -0.002132833 -0.001721143 -0.003524959 -0.002132833 0.001721143 -0.003524959 -0.001826822 0.002101242 -0.003224968 -0.001721143 0.002132833 -0.003224968 0.00172472 0.002126693 -0.003524959 0.001721143 0.002132833 -0.003224968 0.002112925 0.001846015 -0.003524959 0.002101242 0.001826822 -0.003524959 -0.003199994 -0.002764582 -0.003524959 -0.002799451 -0.003291368 -0.003524959 -0.003295838 0.0034011 -0.003524959 -0.002941608 0.003422439 -0.003524959 -0.003171682 -0.003450334 -0.003524959 -0.00341016 -0.002921164 -0.003524959 0.003346085 0.003383696 -0.003524959 0.003422439 0.002941608 -0.003524959 0.002764582 0.003199994 -0.003524959 0.002910435 0.003405153 -0.003524959 0.003437817 -0.003218531 -0.003524959 0.003312289 -0.002818644 -0.003524959 0.003202736 -0.003442525 -0.003524959 -0.003235399 0.002772629 -0.003524959 -0.003458917 0.003085911 -0.003524959 -0.003425776 -0.003248453 -0.003524959 -0.002764582 0.003199994 -0.003524959 0.003199994 0.002764582 -0.003524959 0.002898395 -0.003394186 -0.003524959 0.002764582 -0.003199994 -0.003224968 0.002486526 -0.001315057 -0.003224968 0.001120626 0.002603173 -0.003224968 0.00279963 -2.73257e-4 -0.003224968 0.002693951 8.09455e-4 -0.003224968 0.001120626 -0.002603173 -0.003874957 -0.003232955 0.002759397 -0.003874957 -0.003312289 -0.002818644 -0.003874957 -0.003458559 0.003121554 -0.003874957 -0.003265023 0.003419041 -0.003874957 -0.002910435 0.003405153 -0.003874957 -0.002764582 0.003199994 -0.003874957 0.002764582 0.003199994 -0.003874957 0.002941608 0.003422439 -0.003874957 0.003295838 0.0034011 -0.003874957 0.003456652 0.002982258 -0.003874957 0.003199994 0.002764582 -0.003874957 0.003225922 -0.002756118 -0.003874957 0.003457605 -0.003082871 -0.003874957 0.00325191 -0.003439307 -0.003874957 -0.002764582 -0.003199994 -0.003874957 0.002799451 -0.003291368 -0.003874957 -0.002898395 -0.003394186 -0.003874957 -0.003202736 -0.003442525 -0.003874957 0.003699958 0.003699958 -0.003874957 0.003699958 -0.003699958 -0.003874957 -0.003699958 0.003699958 -0.003874957 -0.003699958 -0.003699958 -0.003874957 -0.003437817 -0.003218531 -0.004474997 -0.003699958 -0.003699958 -0.004474997 0.003699958 -0.003699958 -0.004474997 -0.003699958 0.003699958 -0.004474997 0.003699958 0.003699958 -0.001424968 0.003999948 -0.003999948 -0.001424968 -0.003999948 -0.003999948 -0.001424968 -0.003999948 0.003999948 -0.001424968 0.003999948 0.003999948 -0.001424968 -9.89996e-4 -0.003680884 -0.001424968 -0.002131521 -0.003159999 -0.001424968 -0.003042101 -0.002296686 -0.001424968 -0.003734409 -8.63188e-4 -0.001424968 -0.003750085 6.82648e-4 -0.001424968 -0.003325223 0.0018633 -0.001424968 -0.002540051 0.002842009 -0.001424968 -0.001168608 0.003650367 -9.25268e-4 0.001278519 0.002507209 -9.25162e-4 0.002120256 0.001852273 -9.25054e-4 0.002657651 9.30562e-4 -9.25693e-4 0.002809643 -2.17032e-5 -9.25809e-4 0.002649486 -9.53301e-4 -9.25208e-4 0.002104997 -0.00186938 -9.24901e-4 0.00125879 -0.002516984 -9.25017e-4 5.27815e-4 -0.002750575 -0.003524959 0.003149986 -0.003149986 -0.003524959 0.003149986 0.003149986 -0.003524959 -0.003149986 -0.003149986 -0.003524959 -0.003149986 0.003149986 -0.003874957 0.003149986 0.003149986 -0.003874957 0.003149986 -0.003149986 -0.003874957 -0.003149986 0.003149986 -0.003874957 -0.003149986 -0.003149986 2.75e-4 -0.001991808 0.001149952 -1.75e-4 -0.002381563 0.001374959 2.75e-4 -0.002381563 0.001374959 2.75e-4 0 0.002749979 -1.75e-4 0 0.002749979 2.75e-4 0 0.002299964 -1.72945e-4 -9.69157e-4 0.0026021 2.75063e-4 -6.31899e-4 0.002219617 2.75202e-4 -0.001531362 0.001745343 -1.7392e-4 -0.001961708 0.001941263 2.75159e-4 0.002008378 0.001154243 -1.55839e-4 0.002402901 0.001359164 2.75e-4 0.002399384 0.001405119 2.75e-4 0.002381563 -0.001374959 -1.75e-4 0.002381563 -0.001374959 2.75e-4 0.001991808 -0.001149952 -1.7392e-4 0.002669513 -7.00337e-4 2.75435e-4 0.002337217 -1.45785e-4 -1.7392e-4 0.002748072 2.54936e-4 2.75061e-4 -4.58409e-6 -0.002316534 -1.75e-4 0 -0.002749979 2.75e-4 1.71962e-5 -0.002780497 2.75e-4 -0.002381563 -0.001374959 -1.78742e-4 -0.002384185 -0.001411914 2.75e-4 -0.001991808 -0.001149952 2.75695e-4 -0.001294732 -0.001950979 -1.7392e-4 -0.001571118 -0.00226897 -1.7392e-4 -7.00337e-4 -0.002669513 2.74086e-4 3.24451e-4 -9.71478e-4 2.73285e-4 -6.51493e-4 -8.1833e-4 -9.96436e-5 -4.52466e-4 -4.7276e-4 2.74014e-4 -0.001017391 1.07898e-4 -9.86442e-5 -2.53593e-4 6.05336e-4 2.73514e-4 -4.73848e-4 9.32779e-4 -9.32376e-5 -6.35841e-4 1.1351e-4 -1.81473e-5 6.12314e-6 3.12707e-4 -9.96436e-5 4.52466e-4 4.7276e-4 8.0025e-6 1.0057e-4 -1.59906e-4 -9.9275e-5 6.32894e-4 -1.08906e-4 -7.25e-4 0.002744853 -2.83214e-4 -7.25e-4 0.003008902 4.4283e-5 -7.25e-4 0.002676188 6.72665e-4 -7.25e-4 0.002831459 0.001018822 -7.25e-4 0.002284705 0.001547396 -7.25e-4 0.00218302 0.002095401 -7.25e-4 0.001440882 0.002373278 -7.25e-4 0.001168072 0.002773225 -7.25e-4 2.83213e-4 0.002744853 -7.25e-4 -6.31366e-5 0.003025293 -7.25e-4 -6.72665e-4 0.002676188 -7.25e-4 -0.001495361 0.002630591 -7.25e-4 -0.001547396 0.002284705 -7.25e-4 -0.002235472 0.00161767 -7.25e-4 -0.002401649 0.001813173 -7.25e-4 -0.002722978 5.42299e-4 -7.25e-4 -0.002948224 6.81464e-4 -7.25e-4 -0.00291723 -8.03874e-4 -7.25e-4 -0.002676188 -6.72665e-4 -7.25e-4 -0.002284705 -0.001547396 -7.25e-4 -0.00234723 -0.001883029 -7.25e-4 -0.00161767 -0.002235472 -7.25e-4 -0.00160861 -0.002543151 -7.25e-4 -5.42299e-4 -0.002722978 -7.25e-4 -4.35673e-4 -0.002994418 -7.25e-4 6.72665e-4 -0.002676188 -7.25e-4 7.81574e-4 -0.002905964 -7.25e-4 0.001547396 -0.002284705 -7.25e-4 0.001908004 -0.002348601 -7.25e-4 0.002373278 -0.001440882 -7.25e-4 0.002795815 -0.001157402 -0.001724958 -2.92608e-4 -0.002994954 -0.001724958 6.95719e-4 -0.00292772 -0.001724958 0.001808345 -0.002426147 -0.001724958 0.002745091 -0.001273036 -0.001724958 0.003008902 -4.42831e-5 -0.001724958 0.002860248 9.35112e-4 -0.001724958 0.002268493 0.002002477 -0.001724958 0.001249194 0.0027377 -0.001724958 2.92605e-4 0.002994954 -0.001724958 -0.002744853 -2.83213e-4 -0.001724958 -0.00291723 8.03874e-4 -0.001724958 -0.002676188 6.72665e-4 -0.001724958 -0.002284705 0.001547396 -0.001724958 -0.00234723 0.001883029 -0.001724958 -0.001440882 0.002373278 -0.001724958 -0.00160861 0.002543151 -0.001724958 -6.95719e-4 0.00292772 -0.001724958 -2.83213e-4 0.002744853 -0.001724958 6.72665e-4 0.002676188 -0.001724958 0.001547396 0.002284705 -0.001724958 0.002373278 0.001440882 -0.001724958 0.002744853 2.83213e-4 -0.001724958 0.002676188 -6.72665e-4 -0.001724958 0.002165734 -0.001737356 -0.001724958 0.001204907 -0.002482414 -0.001724958 2.83213e-4 -0.002744853 -0.001724958 -6.72665e-4 -0.002676188 -0.001724958 -0.001249194 -0.0027377 -0.001724958 -0.001737356 -0.002165734 -0.001724958 -0.002070426 -0.002183735 -0.001724958 -0.002482414 -0.001204907 -0.001724958 -0.002667307 -0.001393139 -0.001724958 -0.002975165 -4.51574e-4 -0.002777457 -0.001131355 0.001414477 -0.002774953 0.001775443 4.0111e-4 -0.002785801 3.84005e-4 0.001776099 -0.002779841 0.001267313 0.001314818 -0.002773582 -3.94676e-4 0.00177735 -0.002968847 -2.87846e-4 0.00108385 -0.002777457 -0.001693785 6.77108e-4 -0.00293678 -0.001084208 6.57433e-4 -0.002961695 -0.00114423 -2.03069e-4 -0.002774953 -0.001775443 -4.01109e-4 -0.003074944 -2.32267e-4 2.30895e-4 -0.003002941 9.24424e-4 4.34663e-4 -0.003085792 4.92789e-5 -2.72998e-4 -0.003074884 -1.69878e-4 0.002102136 -0.003074526 -0.001136362 0.001793801 -0.00307399 -0.002031922 6.82402e-4 -0.003074824 -0.002028107 -5.77746e-4 -0.003074169 -0.001408755 -0.001621186 -0.002779841 -0.001267313 -0.001314818 -0.002775609 -5.01533e-4 -0.001737475 -0.003074169 1.25137e-4 -0.002148032 -0.002773582 3.94676e-4 -0.00177735 -0.003074049 0.001923263 9.56043e-4 -0.003074944 0.002284705 0.001547396 -0.003074944 0.002676188 6.72665e-4 -0.003074944 0.002094089 -2.575e-4 -0.003074944 0.002744853 -2.83213e-4 -0.003074109 0.001622855 -0.001403093 -0.003074944 0.002373278 -0.001440882 -0.003074944 -0.001547396 0.002284705 -0.003074944 -6.72665e-4 0.002676188 -0.003074944 2.83213e-4 0.002744853 -0.003074586 8.56428e-4 0.001944899 -0.003074944 0.001440882 0.002373278 -0.003074944 0.001547396 -0.002284705 -0.003074944 6.72665e-4 -0.002676188 -0.003074944 -5.42299e-4 -0.002722978 -0.003074944 -0.00161767 -0.002235472 -0.003074944 -0.002284705 -0.001547396 -0.003074944 -0.002676188 -6.72665e-4 -0.003074944 -0.002722978 5.42299e-4 -0.003074944 -0.002235472 0.00161767 2.75e-4 0.001994848 -0.001908838 2.75e-4 6.55665e-4 0.00268203 2.75e-4 0.001547396 0.002284705 2.75e-4 0.001204907 -0.002482414 2.75e-4 -0.002720236 -5.73133e-4 2.742e-4 5.21783e-4 8.81488e-4 2.75e-4 -0.002669155 7.15212e-4 2.74336e-4 9.39888e-4 -4.03467e-4 2.7478e-4 9.66749e-4 2.96466e-4 -0.002777457 0.001131355 -0.001414477 -0.002777457 0.001693785 -6.77108e-4 -0.002953529 -4.45857e-4 -0.001133501 -0.002968847 2.87845e-4 -0.00108385 -0.00293678 0.001084208 -6.57433e-4 -9.86442e-5 2.53593e-4 -6.05336e-4 -0.004515528 0.002799987 0.004000127 -0.00458455 0.002799987 0.005179524 -0.00445199 0.002799987 0.00536704 -0.003934681 0.002799987 0.00772798 -0.004003942 0.002799987 0.007011532 -0.004021584 0.002799987 0.007750511 -0.003983318 -0.002799987 0.0077039 -0.004549801 -0.002799987 0.00538665 -0.004549026 -0.002799987 0.004002034 -0.003922641 -0.002799987 0.007741093 -0.003998875 -0.002799987 0.007026255 -0.004485964 -0.002799987 0.005164504 -0.004026651 0.003499984 0.008401691 -0.005026698 0.003499984 0.008401691 -0.004026651 0.003499984 0.01210165 -0.005026698 0.003499984 0.01210165 -0.005026698 -0.003499984 0.008401691 -0.004026651 -0.003499984 0.008401691 -0.005026698 -0.003499984 0.01210165 -0.004026651 -0.003499984 0.01210165 -0.004026651 0.003779172 0.008095741 -0.004026651 0.003516077 0.007781803 -0.004026651 -0.003769814 0.00803554 -0.004026651 -0.003455877 0.007772445 -0.004026651 -0.003779172 0.0124076 -0.004026651 -0.003516077 0.01272153 -0.004026651 0.003455936 0.01273089 -0.004026651 0.003769814 0.0124678 -0.003726661 0.003516077 0.01272153 -0.003726661 0.003769814 0.00803554 -0.003726661 0.003455877 0.007772445 -0.003726661 -0.003779172 0.008095741 -0.003726661 -0.003769814 0.0124678 -0.003726661 -0.003455936 0.01273089 -0.003726661 0.003779172 0.0124076 -0.003726661 -0.003516077 0.007781803 -0.007174968 0.009431481 -0.009058594 -0.006074965 0.009431481 -0.009058594 -0.007174968 -0.009368419 -0.009058594 -0.006074965 -0.009368419 -0.009058594 -0.007174968 0.009431481 -0.009558618 -0.007174968 -0.009368419 -0.009558618 -0.006074965 0.009431481 -0.009558618 -0.006074965 -0.009368419 -0.009558618 -0.004474997 0.007511496 0.009841322 -0.004474997 0.007511496 0.009041368 -0.004474997 0.008731484 0.009841322 -0.004474997 0.008731484 0.009041368 -0.004674971 0.008731484 0.009041368 -0.004674971 0.007511496 0.009041368 -0.004674971 0.007511496 0.009841322 -0.004674971 0.008731484 0.009841322 -0.007974982 0.01043152 -0.004058599 -0.007974982 0.01043152 -0.009558618 -0.007974982 -0.01036846 -0.004058599 -0.007974982 -0.01036846 -0.009558618 -0.005574941 0.01043152 -0.009558618 -0.005574941 0.01043152 -0.004058599 -0.005574941 -0.01036846 -0.004058599 -0.005574941 -0.01036846 -0.009558618 -0.005574941 -0.01046842 0.01139134 -0.004674971 -0.01046842 0.01139134 -0.005574941 -0.009943425 0.011532 -0.004674971 -0.009943425 0.011532 -0.005574941 -0.009559094 0.01191633 -0.004674971 -0.009559094 0.01191633 -0.005574941 -0.009418427 0.01244133 -0.004674971 -0.009418427 0.01244133 -0.005574941 -0.009559094 0.01296633 -0.004674971 -0.009559094 0.01296633 -0.005574941 -0.009943425 0.01335066 -0.004674971 -0.009943425 0.01335066 -0.005574941 -0.01046842 0.01349133 -0.004674971 -0.01046842 0.01349133 -0.005574941 -0.01046842 -0.001108586 -0.004674971 -0.01046842 -0.001108586 -0.005574941 -0.009943425 -9.67947e-4 -0.004674971 -0.009943425 -9.67947e-4 -0.005574941 -0.009559094 -5.83621e-4 -0.004674971 -0.009559094 -5.83621e-4 -0.005574941 -0.009418427 -5.86207e-5 -0.004674971 -0.009418427 -5.86207e-5 -0.005574941 -0.009559094 4.66379e-4 -0.004674971 -0.009559094 4.66379e-4 -0.005574941 -0.009943425 8.50706e-4 -0.004674971 -0.009943425 8.50706e-4 -0.005574941 -0.01046842 9.91379e-4 -0.004674971 -0.01046842 9.91379e-4 -0.005574941 0.01053148 -0.001108586 -0.004674971 0.01053148 -0.001108586 -0.005574941 0.01105648 -9.67947e-4 -0.004674971 0.01105648 -9.67947e-4 -0.005574941 0.01144081 -5.83621e-4 -0.004674971 0.01144081 -5.83621e-4 -0.005574941 0.01158148 -5.86207e-5 -0.004674971 0.01158148 -5.86207e-5 -0.005574941 0.01144081 4.66379e-4 -0.004674971 0.01144081 4.66379e-4 -0.005574941 0.01105648 8.50706e-4 -0.004674971 0.01105648 8.50706e-4 -0.005574941 0.01053148 9.91379e-4 -0.004674971 0.01053148 9.91379e-4 -0.005574941 0.01053148 0.01139134 -0.004674971 0.01053148 0.01139134 -0.005574941 0.01105648 0.011532 -0.004674971 0.01105648 0.011532 -0.005574941 0.01144081 0.01191633 -0.004674971 0.01144081 0.01191633 -0.005574941 0.01158148 0.01244133 -0.004674971 0.01158148 0.01244133 -0.005574941 0.01144081 0.01296633 -0.004674971 0.01144081 0.01296633 -0.005574941 0.01105648 0.01335066 -0.004674971 0.01105648 0.01335066 -0.005574941 0.01053148 0.01349133 -0.004674971 0.01053148 0.01349133 -0.004674971 -9.53476e-4 -0.009558618 -0.004674971 -0.01246845 -0.009558618 -0.005574941 -0.01246845 -0.009558618 -0.005574941 0.01253151 -0.009558618 -0.004674971 0.01253151 -0.009558618 -0.004674971 0.01253151 0.005016326 -0.005574941 0.01253151 0.01444137 -0.004674971 0.01253151 0.01444137 -0.004674971 -9.53476e-4 0.01444137 -0.005574941 -0.01246845 0.01444137 -0.004674971 -0.01246845 0.01444137 -0.004674971 -0.01246845 0.005016326 -0.005574941 0.009481489 -5.86207e-5 -0.005574941 0.009622156 -5.83621e-4 -0.005574941 0.01000648 -9.67947e-4 -0.005574941 0.009481489 0.01244133 -0.005574941 0.009622156 0.01191633 -0.005574941 0.01000648 8.50706e-4 -0.005574941 0.01000648 0.011532 -0.005574941 0.01000648 0.01335066 -0.005574941 0.009622156 0.01296633 -0.005574941 -0.01099348 0.01335066 -0.005574941 -0.01137775 0.01296633 -0.005574941 -0.01151847 0.01244133 -0.005574941 -0.01137775 0.01191633 -0.005574941 -0.01151847 -5.86207e-5 -0.005574941 0.009622156 4.66379e-4 -0.005574941 -0.01099348 -9.67947e-4 -0.005574941 -0.01137775 -5.83621e-4 -0.005574941 -0.01099348 0.011532 -0.005574941 -0.01099348 8.50706e-4 -0.005574941 -0.01137775 4.66379e-4 -0.004674971 -0.01099348 8.50706e-4 -0.004674971 0.01000648 0.011532 -0.004674971 0.009622156 0.01191633 -0.004674971 0.009481489 0.01244133 -0.004674971 0.009622156 0.01296633 -0.004674971 0.01000648 0.01335066 -0.004674971 -0.01099348 0.011532 -0.004674971 -0.01137775 0.01191633 -0.004674971 -0.01151847 0.01244133 -0.004674971 -0.01137775 0.01296633 -0.004674971 -0.01099348 0.01335066 -0.004674971 0.01000648 8.50706e-4 -0.004674971 0.01000648 -9.67947e-4 -0.004674971 0.009622156 -5.83621e-4 -0.004674971 0.009481489 -5.86207e-5 -0.004674971 0.009622156 4.66379e-4 -0.004674971 -0.01099348 -9.67947e-4 -0.004674971 -0.01137775 -5.83621e-4 -0.004674971 -0.01151847 -5.86207e-5 -0.004674971 -0.01137775 4.66379e-4 -0.004674971 -0.003832221 0.005016326</float_array>
          <technique_common>
            <accessor source="#Ov5647-mesh-positions-array" count="1329" stride="3">
              <param name="X" type="float"/>
              <param name="Y" type="float"/>
              <param name="Z" type="float"/>
            </accessor>
          </technique_common>
        </source>
        <source id="Ov5647-mesh-normals">
          <float_array id="Ov5647-mesh-normals-array" count="7302">1 0 0 -2.52637e-6 0 -1 0 0 -1 3.88051e-7 -1 0 3.8805e-7 -1 0 -2.52637e-6 0 1 0 0 1 0 1 0 -2.52637e-6 0 1 0 -1 0 2.84975e-7 0 -1 3.88051e-7 -1 0 2.03726e-6 0 -1 -2.52637e-6 0 1 1.94026e-7 1 0 1.94025e-7 1 0 0.143766 -0.06145942 0.9877015 0.02622723 0.8962165 -0.4428411 -0.005226969 0.9380691 -0.3464089 -0.5387623 0.840671 -0.05484098 -0.692648 0.6048106 -0.3929923 -0.4595381 0.6041657 0.6510059 -0.6194177 0.1468617 0.7712025 0.5229392 0.5503123 -0.6509155 0.2964476 0.1091436 0.9487922 -0.3342588 0.8039088 -0.4919368 0.5952117 0.7545062 0.2764843 0.4947214 0.8515425 0.1735689 -0.8469915 -0.4258481 -0.3182118 -0.9779616 -0.07837092 -0.1935179 -0.5549569 0.2993983 0.7761337 -0.5533864 0.3051332 0.7750209 0.400279 0.719906 -0.5670203 0.451044 0.644478 -0.61742 0.3669216 0.5756198 0.7307738 0.4125155 0.6531936 0.634956 0.7797632 0.5474687 0.3037229 0.5129444 0.857811 0.0323792 -0.9998005 -0.008985519 -0.01783794 -0.5642834 0.2467991 0.787829 -0.5492466 0.3061379 0.7775654 0.3727802 0.7551354 -0.5392639 0.4509812 0.6443576 -0.6175916 0.1437659 -0.06145942 0.9877014 0.01097881 0.8565719 -0.5159109 -0.1609717 0.9477365 -0.2754699 -0.6926511 0.604808 -0.3929908 -0.5642828 0.2467994 0.7878294 -0.5891511 0.1165164 0.799578 0.3864426 0.7530628 -0.5325024 0.5152322 0.5493463 -0.6578407 0.009326219 0.9693943 -0.2453319 0.5747867 0.7715319 0.2726885 0.4907535 0.8488448 0.1965292 -0.8372773 -0.4411413 -0.3230498 -0.977962 -0.07837027 -0.1935164 -0.4595411 0.6041613 0.6510079 -0.5856106 0.2968648 0.7542755 0.4591953 0.6623585 -0.5919637 0.01444858 0.8661092 -0.4996461 -0.1041668 0.9474276 -0.3025398 -0.6926513 0.6048082 -0.3929902 -0.5642839 0.2467998 0.7878285 -0.5891506 0.1165109 0.7995792 0.3864424 0.7530625 -0.532503 0.5152327 0.5493468 -0.6578399 0.1437661 -0.06145948 0.9877015 0.02333843 0.8891605 -0.4569998 -0.4448022 0.8951773 -0.02843683 -0.6662687 0.6030587 -0.4386415 -0.4592795 0.6047344 0.6506602 -0.6194831 0.1469243 0.7711381 0.5230114 0.5503249 -0.6508469 0.1491675 -0.07553726 0.9859225 0.4905068 0.5220327 0.6977713 -0.336964 0.8005276 -0.4955916 -0.2114635 0.0798999 -0.9741145 0.913571 -0.3064538 0.2673465 -0.4431962 0.8026841 -0.3990933 -0.5642033 0.2472837 0.7877345 -0.6046668 -0.2218532 0.764957 0.4093202 0.7488697 -0.5212016 0.3048506 0.8554576 -0.4186389 0.593452 0.6373286 0.4915558 0.02340328 0.9923406 0.1212955 -0.631248 -0.1925877 -0.7512896 0.9669888 0.2492303 -0.05307608 -0.7796909 0.6187024 -0.0963819 -0.5574659 0.2483555 0.7921815 -0.6008118 -0.06187719 0.7969922 0.3967274 0.7465617 -0.5340908 0.3207261 0.8292435 -0.4577008 0.1342973 0.367855 0.9201342 0.2203503 0.8658046 -0.449253 0.07862263 0.996078 0.04058778 -0.7480666 -0.2341533 -0.6209418 0.7124656 0.6973556 0.07802528 -0.5879051 -0.4388716 -0.6795288 -0.4700081 0.6012983 0.6461678 -0.6164141 0.2149548 0.7575144 0.336194 0.8492904 -0.4070372 0.2754113 0.4294934 0.8600488 0.4116918 0.7185965 0.5604721 -0.5030678 0.3817386 -0.7753699 -0.5207421 0.7585107 -0.391777 -0.5642817 0.2468008 0.7878296 -0.60734 -0.1111179 0.7866327 0.4031209 0.7502737 -0.5240066 0.2777225 0.8744812 -0.3976845 0.1491727 -0.07553255 0.985922 0.4905031 0.5220317 0.6977749 -0.4426296 0.622938 -0.6450018 0.9135703 -0.306453 0.2673498 -0.4371238 0.8030833 -0.4049448 -0.5642815 0.2467982 0.7878305 -0.6046081 -0.2219232 0.7649832 0.409033 0.7492175 -0.5209274 0.3048515 0.8554581 -0.4186374 0.149172 -0.07553464 0.9859221 0.4905055 0.5220342 0.6977713 -0.3369163 0.8005896 -0.4955238 -0.2113309 0.07961601 -0.9741666 0.9135703 -0.3064543 0.2673485 -0.4592795 0.6047379 0.6506569 -0.641865 -0.1706926 0.7475784 0.3513351 0.8432422 -0.4068249 -0.1634394 0.6463509 0.7453308 0.03382593 0.9974259 0.06322562 -0.641112 -0.3798719 -0.6668378 0.7278977 0.6767788 0.1101614 -0.5879074 -0.4388732 -0.6795258 -0.5791329 0.2433138 0.7780768 -0.5816004 0.2325726 0.7795197 0.4310041 0.6907946 -0.5805501 0.2971934 0.8465794 -0.4415649 0.2860533 -0.07319635 0.9554139 -0.1574421 0.7775184 -0.6088326 -0.2687183 0.9349342 -0.2317078 -0.5410719 0.8284253 -0.1447502 -0.5980088 0.2398092 0.7647725 -0.4407173 0.6629 0.6052535 0.3832545 0.7530717 -0.5347888 0.5101863 0.5500206 -0.6612014 0.07403308 0.4650494 0.8821837 0.05994004 0.9974308 0.03923386 -0.7233543 -0.2719624 -0.6346614 0.7124634 0.6973575 0.07802796 -0.5878941 -0.4388821 -0.6795316 -0.4700112 0.6012939 0.6461697 -0.6164163 0.2149646 0.75751 0.3361936 0.8492901 -0.4070384 0.3035563 0.1699327 0.9375374 0.4905071 0.5220274 0.6977752 -0.3454516 0.7892757 -0.5076487 -0.3448915 0.7921846 -0.5034813 0.913567 -0.3064609 0.2673521 -0.3512994 0.8027369 -0.4818738 -0.4592764 0.6047411 0.6506562 -0.6418678 -0.1706912 0.7475763 0.3513324 0.8432431 -0.4068253 0.4423869 0.8099136 0.3851411 -0.3266471 0.9148145 -0.2375208 -0.3326807 0.91042 -0.2458842 -0.589582 0.2407793 0.7709855 -0.3097102 0.8324746 0.459419 0.3681885 0.7557861 -0.5415024 0.28605 -0.07319641 0.955415 -0.1574385 0.7775159 -0.6088369 -0.5410721 0.8284258 -0.1447477 -0.5072444 0.5884937 0.6295859 -0.4524717 0.6813152 0.5753946 0.5197147 0.5467636 -0.6564649 0.008087515 0.9585403 0.2848423 -0.2091887 0.7385247 -0.6409536 -0.409939 0.9104779 -0.05458915 -0.5849849 0.241895 0.7741315 -0.538818 -0.5507982 0.637414 0.4300233 0.7451511 -0.5097352 0.3383495 0.8395448 -0.4250696 0.1491712 -0.07553428 0.9859222 0.4905035 0.5220322 0.6977741 -0.3303009 0.8090545 -0.4861402 -0.3180552 0.3453209 -0.8829464 0.9135712 -0.3064533 0.2673465 -0.4432 0.8026813 -0.3990947 -0.4592788 0.6047347 0.6506605 -0.641866 -0.1706924 0.7475776 0.3513346 0.843241 -0.4068276 0.4660708 0.3687658 0.8042324 -0.06852543 0.9845334 0.1612399 -0.03693234 0.3875912 -0.9210913 0.7620207 0.5864695 -0.2745508 -0.3519216 0.9180485 0.1825872 -0.9579084 -0.01565372 -0.286647 -0.5806165 0.242932 0.7770898 -0.4949672 0.5177233 0.6978324 0.3727799 0.7551367 -0.5392622 0.549176 0.4439615 -0.7080282 -0.1803762 0.4209392 0.888974 0.2730208 -0.04492616 -0.9609586 -0.005226969 0.9380714 -0.3464027 -0.5387641 0.8406698 -0.05484092 -0.6926485 0.6048111 -0.3929906 -0.5642082 0.2472775 0.7877329 -0.5891848 0.1165487 0.7995485 0.3866844 0.7527612 -0.5327531 0.5152339 0.5493481 -0.657838 0.1491672 -0.0755347 0.9859228 0.4905028 0.5220314 0.6977753 -0.3018604 0.8427384 -0.4457269 -0.3839976 0.5393936 -0.7494 0.9135705 -0.3064531 0.2673491 -0.4592782 0.6047351 0.6506605 -0.6418669 -0.1706877 0.7475779 0.3513357 0.8432407 -0.4068275 0.2946995 0.2796896 0.9137428 0.4605792 0.5457241 0.7000371 -0.4001472 0.6226353 -0.6724638 -0.3625589 0.820885 -0.4412471 0.9135699 -0.3064529 0.2673514 -0.3513132 0.8027355 -0.4818658 -0.5642796 0.2468 0.7878314 -0.6046075 -0.2219281 0.7649821 0.4090317 0.7492179 -0.5209277 0.3048521 0.8554568 -0.4186394 0.1491676 -0.07553488 0.9859228 -0.3336105 0.804848 -0.4908401 -0.2875341 0.2649278 -0.9204007 0.9135707 -0.3064544 0.2673469 -0.5642842 0.2467983 0.7878286 -0.6046084 -0.221924 0.7649827 0.4090333 0.7492173 -0.5209273 0.3048514 0.8554578 -0.418638 0.0978049 0.4412684 0.8920294 0.06295061 0.8753564 -0.4793626 -0.5524473 0.8301765 -0.07489323 -0.6554132 0.7012592 -0.2804805 -0.452297 0.6063995 0.6539933 -0.6236816 0.08984631 0.7764979 0.5229392 0.5503131 -0.650915 0.1437654 -0.06145918 0.9877016 0.02333706 0.8891601 -0.457001 -0.4448022 0.8951773 -0.02843791 -0.6662709 0.6030565 -0.4386411 -0.564282 0.2467995 0.7878298 -0.5891522 0.1165111 0.7995779 0.5152333 0.5493467 -0.6578396 0.08097833 0.4030697 0.9115797 0.3188161 0.6416479 0.6975989 -0.3702573 -0.07402813 -0.9259749 -0.3840023 0.5393919 -0.7493988 0.9135714 -0.3064534 0.2673457 -0.4431959 0.8026837 -0.3990945 -0.4597735 0.60365 0.6513178 -0.6417179 -0.1708966 0.7476581 0.3511927 0.8432816 -0.4068657 0.232915 0.05419176 0.9709861 0.4905039 0.5220326 0.6977736 -0.3561229 0.7745258 -0.522768 -0.348783 0.7985866 -0.4905201 0.9135706 -0.3064537 0.2673479 -0.351306 0.8027355 -0.4818712 -0.5642831 0.2467989 0.7878293 -0.6046083 -0.2219234 0.7649829 0.4090335 0.7492176 -0.5209268 0.3048512 0.8554573 -0.4186393 0.4905018 0.5220334 0.6977745 -0.3369656 0.8005254 -0.495594 -0.2114626 0.0799207 -0.9741131 0.913571 -0.3064532 0.2673471 -0.4432005 0.8026821 -0.3990927 -0.5642057 0.2472754 0.7877353 -0.6046655 -0.2218511 0.7649588 0.4093201 0.7488687 -0.5212032 0.2428623 0.01177453 -0.9699894 -0.06712722 -0.8678064 0.4923475 -0.1782607 -0.9832735 0.03736853 0.001247882 -0.9985435 0.05393928 -0.3972693 0.7610951 -0.5127489 0.02235221 0.999659 0.01350176 0.5666458 0.3092557 0.7637234 0.5328521 0.4169965 0.7363305 0.2426242 0.01545381 -0.9699973 -0.07041662 -0.8610216 0.5036699 -0.1785846 -0.9832159 0.03733682 0.001247882 -0.9985435 0.05393928 -0.3976263 0.7605373 -0.5132995 0.02235966 0.9996585 0.0135287 0.566402 0.3101509 0.7635413 0.5328522 0.4169964 0.7363305 0.2426229 0.01545381 -0.9699977 -0.06712716 -0.8678058 0.4923485 -0.1782607 -0.9832735 0.03736835 0.001247882 -0.9985435 0.0539391 -0.1964843 0.9573128 -0.2120054 0.03465765 0.99772 0.05791312 0.5678457 0.3994169 0.7197343 0.2470032 -0.06354302 -0.966929 0.03156328 -0.9908366 0.1313269 -0.5250802 -0.6479212 0.5518052 -0.2107443 -0.9715415 0.1081396 -0.3972694 0.7610942 -0.5127502 0.02235299 0.999659 0.01350301 0.5666449 0.3092567 0.7637239 0.5328527 0.416997 0.7363298 0.2426223 0.01545381 -0.9699978 -0.06712722 -0.8678066 0.4923471 -0.1782609 -0.9832735 0.03736895 0.001248478 -0.9985435 0.05393964 -0.3972696 0.7610944 -0.5127498 0.02235221 0.999659 0.01350796 0.5666457 0.3092567 0.7637231 0.5328519 0.4169964 0.7363308 0.2426212 0.01545387 -0.9699981 -0.1782618 -0.9832733 0.03736793 0.001248657 -0.9985435 0.05393898 -0.3970722 0.7614022 -0.5124455 0.02234828 0.9996593 0.01348501 0.5672109 0.306434 0.764441 0.5326054 0.4171316 0.7364325 0.2426238 0.01545381 -0.9699974 -0.1782603 -0.9832736 0.03736788 0.001248836 -0.9985435 0.05393886 -0.3970699 0.7614069 -0.5124404 0.02234858 0.9996592 0.0134902 0.567211 0.306433 0.7644413 0.5326062 0.4171321 0.7364316 0.2426244 0.01545387 -0.9699973 -0.06712526 -0.8678052 0.4923501 -0.1782613 -0.9832735 0.03736668 0.001246929 -0.9985436 0.05393737 -0.3971905 0.7612158 -0.5126308 0.02235299 0.9996591 0.01349103 0.5715747 0.2812514 0.7708437 0.5301265 0.4183324 0.7375391 0.2429593 0.01020538 -0.9699828 -0.0671271 -0.8678051 0.49235 -0.1782607 -0.9832735 0.03736644 0.00124979 -0.9985436 0.05393671 -0.3970696 0.7614075 -0.5124397 0.02234673 0.9996594 0.0134902 0.5672128 0.3064271 0.7644425 0.5326038 0.4171382 0.73643 0.168866 0.1932876 -0.966501 -0.05977636 -0.9098147 0.4106872 0.5844621 -0.7583969 -0.2885104 0.3665324 -0.925691 -0.09354346 -0.823749 0.4970568 0.2727127 -0.959212 0.2032381 0.1964858 -0.3979344 0.761097 -0.5122301 0.2898793 0.8928601 0.3446317 0.54104 0.3084691 0.7823827 0.2383809 0.07418805 -0.9683341 -0.0544278 -0.8923063 0.4481374 -0.134229 -0.9901571 0.03964596 -0.5251162 0.6394271 0.5615925 0.3237271 -0.9439117 0.06505054 -0.3981169 0.7608169 -0.5125045 0.289865 0.892854 0.3446591 0.5409457 0.3088825 0.7822847 -0.08242779 -0.9891774 0.121383 -0.4599215 -0.7996505 0.3860461 -0.2107478 -0.9715408 0.1081386 -0.3970689 0.7614061 -0.5124422 0.02234685 0.9996592 0.01350009 0.5672124 0.3064345 0.7644398 0.5326058 0.4171297 0.7364333 0.2426223 0.01545381 -0.9699978 -0.1782622 -0.9832733 0.03736883 0.001248657 -0.9985433 0.05394124 -0.3970699 0.761408 -0.5124387 0.02235031 0.9996593 0.01348006 0.5672119 0.3064278 0.7644428 -0.07410508 -0.9692306 0.2347352 -0.1493375 -0.9887191 0.0115354 0.02705168 -0.9994126 0.02103972 -0.3951074 0.7621065 -0.5129169 0.5740687 0.3058478 0.7595409 0.5193664 0.4609031 0.719602 0.5407191 -0.1306586 -0.8309942 -0.3840811 -0.6741857 0.6308371 0.546305 -0.1177188 -0.8292727 0.9914993 -0.09619206 0.08761531 -0.389483 -0.8218715 0.4157289 -0.3979397 0.7610933 -0.5122317 0.2645598 0.912296 0.3126087 0.5263087 0.3094521 0.7919841 0.2430504 0.008770763 -0.969974 -0.07152289 -0.8586833 0.5074915 -0.1786903 -0.9831972 0.03732496 0.001248836 -0.9985434 0.0539419 -0.3972612 0.7611113 -0.5127311 0.02235728 0.999659 0.01350116 0.570577 0.2871014 0.769425 0.530674 0.418064 0.7372975 -0.02649366 -0.9735347 -0.2269989 0.01457822 -0.9914131 0.1299527 -0.2107474 -0.9715402 0.1081441 -0.3970692 0.7614041 -0.5124452 0.02234673 0.9996592 0.01350009 0.5672119 0.3064271 0.764443 0.5326114 0.417127 0.7364307 0.2426276 0.0154488 -0.9699966 -0.06713217 -0.8677983 0.492361 -0.1782637 -0.9832731 0.03736352 0.001249015 -0.9985433 0.05394256 -0.3970757 0.7614054 -0.5124379 0.02234613 0.9996597 0.01346009 0.5672128 0.3064287 0.7644417 0.532602 0.4171196 0.7364417 0.3783175 -0.1277434 -0.9168193 -0.2164725 -0.7898545 0.5738202 0.5612928 0.2180191 -0.7983847 0.9548889 0.02216035 0.2961351 0.8443363 -0.5352438 0.02470499 -0.4975486 -0.8673931 0.008639812 -0.4200673 -0.9069756 -0.03063988 -0.4140225 0.6804191 -0.6046613 -0.3670905 0.7716512 -0.5194218 0.5475018 0.3079864 0.7780657 0.5678474 0.229188 0.7905834 0.5407185 -0.1306577 -0.8309946 0.5463107 -0.1177195 -0.8292688 0.9915006 -0.09618175 0.08761119 -0.3894833 -0.8218721 0.4157272 -0.3979388 0.7610915 -0.5122349 0.5263115 0.3094538 0.7919816 0.2426241 0.01544886 -0.9699975 -0.06713241 -0.8678015 0.4923554 -0.178262 -0.9832732 0.03736829 0.001252055 -0.9985435 0.05393952 -0.39726 0.7611102 -0.5127338 0.022354 0.999659 0.0135014 0.5670843 0.3068975 0.7643491 0.5326068 0.4171251 0.7364352 0.2426232 0.01545381 -0.9699975 -0.1782607 -0.9832735 0.0373671 0.00124979 -0.9985435 0.05393821 -0.3970695 0.7614072 -0.5124402 0.02235001 0.9996591 0.01349979 0.5672132 0.3064285 0.7644416 0.5326036 0.4171382 0.7364301 -0.06712853 -0.8678109 0.4923395 -0.1782608 -0.9832734 0.03737235 0.001248657 -0.9985435 0.05393821 -0.3971969 0.7612107 -0.5126333 0.02235251 0.9996591 0.01350086 0.5663874 0.3107588 0.763305 0.5330087 0.4169226 0.736259 0.2427547 0.01352 -0.9699936 -0.06712734 -0.8678082 0.4923443 -0.17826 -0.9832737 0.03736668 0.001247704 -0.9985436 0.05393588 -0.3973094 0.7610333 -0.5128096 0.0223549 0.999659 0.0135017 0.5670508 0.3070247 0.7643228 -0.1782622 -0.9832733 0.03736948 0.001248657 -0.9985435 0.05393975 -0.1961329 0.9574986 -0.2114908 0.03458255 0.9977377 0.05765032 0.568305 0.3991751 0.7195059 -0.06712841 -0.8678093 0.4923423 -0.1782592 -0.9832737 0.03736948 0.001247704 -0.9985434 0.0539419 -0.1980525 0.9564772 -0.2143054 0.0347225 0.9977043 0.05814248 0.5670905 0.3998024 0.7201156 0.1421801 0.07561528 -0.9869484 0.01889765 -0.8779005 0.47847 -0.1532528 -0.9881867 -8.21064e-4 0.3754851 -0.9267214 0.01408815 -0.3980575 0.7609104 -0.5124115 0.2898716 0.8928562 0.3446481 0.5408089 0.3099801 0.7819451 0.2426255 0.01545381 -0.969997 -0.1782613 -0.9832734 0.0373699 0.001247704 -0.9985434 0.05394041 -0.3970717 0.7614014 -0.5124473 0.02234828 0.9996592 0.0134949 0.5672108 0.306434 0.7644411 0.5326066 0.417132 0.7364314 0.2426235 0.01545381 -0.9699975 -0.1782603 -0.9832736 0.0373671 0.001248836 -0.9985435 0.05393964 -0.3972693 0.7610952 -0.5127487 0.02235388 0.999659 0.01350301 0.5666449 0.3092571 0.7637236 0.5328542 0.4169974 0.7363285 -0.06712532 -0.8678059 0.4923486 -0.1782613 -0.9832735 0.03736788 0.001246929 -0.9985435 0.05393815 -0.3971871 0.7612227 -0.5126232 0.02235138 0.9996591 0.01349675 0.566931 0.3078151 0.7640937 0.5327218 0.417066 0.7363854 0.242622 0.01545381 -0.9699978 -0.06712722 -0.8678062 0.4923478 -0.1782613 -0.9832735 0.03736877 0.001247346 -0.9985435 0.05393964 -0.3974422 0.7608255 -0.513015 0.02235591 0.9996588 0.01351666 0.5658492 0.3133279 0.7626534 0.5332101 0.4168428 0.7361583 -1 0 0 -3.4106e-6 0 1 -4.38915e-6 0 -1 0 1 0 0 1 1.29457e-7 1 4.4535e-4 1.66041e-4 0.9999998 -9.94892e-6 7.75479e-4 -8.82087e-5 0 -1 -8.98924e-5 0 -1 4.20222e-4 0 -1 0 0.0697034 -0.9975678 0.06274002 0.02707701 -0.9976626 0.1406113 -0.01459866 -0.9899573 0.1601564 -0.02176874 -0.9868516 -0.005696237 0.02905052 -0.9995618 0.3577558 -0.07163184 -0.9310637 -0.2467038 0.08779031 -0.9651064 0.1355966 0 -0.9907642 -0.825413 -0.07936757 -0.5589225 0.9288377 0.08931291 -0.3595607 -0.6673157 -0.07208704 -0.7412782 0.8939993 0.09657377 -0.4375371 -0.5353416 -0.07531404 -0.8412712 0.3346658 0.03469383 -0.941698 -0.1866528 -0.04172044 -0.9815397 0.2130526 0.0245943 -0.9767312 -0.9081188 -0.1847922 -0.3757288 0.4212344 0.0857138 -0.9028924 0.02100455 -0.01072424 -0.999722 0.08047938 0.007394373 -0.9967288 0.3206782 0.1327514 -0.9378393 0 -0.1032006 -0.9946606 0 -1 0 0 -1 1.31596e-7 -9.05603e-7 0 1 -9.11961e-7 0 1 3.27596e-6 0 1 -4.00369e-6 0 1 4.75395e-6 0 1 -8.71108e-6 0 1 8.36323e-7 0 1 8.07455e-7 0 1 2.13907e-6 0 1 1.35341e-6 0 1 0.977249 -0.1696163 -0.127337 0.9442573 0 0.3292087 0.9918015 0.05074006 0.1172832 0.9998365 0.003022909 -0.01783335 0.9722181 -0.1762425 0.1540477 1 2.43232e-6 0 1 -5.09857e-6 0 0.9003623 -0.1088663 0.4213026 0.2841766 0.7702275 -0.5709583 0.8345708 -0.4557904 0.3094301 0.9959788 -0.07164603 -0.05378812 0.9926542 0 0.1209864 0.9984001 0.04508125 -0.03413182 0.9991338 0.03317248 -0.02512401 0.9961108 0 0.08810961 0.9856249 0.161921 -0.0482217 0.9997837 -0.01726531 -0.01160335 0.9821741 0.003380656 0.187943 0.9972912 0.04112493 0.06098371 0.9011289 0.0425114 0.4314623 0.97725 -0.1696114 -0.1273361 0.9892942 -0.1459143 -0.002438008 0.9442571 0 0.329209 0.9899201 0.06011462 0.1282365 0.9803932 0.1964749 0.01506632 0.985141 -0.1670283 -0.03998708 0.9772496 -0.1696149 -0.1273352 0.9442573 0 0.3292086 0.98992 0.06011444 0.1282363 0.9859507 0.1608006 0.04521507 0.9834217 -0.1646093 -0.07606393 0.9772495 -0.1696149 -0.1273354 0.9899201 0.06011444 0.1282361 0.9885182 0.1359187 0.06601399 0.9805225 -0.1620537 -0.1109707 0.9772492 -0.1696164 -0.1273363 0.9442572 0 0.3292088 0.9998884 0 -0.0149427 0.9897332 0.1176328 0.08118426 0.9766992 -0.1752356 0.1238997 0.9778245 -0.1884824 0.09129005 0.9728328 -0.05791687 0.2241473 0.6634232 0.6450301 -0.3792175 0.9899201 0.06011444 0.1282361 0.9145773 0.3776071 -0.1447809 0.9840949 -0.1718584 0.04496729 0.9880435 -0.1516374 -0.02786147 0.9877622 0.02905595 0.1532371 0.9683495 0 0.2495981 0.9616813 0.2698839 -0.04828971 0.9950631 0.09916913 -0.003864169 0.9854515 -0.1698281 0.006617188 0.9772492 -0.1696164 -0.1273362 0.931684 0.01384037 0.3630062 0.9990292 0.01322078 0.04202377 0.971072 0.08964121 -0.2213222 0.9442586 0 0.3292047 0.984942 0.168485 0.03875994 0.9839667 -0.1652281 -0.0671513 0.944258 0 0.3292065 0.9899201 0.06011444 0.1282359 0.9880424 0.1414086 0.06144756 0.9998884 0 -0.0149427 0.9779809 -0.17487 0.1139034 0.9772483 -0.1696209 -0.1273364 0.8097199 0.5170368 -0.2775369 0.9772488 -0.1696178 -0.127337 0.98992 0.06011462 0.1282367 0.9820762 -0.1732383 0.07426214 0.9442586 0 0.3292047 0.98992 0.06011462 0.1282368 0.9318996 0.3442103 -0.1143793 0.984574 -0.1713712 0.03529918 0.9772484 -0.1696205 -0.1273362 0.9884414 0.1208661 -0.09151589 1 -3.58436e-6 0 0.9442579 0 0.329207 0.9899201 0.06011462 0.1282366 0.97725 -0.1696114 -0.1273356 0.985141 -0.167028 -0.03998702 0.9823552 -0.1543077 -0.1056766 0.9859501 0.1608045 0.04521501 0.3843255 0.271244 0.8824515 0.9801982 -0.05817842 -0.1892798 0.9442577 0 0.3292076 0.9772487 -0.1696198 -0.1273354 0.9797703 0.1088813 0.1679143 0.9931464 0.1060959 0.0490303 0.9834223 -0.1646054 -0.07606369 0.9772499 -0.1696121 -0.1273366 0.9442585 0 0.3292052 0.9899201 0.06011462 0.1282363 0.9897332 0.1176328 0.08118426 0.9998796 -6.88546e-4 -0.01550376 0.9839401 -0.1719829 0.04778939 0.9999995 -7.95279e-4 -5.94756e-4 0.9996597 0.02608716 1.65987e-4 0.9799457 -0.1338621 -0.1476061 0.9442579 0 0.3292069 0.9587925 0.2785528 -0.05590444 0.9854047 -0.1699702 0.009365439 0.9999995 -7.06867e-4 -7.76463e-4 1 0 1.17343e-4 1 -9.86031e-6 1.46911e-4 0.99998 0.006004571 0.002009987 0.9999955 -0.002871394 -9.62449e-4 0.9994843 -0.0198301 0.0252636 0.9998146 0.01897484 -0.003266394 0.9998603 -0.01672106 0 0.9885904 -0.1222246 -0.08803617 0.9999755 -0.003110468 0.006297767 0.3852428 -0.7741801 0.5022283 1 1.31151e-5 1.11534e-4 0.9996232 0.02244323 -0.01580649 0.9991281 0.02212077 -0.03541147 0.9973718 -0.007741332 0.07203942 0.9985235 -0.01248323 0.05286735 0.9862343 -0.03163862 0.1622991 1 1.33483e-6 0 0.9997056 0.02216011 -0.009893894 0.9513866 -0.07029306 0.299871 0.9997668 0.01981794 -0.008589923 1 0 1.28071e-4 0.9998915 0.01367646 -0.005485832 0.9792226 0.06560212 0.1918839 0.9999075 -0.01280534 0.004591405 0.9902786 0.05031734 0.1296785 0.9874395 0.05170166 0.1492987 0.97012 0.04839891 0.2377494 0.9954187 0.09324514 -0.02114343 0.9991872 9.12629e-5 0.04031288 0.9999111 -0.008579492 -0.01021188 0.9998918 -0.01468849 8.52603e-4 0.9986749 0.01030027 0.05042356 0.9970635 0.01727831 0.07460486 0.9992203 0.03935474 0.003179848 0.9999839 -0.005674779 -3.12991e-4 0.9997814 -0.02066922 -0.003129124 0.9432858 0.02571392 -0.3309845 0.9984169 -0.01896917 0.05295205 0.9998597 -0.001955986 0.01663911 1 4.87739e-5 1.48632e-4 0.9947264 -0.007943093 -0.1022564 1 9.55756e-7 1.20943e-4 1 -1.71689e-5 1.19706e-4 0.9940544 0.09459471 0.0539242 0.9999791 0.005608797 0.003239035 0.904762 -0.1636058 -0.3932418 0.9967716 0.03083932 0.07412993 0.9960483 -0.01013517 0.08823323 0.999744 0.02142018 0.00729686 0.9958912 -0.009302198 0.09007889 0.997031 -0.02432942 0.07305723 0.9999566 -0.007934451 -0.004901409 0.9744238 0.01715648 -0.2240624 0.9980337 -0.05499744 0.03006988 1 -1.059e-4 5.74952e-5 0.9996586 0.01267933 0.02284938 0.9911123 -0.01016038 0.1326397 0.9983435 0.0381996 -0.04302465 0.9999364 0.01051712 -0.004090905 0.9999274 -0.008643209 0.008402645 1 -1.43256e-4 0 0.2108231 0.9168382 -0.3390596 0.2037826 -0.9057343 -0.3716426 0.999927 -0.005865395 -0.01057094 0.9996162 -0.02770543 5.76703e-5 0.9980927 -0.0337755 0.05167561 0.9809247 0.0360136 -0.1910227 0.9234741 -0.03579765 -0.3819869 0.9929023 0.03843128 0.1125524 0.9943175 -0.02567768 0.1033125 0.999771 0.01760542 0.01217103 0.9990572 0.002431392 0.04334545 1 7.24638e-5 0 0.7421077 -0.02833712 0.6696815 0.999827 -0.007286071 0.01711183 0.9973629 -0.007457315 0.07219135 0.9676859 0.02591639 -0.2508236 0.9964491 -0.003382682 0.0841307 0.9605123 0.1402965 -0.2402772 0.9959697 -6.25573e-4 0.08968806 0.9980666 -0.01365411 0.06063604 0.99911 -0.005280733 0.04185146 0.9967622 0.01021254 0.07975512 0.3861178 0.1633219 -0.9078761 0.8809126 -0.1748535 0.4397948 0.9988414 -0.0141465 0.0459969 0.9998718 0.01099908 -0.01163947 0.9996296 -0.01105463 0.02487117 0.9924376 -0.0842927 0.08923292 0.9971697 -0.06142407 -0.04335701 0.9981758 -4.417e-4 -0.06037294 0.9859623 -0.03160458 0.1639496 0.9998308 0.01502734 0.01061081 0.999584 0.003284513 -0.02865278 0.9983794 0.04976975 0.02759808 0.9987034 0.04661852 -0.02045047 0.9999429 0.01040953 -0.002416491 0.9922942 0.07562869 0.09814548 0.9995993 -0.0259357 -0.01133704 0.8479452 0.2304586 0.4773653 0.3764738 0.08811235 -0.9222276 0.9999408 0.009977698 0.004361867 0.7976902 -0.5283077 0.2908291 0.9998854 -0.01513916 3.48805e-4 0.9998654 -0.01277154 -0.01030313 0.9815969 0.01457387 -0.1904084 0.9978356 -0.03159713 0.05766999 0.98405 0.1384553 0.1116954 0.9998632 0.006636738 0.01515626 0.9996684 0.007115542 -0.02474874 0.9951673 0.003329694 -0.09813868 0.9998266 0.002235233 -0.01849061 0.9999354 0.003441035 -0.01083284 0.9701331 -0.05385488 0.2365195 0.9921929 0.05234384 -0.1131969 0.9984677 0.03893733 0.03932172 0.9995933 -0.002171695 0.02843743 0.9988829 0.02278703 -0.04139679 0.9998363 -0.01242345 0.0131604 0.8479571 0.2309938 0.4770855 0.07468485 0.007414698 -0.9971797 1 -9.24214e-6 0 1 -5.05147e-6 0 0.8202376 -0.1202031 0.5592508 0.9990582 -0.005941092 0.04298359 0.994266 0.008168816 -0.1066226 0.9999961 -0.002105891 -0.001856505 0.9990684 -0.008589923 0.04229098 0.9897695 0.1070673 0.09430378 0.9883727 -0.02789044 0.1494714 0.9975004 0.001684248 0.07064008 0.9996613 0.0218082 -0.01420384 0.9987187 -0.003876507 0.05045753 0.9895172 0.03684276 0.139637 0.891425 -0.04032266 -0.4513708 0.9848183 -0.01723206 0.1727309 0.9978759 0.01739209 0.06277924 0.9997267 0.005962967 0.02260661 0.9992291 0.03917419 0.002584874 0.9999985 -0.001748263 3.60635e-4 1 -3.19151e-5 9.97675e-5 0.9997949 0.01925629 -0.006288528 0.999997 -0.001416385 0.002009749 0.9995714 0.007253348 0.02836292 0.9973875 -0.03678089 0.06217181 0.9997774 0.01512664 -0.0147072 0.9999924 0.002204954 0.003247737 0.9901455 -0.03572773 -0.1354092 0.9862301 0.006228506 0.1652616 0.9911912 0.03690081 -0.1271944 0.9465852 -0.08982717 0.3096895 0.9966966 0.07941126 0.01702213 0.9999967 0.001268506 -0.002275407 0.9900801 -0.1400555 0.01122027 1 6.21811e-7 0 0.9966468 0.07968801 0.01858061 0.989983 0.04523754 0.1337433 0.9736 0.2245345 0.04107815 0.963601 -0.261373 -0.05619072 0.9772514 -0.1696109 -0.1273266 0.9442632 0 0.3291915 0.989921 0.060108 0.1282325 1 -6.13708e-5 -5.00067e-5 0.9825359 0.1843387 0.0253458 0.9854105 -0.167708 -0.02898842 0.8232359 -0.4540015 -0.3408304 0.06147325 0 0.9981088 0.8477478 0.4711996 -0.243505 0.9954431 0.09495913 0.008724212 0.9970602 -0.07601243 -0.009643673 1 -6.91756e-5 -4.63012e-5 0.8232347 -0.4540008 -0.3408345 0.06147313 0 0.9981088 1 2.30121e-5 1.20902e-4 1 9.88774e-7 1.25122e-4 0.9948598 0.1011536 0.004700899 0.9971172 -0.07563257 -0.006096482 1 -6.44035e-5 -4.31078e-5 1 -4.59028e-5 -4.03253e-5 0.9772511 -0.1696109 -0.1273286 0.9442627 0 0.3291929 0.9868136 0.07371014 0.1441036 0.9295138 0.3687767 0.002844035 0.9855796 -0.1691147 -0.005759358 0.3427737 0.3935458 0.8530112 0.9670414 -0.2343229 -0.09961754 0.9995056 0.03141814 0.001298546 1 -7.75166e-5 -2.71318e-5 0.9947516 -0.1023175 7.71401e-4 0.9877927 0.1555552 -0.008272945 1 1.6917e-5 -2.86358e-5 0.8399829 -0.1245601 -0.5281227 -0.4458556 -0.1162235 0.8875275 0.891327 0.1379094 -0.4318763 0.9998666 0.01610094 -0.002775013 0.9972122 -0.07447922 0.004559516 1 -9.6202e-6 -2.77378e-5 1 -1.09863e-6 0 0.9994514 -0.03311979 1.55319e-6 1 5.94105e-7 0 1 0 9.20905e-7 0.9999987 -0.001170873 -0.001170456 1 0 2.18836e-6 0.9897541 0.1288555 -0.06150662 0.5500306 -0.7960316 0.2525872 0.9917059 0.1091375 -0.06788605 0.9999954 -0.003044188 8.99855e-5 0.9999997 8.66568e-4 -2.74528e-4 0.9751895 0.2212811 -0.006341397 0.9934518 -0.1114438 -0.02517902 0.9995734 0 0.02921098 0.9908403 0.134203 0.01500415 0.9999982 -0.001795768 -7.52406e-4 0.9999973 0.002292096 5.1699e-4 1 0 2.61163e-6 0.990774 0.1169375 -0.06850206 0.9878044 -0.149241 0.04438114 0.9921416 0.1144778 -0.05049645 0.9999931 -0.00368911 5.0492e-4 0.9999982 0.001822471 -5.41061e-4 0.9816668 0.1888381 -0.02589315 0.9970121 -0.0755288 -0.01620191 0.9908903 -0.09531247 0.09514218 0.9999994 -0.001143872 -3.51441e-4 0.8783316 0.4564129 0.1422002 0.9906284 0.1352984 0.01870131 0.9999986 -0.001369774 -0.001039803 0.9999995 9.5781e-4 3.95961e-4 1 0 2.61163e-6 0.9853449 0.1659176 -0.03958225 0.7123175 -0.697979 0.07368254 0.98553 -0.04788106 -0.162598 0.9999974 -0.0022403 -4.64733e-4 1 0 2.61163e-6 0.9990333 -0.01701945 0.04053288 0.9921793 0.1153004 -0.04781234 0.9999997 8.54577e-4 -9.00621e-5 0.9953532 0.08769935 -0.03976082 0.9462125 -0.0155555 -0.3231716 1 4.28481e-4 9.43597e-5 0.9999994 -0.001019597 -6.78907e-4 0.935606 0.01528769 -0.3527148 0.9999957 -0.00295937 1.65245e-5 0.9986553 -0.05172544 0.003510892 0.9732033 0.2299441 -0.001086175 0.9246014 -0.3780917 -0.04646557 0.9997155 0.01694756 0.01679307 0.9916427 0.128991 -0.002496242 0.9999982 -0.001757323 -7.78348e-4 0.9999997 9.39223e-4 1.14625e-4 1 0 2.61163e-6 0.985345 0.1659174 -0.03958225 0.9968486 -0.07879269 -0.009196698 0.9995494 -0.02455747 0.01726466 0.991729 0.1275488 0.01431602 0.9999966 -0.002605617 -5.45996e-4 0.9989695 0.04508137 0.005268037 1 0 2.61164e-6 0.9915049 0.1136655 -0.06323224 0.9870214 -0.1545597 0.04358971 0.992973 0.1083018 -0.04770314 0.9999917 -0.004065036 4.41094e-4 0.999998 0.001933991 -5.46101e-4 0.9821426 0.187058 -0.020132 0.9998346 0.001030921 -0.01816242 0.9996548 0.002383708 0.02616786 0.9757289 -0.2072588 -0.07068836 0.9996872 -0.02367717 -0.00806868 0.9999678 0.006793558 0.004280924 0.9692977 -0.01337653 -0.2455265 1 0 -8.93444e-5 0.9986205 -0.05229312 0.004740715 0.9998071 0.01158529 0.01585972 0.999999 -0.001463532 7.12553e-5 0.9787615 0.2047783 -0.00958085 0.9564877 -0.2903314 -0.02896893 0.9885581 0.1406664 0.05446106 0.9871726 -0.0449472 -0.1531994 0.9999973 -0.002141535 -8.59873e-4 0.9996126 0 0.0278306 0.9929211 0.1172083 -0.01923418 0.9999994 0.001170277 1.16911e-4 1 0 2.61163e-6 0.9852489 0.1664569 -0.03970974 0.9968042 -0.0793454 -0.009261012 0.9806057 0.1632553 0.1084446 0.9968494 -0.06621158 -0.04367202 0.9999998 5.59242e-4 2.24472e-4 0.9999991 -0.001087784 -9.11836e-4 0.9912638 0.1310747 0.01468521 0.9999969 -0.002459466 -5.12361e-4 0.9990908 0.04234534 0.004951715 1 0 2.61163e-6 0.9900895 0.1274464 -0.05899345 0.9752189 -0.2154501 0.05029398 0.9929729 0.1083015 -0.04770302 0.999994 -0.003490388 5.24252e-5 0.9999989 0.001486241 -3.47358e-4 0.9764623 0.2156668 -0.003068923 0.993715 -0.1090097 -0.02544659 0.9996126 0 0.0278306 0.9908403 0.1342031 0.01500427 0.9999982 -0.001772344 -7.6818e-4 0.9999976 0.00215286 5.01726e-4 0.9914728 0.1070776 -0.0742709 0.9923734 -0.1162213 0.04108214 0.9999866 -0.00504589 0.001239001 0.9862076 0.1607605 -0.03937828 0.9999941 0.003267109 -0.001152455 0.9925391 0.1115735 -0.04917031 0.9990062 -0.01775014 0.04088503 0.9996683 -0.02015906 -0.01602703 0.9800173 -0.1949099 -0.03970402 0.9992323 -0.03838813 -0.007818758 0.9960663 0.08456742 0.02646672 0.9682757 0.01111841 -0.2496372 0.9880343 -0.129174 -0.08427608 1 0 2.61163e-6 0.9997048 -0.02382969 0.004747211 0.962205 -0.005361974 -0.2722734 0.9999381 0.01100921 0.001649618 0.9855309 -0.04787158 -0.1625953 0.9999997 -8.89524e-4 -2.20491e-4 1 0 2.61163e-6 0.9886246 0.1357886 -0.06467443 0.9953971 -0.09517037 0.01128995 0.9895057 0.1430913 0.02008229 0.9970173 -0.07644861 -0.0105884 1 4.33884e-4 1.12905e-4 0.9999993 -9.90379e-4 -6.9889e-4 0.9920531 0.1246783 -0.01691263 0.9999954 -0.0030393 8.66846e-5 0.9999719 0.007444083 -8.72861e-4 0.9751095 0.2216395 -0.00612235 0.9969674 -0.07426756 -0.02324664 0.9957789 -0.08480602 0.03510564 0.9999995 -9.7073e-4 -4.05436e-4 1 0 2.61163e-6 0.9853478 0.165901 -0.03957974 0.9968492 -0.07878625 -0.009196221 0.9810198 0.161546 0.1072523 0.9908385 0.1342163 0.01500403 0.9999975 -0.002222061 -4.6473e-4 0.9992435 0.03863012 0.004501342 0.9895864 0.1306242 -0.06046617 0.9741789 -0.2198671 0.051324 0.9921417 0.1144771 -0.05049639 0.9999957 -0.002977609 4.50612e-5 0.9999992 0.001267433 -2.95384e-4 0.9740233 0.2264252 -0.003222346 0.9893928 -0.1424236 -0.02859115 0.9996953 0.01844984 0.0164045 0.9906666 0.1350995 0.01811087 0.9999982 -0.001772344 -7.68175e-4 0.9999988 0.001587331 3.16724e-4 1 0 2.61163e-6 0.9895881 0.1306125 -0.06046301 0.9966166 -0.08189225 0.007006585 0.9919166 0.1264068 -0.01108354 0.9999955 -0.003001987 4.50575e-5 0.9993412 0.03616422 -0.003083348 0.9740278 0.2264056 -0.003222107 0.9969592 -0.07410895 -0.02409034 0.9962028 -0.08313643 0.02585285 0.9999995 -9.44472e-4 -4.13328e-4 1 0 2.2226e-6 0.9959518 0.06281036 -0.06430411 0.9999278 -0.01073276 -0.005410552 1 5.61417e-6 0 1 0 1.66143e-7 1 0 3.25205e-7 1 0 1.81714e-7 1 0 0 1 5.61417e-6 0 1 0 -2.45442e-7 1 -1.54115e-6 -1.38087e-7 1 0 -2.32672e-7 1 1.03058e-6 -4.85444e-7 1 0 2.59384e-6 1 0 2.59385e-6 1 0 2.59381e-6 1 0 2.59385e-6 1 0 2.59384e-6 1 0 2.59381e-6 1 0 2.5939e-6 1 0 2.59386e-6 1 0 2.59384e-6 1 0 2.59383e-6 1 0 2.59389e-6 1 0 2.59382e-6 1 0 2.59384e-6 1 0 2.59385e-6 0.9918483 0.1271215 -0.008785307 0.9999998 5.18316e-4 2.292e-4 1 -1.11546e-6 -4.45469e-7 1 2.51961e-7 0 1 -4.96178e-7 0 1 1.72885e-7 -1.38087e-7 0.9539185 -0.2772362 -0.1148036 0.9801849 0.16301 0.1125408 1 -1.38406e-4 5.33122e-5 1 6.34386e-5 8.58506e-5 1 0 1.60807e-6 0.9998993 0.01096224 0.009015142 0.9979674 -0.05412483 0.03363949 1 0 5.55108e-5 0.9869375 0.1487177 0.06194621 1 0 -8.62919e-7 1 0 7.13601e-7 1 0 1.33046e-6 1 -1.27629e-6 0 1 0 -6.36086e-6 0.9999675 -0.001229524 -0.007973015 0.9989091 0.02320408 0.04052579 0.999671 -0.01735579 0.01888608 0.999211 -0.02852869 0.02763187 0.9999961 -0.002383768 0.001486599 0.9992559 0.02797389 0.02655619 1 2.69669e-6 6.39367e-6 0.9997709 0.02139502 -6.68681e-4 0.9992244 0.02367717 -0.03146553 0.9987803 -0.04917478 0.004464626 0.9989072 0.04654866 -0.00420612 0.998578 0.04997777 0.01855397 0.9986746 -0.03707891 -0.03569668 0.9999983 8.78891e-4 -0.001624524 0.906359 0.4197824 -0.04792094 1 0 7.66415e-6 0.9997732 0.01529717 -0.01482611 0.95987 -0.2629063 -0.09762144 0.9100674 0.3256735 0.2563475 0.9998611 -0.01562952 0.005811095 0.9998111 -0.01879274 0.004981398 0.9987804 -0.0491721 0.004464387 0.9995818 -0.02710908 0.01006364 0.9918068 0.1272268 -0.01152187 0.9985783 0.04997295 0.01855415 0.9999206 0 -0.01260238 1 0 -5.38598e-7 0.90636 0.41978 -0.04792064 0.9997732 0.01529705 -0.01482605 0.95987 -0.2629063 -0.09762173 0.9100658 0.325677 0.2563487 0.999861 -0.01562947 0.005811035 0.9998111 -0.01879256 0.004981338 0.9987804 -0.0491718 0.004464566 0.9995819 -0.02710932 0.01006376 0.9918103 0.1271994 -0.01152241 0.9984415 0.05250543 0.01891255 0.9999206 0 -0.01260238 1 0 -2.17012e-6 0.9014936 0.4289129 -0.05782032 1 0 7.66415e-6 0.9998135 0.01743102 -0.008318901 0.9634513 -0.2520294 -0.09078961 0.9100687 0.3256716 0.2563457 0.9922841 -0.1221338 0.02134943 0.9995158 -0.02064472 0.02328187 0.9991853 -0.03450727 0.02093315 1 0 7.66417e-6 0.9997932 0.01135492 -0.01687353 0.9992516 0.03867375 8.39459e-4 0.9999715 -0.00335437 -0.006770193 0.9999647 -0.00719279 0.00437206 0.9993166 -0.01116847 0.03523451 0.9997547 -0.01535642 0.01596742 0.1377795 0.7634401 -0.6310121 0.9912464 -0.1300582 0.02270495 0.768638 0.5938014 0.2378986 1 0 -2.1701e-6 0.8905861 0.4479494 -0.07872658 1 0 2.59393e-6 1 0 7.66415e-6 0.9998111 0.01717281 -0.009097993 0.9509905 -0.3091471 -0.006716609 0.6075261 0.7665871 0.2079818 0.996492 -0.08199107 0.01677358 1 0 2.59375e-6 1 0 7.66414e-6 0.9997746 0.01534342 -0.01468044 0.71759 0.6577276 0.2290392 0.9908069 -0.1325426 0.02709501 0.6584479 0.6637298 -0.3548368 0.9979114 -0.05604606 0.03212279 0.9997044 -0.02041918 0.01320415 0.9986402 -0.05197393 0.00406897 0.9998732 -0.01381915 0.007911503 0.9928048 0.1193806 -0.009321928 0.9983708 0.05339968 0.02010607 0.9999357 0.004241406 -0.01052093 1 -7.57127e-7 -5.08383e-7 0.9063597 0.4197805 -0.04792129 1 0 7.66415e-6 0.9997731 0.01529711 -0.01482605 0.9610192 -0.2587418 -0.09744155 0.9117906 0.3207291 0.2564587 0.9998611 -0.01562952 0.005811035 0.9996931 -0.02338463 0.008173227 0.9985595 -0.05343723 0.00485152 0.999631 -0.02546459 0.00945723 0.9926466 0.1205554 -0.01091897 0.9983196 0.05432438 0.02017009 0.9999067 0 -0.01366072 0.9063597 0.4197805 -0.04792147 1 0 7.66414e-6 0.9998111 0.01717269 -0.009097993 0.95987 -0.2629063 -0.09762161 0.9100677 0.3256734 0.2563466 0.9980413 -0.06150466 0.01143372 0.9994016 -0.02284425 0.02597564 0.9990843 -0.03780889 0.02002632 0.9998009 0.01155018 -0.01627385 0.9994654 0.03229069 0.005123972 0.9999135 0 -0.01316314 0.9999676 -0.007116615 0.003777742 0.9993528 -0.0110324 0.03424233 0.9997655 -0.01514422 0.01548165 0.1824095 0.7655481 -0.6169788 0.9901276 -0.1378144 0.02558636 0.7176046 0.6577115 0.2290396 1 0 2.59373e-6 1 0 7.66415e-6 0.9986351 0.04597598 -0.02478766 0.7373174 0.6379652 0.2221789 0.884923 -0.4599801 -0.07300627 0.8956068 0.4393234 -0.06988257 0.9449206 -0.3198723 0.06933134 0.918086 0.3957554 -0.02226585 0.9998111 0.01717269 -0.009097933 0.6599156 -0.7349144 -0.156244 0.706242 0.6705994 0.2269774 0.9990305 -0.04350572 0.006734013 0.304714 0.7626603 -0.5705251 0.9997731 0.01529711 -0.01482605 0.9887964 -0.1475191 0.02280402 0.7176049 0.6577114 0.2290394 0.9999058 -0.01310175 0.004112601 0.999859 -0.01133292 0.01238918 0.9999965 -0.002509713 9.21038e-4 0.9986651 -0.0514416 0.004669368 0.9989681 0.04523599 -0.0040825 0.9985376 0.05055105 0.0191642 0.9984942 -0.03930073 -0.03827637 0.9999985 0.001281023 -0.001165628 0.909583 0.4134809 -0.04114103 1 0 7.66414e-6 0.9997709 0.0152266 -0.01504123 0.9570193 -0.2711836 -0.1028288 0.9100686 0.3256716 0.2563456 0.999876 -0.01476889 0.005491077 0.9998118 -0.01882165 0.00469768 0.9988126 -0.04843008 0.005297839 0.99952 -0.02904582 0.01078259 0.9906325 0.1357488 -0.01482164 0.9994309 0.0300728 0.01528394 0.999952 -0.003944337 -0.00897628 1 1.53895e-6 -6.20633e-7 0.9302125 0.3668191 -0.01218765 0.9997779 0.01546007 -0.01432812 1 0 7.66413e-6 0.9997601 0.01060855 -0.01916438 0.9999334 -0.01127302 0.002461969 0.9999473 -0.007527947 0.006987154 0.9718066 -0.03634572 0.2329612 0.9883099 -0.1457501 -0.04472851 0.955588 0.2803431 0.0908811 0.7601919 -0.5791851 -0.2943686 0.907351 0.3333116 0.2561597 0.9998161 -0.0190683 0.002050399 0.9986991 -0.05093044 0.002487957 0.9983987 -0.05526947 0.01205724 0.9937651 0.1113635 -0.005416274 0.9980436 0.05861365 0.02176231 0.9999405 0.006334364 -0.008889198 0.8983735 0.4345489 -0.06397253 1 0 7.66414e-6 0.9998111 0.01717287 -0.009098052 0.9683482 -0.2339928 -0.08688545 0.9155651 0.3096032 0.2566837 0.99662 -0.08049696 0.01639455 0.1119619 0.7612552 -0.6387137 0.9997732 0.01529705 -0.01482599 0.990772 -0.1328197 0.02701568 0.7175987 0.6577173 0.2290418 0.9998972 -0.01363056 0.004465758 0.9998382 -0.01166963 0.01369386 0.9987804 -0.04917192 0.004464566 0.9987109 0.05055522 -0.004567623 0.9996041 -0.02708935 0.007612049 0.9728034 -0.05718684 -0.2244625 0.9995559 -0.02976608 -0.001457095 0.9999987 -9.38023e-4 -0.001307845 1 0 -2.17011e-6 1 1.2743e-6 7.92002e-7 1 3.89823e-6 1.45369e-5 0.9981111 5.98718e-6 -0.0614351 0.9848232 0.1363848 0.1073434 0.9831578 -0.03101253 0.1801088 0.9998888 0.0103293 -0.01076149 -0.9262891 0.05196416 -0.3732134 0.9677378 -0.05625122 0.2456003 0.9999993 -8.56254e-4 -9.06026e-4 1 1.64809e-4 0 1 -9.75726e-5 7.46629e-5 1 2.75343e-7 4.335e-7 0.9957628 0.08784705 -0.02719372 0.9999707 0.003205001 0.006958544 0.9999998 7.02302e-4 0 1 -1.80756e-4 5.15894e-5 1 -3.67487e-7 8.52457e-7 1 0 1.60807e-6 1 0 1.60806e-6 0.9999036 0.01053029 0.009055495 1 1.41582e-5 0 1 0 7.8982e-7 0.9999276 0.008520007 0.008509218 0.9997804 -0.02095848 0 1 0 1.60806e-6 1 -1.30864e-6 -4.09885e-7 1 0 1.5522e-6 1 0 7.3773e-7 1 -1.38952e-7 1.33801e-6 1 0 -4.56385e-7 1 0 -8.46656e-7 1 -5.37398e-7 0 1 4.21326e-7 -9.77347e-7 1 0 -8.46655e-7 1 0 -8.46657e-7 1 0 -4.70143e-7 -0.5579757 0.2951914 -0.7755807 -0.3641713 -0.8292539 -0.4239308 0.03147006 -0.9993861 0.01539766 -0.5579764 0.2951921 -0.7755799 -0.36541 -0.8277921 -0.4257181 0.03140753 -0.9993869 0.01547729 -0.5579755 0.2951913 -0.7755808 -0.3652071 -0.828033 -0.4254235 0.03141963 -0.9993867 0.01546335 -0.5579757 0.2951914 -0.7755807 -0.3655886 -0.8275812 -0.4259746 0.03139853 -0.999387 0.01548951 -0.5726667 0.1929398 -0.7967605 -0.3650875 -0.827884 -0.4258161 0.2240377 -0.9447545 0.2392619 -0.5579762 0.2951923 -0.7755799 -0.5057719 -0.5845547 -0.6344215 0.03424042 -0.9993433 0.01185667 0.5021552 -0.4645407 0.7294122 -0.5579776 0.2951857 -0.7755813 -0.5072683 -0.5807181 -0.6367461 0.0341103 -0.9993457 0.01202517 0.4973649 -0.4796466 0.7228882 -0.5579767 0.2951917 -0.7755798 -0.3655873 -0.8275812 -0.4259759 0.03139841 -0.9993869 0.01549065 -0.5579749 0.2951852 -0.7755835 -0.3644739 -0.8288992 -0.4243641 0.0314542 -0.9993863 0.01541882 -0.5579773 0.2951791 -0.7755841 -0.3655908 -0.8275786 -0.4259778 0.03139835 -0.9993869 0.01549011 -0.5579776 0.2951848 -0.7755818 -0.3655911 -0.8275763 -0.4259819 0.03140026 -0.9993869 0.0154922 -0.5402852 0.4063039 -0.7368916 -0.3821269 -0.8226984 -0.4208876 0.2218883 -0.9442388 0.2432668 -0.34 -0.8345539 -0.4334971 -0.1946513 -0.9416393 -0.2746389 -0.5579758 0.2951756 -0.7755864 -0.3655909 -0.8275818 -0.4259715 0.03139877 -0.9993871 0.01547902 -0.4778847 0.6025191 -0.639216 -0.3762004 -0.8244795 -0.4227373 -0.007589399 -0.9992648 -0.03758096 -0.5579758 0.2951844 -0.7755832 -0.3711233 -0.8209407 -0.433963 0.03112983 -0.9993901 0.0158264 -0.3821254 -0.8226953 -0.4208951 0.2218881 -0.9442382 0.2432691 -0.525371 0.4173587 -0.741483 -0.3655881 -0.82758 -0.4259777 0.03139841 -0.999387 0.0154888 -0.5579773 0.2951791 -0.7755841 -0.3655906 -0.8275782 -0.4259788 0.03139841 -0.9993869 0.01549059 -0.4778837 0.6025222 -0.6392137 -0.3762001 -0.8244787 -0.4227394 -0.007589399 -0.9992648 -0.03758347 -0.5682008 0.2390699 -0.7873967 -0.3655745 -0.8275817 -0.4259858 0.2098861 -0.9529139 0.2188675 -0.5599066 -0.1979912 -0.8045521 -0.3544666 -0.8307025 -0.4292866 0.330641 -0.8568255 0.3956346 -0.5579758 0.2951856 -0.7755827 -0.3655902 -0.8275771 -0.4259814 0.03139841 -0.9993869 0.01549172 -0.557978 0.2951859 -0.775581 -0.3727165 -0.8189939 -0.4362698 0.03105419 -0.9993909 0.01592707 -0.5579758 0.2951915 -0.7755804 -0.3655883 -0.8275813 -0.4259747 -0.5579777 0.2951863 -0.7755812 -0.3655881 -0.8275802 -0.4259769 0.03139853 -0.999387 0.01548933 -0.5579754 0.2951915 -0.7755808 -0.3652068 -0.8280324 -0.4254251 0.03141975 -0.9993868 0.01546287 -0.4778839 0.6025231 -0.6392127 -0.3758346 -0.8248922 -0.4222575 -0.007577717 -0.9992646 -0.03758913 -0.5579761 0.2951916 -0.7755802 -0.5136414 -0.5638855 -0.6466884 0.0335614 -0.9993557 0.0127263 0.489234 -0.4993891 0.715025 -0.5579759 0.2951915 -0.7755804 -0.3652073 -0.8280323 -0.4254249 0.03141957 -0.9993868 0.01546281 -0.5579755 0.2951916 -0.7755806 -0.3652069 -0.8280324 -0.4254249 0.03141957 -0.9993867 0.01546299 0.0265699 -0.9978371 -0.06012642 0.1895301 -0.9520312 -0.2402396 0.02657186 -0.997837 -0.06012785 0.1895287 -0.9520319 -0.2402378 -0.2558699 -0.9073873 0.3334349 0.1959189 -0.9550914 -0.2222977 0.5615006 -0.0895155 -0.8226202 0.02657049 -0.9978371 -0.06012523 0.05491226 -0.9942817 -0.09159004 -0.2556276 -0.9069263 0.334872 0.07435637 -0.9943925 -0.07519799 0.5716813 -0.0918079 -0.8153231 0.02657288 -0.9978368 -0.06012994 0.1895277 -0.9520323 -0.240237 0.02656811 -0.9978374 -0.06012421 0.1895306 -0.9520313 -0.2402387 -0.2603355 -0.9037858 0.3397009 0.1958659 -0.9550668 -0.2224498 0.56055 -0.09983229 -0.822081 0.02656841 -0.9978374 -0.0601235 0.05491232 -0.9942818 -0.09158784 -0.1768664 -0.9482367 0.263753 0.01855808 -0.9978919 -0.06218892 -0.2574429 -0.9061239 0.3356528 0.1959028 -0.9550825 -0.2223502 0.5611329 -0.09465277 -0.822296 -0.187455 -0.9373205 0.2937534 0.02446413 -0.9978576 -0.06067895 -0.1784658 -0.9436684 0.2786399 -0.2153311 -0.9151993 0.3406507 0.5610348 -0.09465932 -0.8223623 -0.4135783 -0.6881256 0.5961847 0.009854137 -0.9978729 -0.06444156 0.6271926 -0.07266747 -0.7754669 -0.268098 -0.8973221 0.3506231 0.1957644 -0.9550201 -0.2227398 0.5589799 -0.1132442 -0.8214119 -0.2755931 -0.9016689 0.3332295 0.2792077 -0.9014462 -0.3308137 0.5587383 -0.09477388 -0.8239111 -0.1784643 -0.9436676 0.2786434 0.02446484 -0.9978575 -0.06068062 0.02319663 -0.9974755 -0.06711745 0.2663165 -0.9034343 -0.3359792 -0.2675476 -0.897789 0.3498477 0.1957699 -0.9550232 -0.2227218 0.559091 -0.1123055 -0.821465 0.02657115 -0.997837 -0.06012743 0.18953 -0.9520301 -0.240244 0.02656668 -0.9978375 -0.06012159 0.1665262 -0.9623274 -0.2149307 -0.2756099 -0.9016577 0.3332457 0.2792116 -0.9014465 -0.3308101 0.5587341 -0.09476751 -0.8239148 0.02390468 -0.9978257 -0.06142187 0.1852839 -0.9524858 -0.2417452 0.02657115 -0.997837 -0.06012767 0.1895295 -0.9520315 -0.2402387 -0.2574406 -0.9061297 0.3356389 0.05694043 -0.9971169 -0.05015718 0.5714845 -0.09412121 -0.8151974 0.0265699 -0.9978373 -0.06012505 0.05491298 -0.9942815 -0.09159004 -0.2668138 -0.8984109 0.3488098 0.2369833 -0.9320197 -0.2741866 0.5603795 -0.1098155 -0.8209236 0.02657014 -0.9978371 -0.06012612 0.05491274 -0.994282 -0.0915867 0.02657014 -0.9978371 -0.06012713 0.2324995 -0.9291636 -0.2874001 0.02636486 -0.9978596 -0.05984276 0.2325185 -0.9291748 -0.2873491 -0.2595335 -0.904437 0.3385797 0.05694335 -0.9971185 -0.05012238 0.5710579 -0.09674799 -0.8151888 -0.6065335 0.5310953 0.5916544 0.5691353 0.6157512 -0.544918 -0.8769176 -0.1715426 0.4489865 0.02340441 0.9995766 0.01729488 0.921627 -0.3163198 -0.2248234 -0.6065332 0.5310951 0.5916548 0.569136 0.6157519 -0.5449164 -0.8769176 -0.171543 0.4489861 0.02340441 0.9995766 0.01729363 0.9216267 -0.3163204 -0.2248238 0.5691363 0.6157509 -0.5449173 -0.8769176 -0.1715426 0.4489866 0.02340483 0.9995765 0.01729577 0.9216265 -0.3163204 -0.2248247 -0.6065337 0.5310955 0.591654 0.5691361 0.6157507 -0.5449177 -0.8769177 -0.1715426 0.4489862 0.02340382 0.9995766 0.01729315 0.921627 -0.3163198 -0.2248235 -0.4010646 0.488402 0.7749909 0.4072707 0.5046976 -0.7611905 -0.5114825 0.6649218 0.544302 -0.9857642 -0.164713 0.03374546 0.39155 0.9175528 0.06917637 0.8509697 0.4037402 -0.3359231 0.569137 0.6157517 -0.5449156 -0.8769188 -0.1715428 0.4489841 0.02340507 0.9995766 0.01729142 0.9216266 -0.3163204 -0.2248244 0.5691356 0.6157501 -0.544919 -0.8769189 -0.1715353 0.4489865 0.02340304 0.9995766 0.01729577 0.9216269 -0.3163198 -0.2248237 -0.6081506 0.528065 0.5927059 0.5675773 0.6171445 -0.5449666 -0.8756601 -0.1723623 0.4511218 0.02329754 0.9995857 0.01690602 0.9216269 -0.3163205 -0.2248232 -0.6065413 0.5310801 0.59166 0.5691366 0.6157513 -0.5449165 -0.8769199 -0.1715354 0.4489844 0.02340507 0.9995765 0.01729404 0.9216267 -0.3163204 -0.2248239 -0.6065343 0.531096 0.5916531 0.5691373 0.6157521 -0.5449149 -0.8769194 -0.1715278 0.4489884 0.02340519 0.9995766 0.01729071 0.9216266 -0.3163204 -0.2248241 -0.6065236 0.5311136 0.5916481 0.5691388 0.6157464 -0.5449198 -0.8769173 -0.171535 0.4489898 0.02340465 0.9995766 0.01729232 0.9216239 -0.3163293 -0.2248229 -0.2845699 0.7873947 0.546836 -0.200837 0.9572521 -0.2081657 0.3635005 0.9039755 0.2251571 -0.2845686 0.7873911 0.546842 -0.2061239 0.9613633 -0.1824654 -0.713189 0.6807512 0.1671509 -0.6065288 0.531096 0.5916586 0.5691383 0.6157472 -0.5449193 -0.876917 -0.171533 0.4489911 0.02340275 0.9995767 0.01728683 0.9216242 -0.316328 -0.2248231 -0.5813612 0.4441193 0.6817458 0.4196677 0.3457821 -0.8392341 0.5651004 0.6193491 -0.5450397 -0.8064616 -0.4361773 0.3992106 0.02379769 0.9995415 0.01871895 0.9216236 -0.3163278 -0.224826 -0.5872564 0.5507822 0.593101 0.5638051 0.6204943 -0.5450786 -0.8725879 -0.1743073 0.4562973 0.02303737 0.9996072 0.01596796 0.9216239 -0.3163286 -0.2248235 -0.2845683 0.7873932 0.5468392 -0.2008368 0.9572512 -0.2081699 0.3634966 0.9039765 0.22516 -0.2704989 0.2920165 0.9173641 0.2071322 0.5635132 -0.7997182 0.2755246 0.5001593 -0.8209306 -0.5161639 0.6728359 0.5299687 -0.9366914 0.2235891 0.2694758 0.8898161 0.3749009 -0.2601476 0.9026084 0.3502655 -0.2502248 -0.6065307 0.5310978 0.591655 0.569137 0.6157505 -0.5449169 -0.8769196 -0.1715278 0.4489881 0.02340477 0.9995766 0.01729416 -0.08873289 0.8613838 0.5001445 0.3911923 0.238606 -0.8888396 0.5969939 0.58999 -0.5436086 -0.8336101 -0.4095383 0.3706381 0.02300643 0.9996094 0.01586729 0.9216277 -0.3163179 -0.2248232 -0.4119494 0.473065 0.7787858 0.432546 0.406147 -0.8049527 -0.9780898 -0.1928725 0.07836276 0.3968176 0.9164441 0.05163377 0.8351737 0.4253514 -0.3486563 -0.5809924 0.4179939 0.6983761 0.08784848 0.9151494 0.3934264 -0.6249324 0.7723537 -0.1137075 0.404922 0.9140451 0.02365964 -0.6109461 0.522787 0.594507 0.5649362 0.6194943 -0.5450448 -0.8735127 -0.1737175 0.4547503 0.02311253 0.9996009 0.01624411 0.921627 -0.3163205 -0.2248224 -0.6065315 0.531096 0.5916559 0.5691355 0.6157513 -0.5449177 -0.8769184 -0.1715363 0.4489874 0.02340477 0.9995765 0.01729589 0.9216269 -0.3163205 -0.2248227 0.5691365 0.6157511 -0.5449169 -0.8769178 -0.1715427 0.4489857 0.023404 0.9995765 0.01729577 0.9216268 -0.3163204 -0.2248234 -0.606532 0.5310964 0.591655 0.5691372 0.6157506 -0.5449168 -0.8769185 -0.1715352 0.4489876 0.5691369 0.6157504 -0.5449171 -0.8769174 -0.1715425 0.4489866 0.02340382 0.9995766 0.01729446 -0.04391133 0.894982 0.4439359 0.587982 0.5985069 -0.5441202 -0.8134809 -0.4295485 0.3920933 0.02119541 0.9997318 0.009334325 0.9216267 -0.3163204 -0.2248237 0.5691354 0.6157513 -0.5449178 -0.8769176 -0.1715426 0.4489865 0.02340441 0.9995766 0.0172947 0.9216267 -0.3163204 -0.2248238 -0.5881292 0.5530158 0.5901505 0.5691347 0.6157518 -0.544918 -0.8769172 -0.1715429 0.4489872 0.02340441 0.9995766 0.01729458 0.9216266 -0.3163204 -0.2248239 -0.6096136 0.5253118 0.5936488 0.5661895 0.6183803 -0.5450094 -0.8745335 -0.1730671 0.4530331 0.02320051 0.9995937 0.01655888 0.003455042 -0.8919695 -0.4520825 0.04928183 -0.9057876 -0.4208565 -0.7331808 -0.6780269 0.05220603 0.2573514 -0.9657528 -0.03304225 -0.5504322 -0.5969811 -0.5836421 -0.005618274 -0.9399264 -0.341331 -0.8445599 -0.5317201 0.06318515 0.2573533 -0.9657523 -0.03304296 -0.58635 -0.4098823 -0.6987062 0.04928213 -0.9057875 -0.4208566 -0.7331808 -0.6780269 0.05220609 0.2573541 -0.9657521 -0.03304249 -0.6544567 -0.3299726 -0.6802974 0.5208591 -0.7290478 0.4440667 0.06999981 -0.9509485 0.3013253 0.9016566 0.3599368 0.2397101 -0.6811661 0.05592828 -0.7299895 0.5270436 -0.8469325 0.07021707 -0.6219992 -0.536301 -0.5705246 0.5911139 -0.6466168 0.4821526 0.9027224 0.3672408 0.2241125 0.0259236 -0.9530008 0.3018567 -0.12806 -0.8361051 -0.5334125 0.04928183 -0.905787 -0.4208577 -0.7331665 -0.6780423 0.05220669 0.2573524 -0.9657525 -0.03304344 -0.3838012 -0.8014726 -0.4586268 -0.0934028 -0.9441114 -0.3161168 -0.8445594 -0.5317212 0.06318175 0.2573522 -0.9657526 -0.03304135 -0.5863573 -0.4098705 -0.698707 0.04928177 -0.9057865 -0.4208587 -0.7331677 -0.6780411 0.05220615 0.2573541 -0.9657521 -0.03304344 -0.5831612 -0.4387797 -0.6836633 -0.6608924 -0.3077265 -0.6844894 0.5208551 -0.7290525 0.4440636 0.07118409 -0.9340247 0.350044 0.9016535 0.3599444 0.2397104 -0.2321699 -0.07760292 -0.9695747 0.2586734 -0.7116837 -0.653142 -0.09361881 -0.9086009 0.407038 -0.4242486 -0.9054545 -0.01285749 0.9301753 -0.3288694 0.1631535 -0.3382872 -0.9403712 -0.03555124 -0.2148616 -0.7856431 -0.580172 0.04928427 -0.9057874 -0.4208567 -0.733183 -0.6780246 0.05220532 0.257354 -0.9657523 -0.03304129 -0.4950229 0.3327693 -0.8026313 0.1668154 -0.8288192 -0.5340706 -0.1532702 -0.9022957 0.4029526 0.5353475 0.151907 0.8308594 -0.7669788 -0.6416369 -0.006770253 0.8548737 -0.4654012 0.2293311 -0.346233 -0.9275961 -0.1403155 -0.2248785 -0.6553142 -0.7211054 0.3214498 -0.1292734 0.9380611 -0.4210936 -0.8513975 -0.3127341 0.8863083 -0.3303892 0.3245007 0.9450375 -0.1710649 0.2786412 -0.5700239 -0.768751 -0.289991 0.1413394 -0.5327327 0.8343974 -0.8825946 -0.07061505 -0.4648016 -0.4906647 -0.7393381 -0.4611153 0.2483222 -0.9414002 0.2282581 0.9504517 -0.1787954 0.2543103 -0.29277 -0.8601002 -0.417748 -0.09340262 -0.9441098 -0.3161216 -0.8445616 -0.5317178 0.06318277 0.257354 -0.9657521 -0.0330432 -0.6096147 0.07029402 -0.7895751 0.3256181 -0.9427349 0.07227706 -0.5529196 -0.6557008 -0.5141367 0.5915077 -0.5771261 0.5630668 0.9559247 -0.05221658 0.2889319 0.3214442 -0.1292737 0.9380629 -0.4210933 -0.8513969 -0.3127364 0.9450385 -0.1710588 0.2786419 -0.5700206 -0.7687543 -0.2899887 -0.5657786 -0.1409877 -0.8124144 0.3553362 -0.9272522 0.1180669 -0.5618461 -0.62224 -0.5451114 0.5311723 -0.6583187 0.5333596 0.9559451 -0.05245995 0.2888201 0.003808379 -0.8920873 -0.4518471 0.04928433 -0.9057884 -0.4208547 -0.7331814 -0.6780263 0.05220544 0.03093969 -0.8592728 -0.5105812 -0.5289878 -0.8479769 0.03327637 0.2573559 -0.9657517 -0.03304153 -0.6728675 0.05651158 -0.7376013 0.5294152 -0.8454726 0.0699684 -0.04642957 -0.941982 -0.3324369 -0.4999863 -0.8526175 0.1518461 0.3399385 -0.9387269 -0.05686736 0.9637521 -0.265384 0.02744483 -0.2762746 -0.8881155 -0.3673188 -0.558442 -0.635731 -0.5329059 0.5834231 -0.5832113 0.5652274 0.9559258 -0.05220711 0.2889298 -0.585807 -0.06051933 -0.8081879 -0.1134014 -0.8663392 -0.4864121 0.2765462 -0.6896895 0.6692165 -0.1831021 -0.9745133 0.1296055 0.2448077 -0.9569297 -0.1560603 0.00346291 -0.8919731 -0.4520754 0.04928207 -0.9057871 -0.4208576 -0.7331814 -0.6780262 0.05220669 0.257355 -0.9657519 -0.03304249 -0.6544556 -0.329972 -0.6802988 0.06999981 -0.9509482 0.3013265 -0.204723 -0.8084416 -0.5518249 -0.6608942 -0.3077273 -0.6844874 0.520859 -0.7290476 0.4440671 0.07118487 -0.9340247 0.3500439 -0.677891 -0.1716445 -0.714844 0.1100097 -0.9280959 -0.3557189 0.03043901 -0.5649928 0.8245342 -0.7705986 -0.6245704 0.1268453 0.3071917 -0.9510005 -0.03508991 0.0111081 -0.9061747 -0.4227578 -0.6608947 -0.3077275 -0.6844866 0.0711857 -0.9340244 0.3500443 -0.4947596 -0.08632302 -0.864732 0.01345175 -0.9366546 0.3499961 -0.7549956 0.5435371 -0.3668096 0.02249276 -0.9997026 0.00942552 -0.29098 -0.861114 -0.4169092 -0.05307692 -0.9544118 -0.2937365 -0.7705991 -0.6245698 0.1268451 0.3071925 -0.9510003 -0.03508996 -0.5831608 -0.4387794 -0.6836637 -0.6608952 -0.3077272 -0.6844865 0.5208598 -0.7290474 0.4440666 0.07118368 -0.9340245 0.3500447 0.9016566 0.3599368 0.2397104 0.6577652 0.1741979 0.732803 0.7099683 0.1981806 0.6757732 0.690719 0.4306095 0.5809327 0.7131236 0.4305623 0.5532369 0.6865531 0.616107 0.3860789 0.7164748 0.6026971 0.3513119 0.6832862 0.7171685 0.1370744 0.7104017 0.6949262 0.1113877 0.6949504 0.7089619 -0.1200707 0.6971477 0.7065791 -0.1213722 0.6962937 0.6189476 -0.3634268 0.7022901 0.6117513 -0.3640727 0.6939485 0.4455388 -0.5656242 0.7080549 0.4289976 -0.5609095 0.6887409 0.191267 -0.6993232 0.7553848 0.03701031 -0.6542356 0.6274756 0.2371317 -0.7416489 0.08853197 0.07219254 -0.9934538 -0.07100629 0.3815348 -0.9216232 0.03561639 0.4432077 -0.8957113 -0.0356152 0.7595015 -0.6495299 0.02175605 0.7826908 -0.6220304 -0.01870161 0.9407722 -0.3385235 0.01870155 0.9503268 -0.3106918 -0.01870173 0.9997169 -0.01471298 0.01870173 0.9997169 0.01471298 -0.02175581 0.9422556 0.3341873 -0.01444911 0.9408384 0.3385476 0.05753368 0.7587248 0.6488656 -0.05753362 0.7093042 0.7025507 0.01943248 0.3923214 0.919623 0.03999155 0.3821944 0.9232162 1 -1.79186e-4 1.42393e-4 1 -1.86576e-4 1.62904e-4 1 -3.06056e-4 1.00057e-4 1 -2.55639e-4 2.68037e-5 1 -2.88802e-4 -4.25405e-6 1 -1.9436e-4 -8.23958e-5 1 -1.83645e-4 -6.61694e-5 1 -1.24547e-4 -9.46957e-5 1 1.07075e-4 1.19846e-4 1 1.02096e-4 1.1824e-4 1 6.96011e-5 1.80678e-4 1 2.65224e-4 3.65358e-4 0.9999998 -5.19788e-5 7.15089e-4 1 -2.53277e-4 2.91493e-4 1 -9.87865e-5 1.99646e-4 1 -1.06635e-4 1.42148e-4 1 1.75572e-4 -1.32581e-4 1 1.8665e-4 -1.62904e-4 1 3.05891e-4 -1.00057e-4 1 2.55717e-4 -2.68037e-5 1 2.994e-4 1.3816e-5 1 1.6934e-4 7.75406e-5 1 1.80576e-4 1.29907e-4 1 1.25039e-4 6.60041e-5 1 -1.29986e-4 -1.11152e-4 1 -9.46745e-5 -1.08413e-4 1 -7.82333e-5 -1.88864e-4 1 -2.65223e-4 -3.65357e-4 0.9999998 7.71948e-5 -7.42902e-4 1 2.30179e-4 -2.06999e-4 1 1.42618e-4 -1.87722e-4 1 9.97698e-5 -1.56124e-4 -0.00146836 0.2788053 0.9603465 0.007218301 0.2970323 0.9548403 -0.00539571 0.6140888 0.7892186 -0.01587617 0.5945459 0.8039051 0.02351438 0.7762748 0.6299561 -0.01993179 0.8637166 0.5035837 0.02312922 0.9574297 0.2877386 -0.0159192 0.9873787 0.1575751 0.01679062 0.9951285 -0.09714645 -0.008449792 0.9855099 -0.1694073 0.01395457 0.8704934 -0.4919822 0.003991246 0.8596095 -0.5109362 0.006343305 0.6326366 -0.774423 -0.006964206 0.6077263 -0.7941161 0.008713483 0.2970281 -0.954829 0.01217591 0.3044106 -0.9524632 -0.01694345 0.05218625 -0.9984936 -0.1205254 -0.9926997 0.004589378 0.03933197 -0.9991867 -0.008889973 0.1694861 -0.7677 0.6179897 -0.1275801 -0.5983698 0.7909975 -0.1213172 0.01057261 0.9925575 0.1015633 -0.008851051 0.9947897 0.1756638 0.6173106 0.7668573 -0.1255024 0.7948905 0.5936314 -0.08593124 0.9962729 -0.007488846 0.101561 0.99479 0.00885123 0.195266 0.7639746 -0.6149912 -0.1230614 0.5880513 -0.799407 -0.0204277 -0.001779973 -0.9997898 0.1015629 0.008851051 -0.9947898 -0.009633779 -0.5859154 -0.810315 0.07386785 -0.6253482 -0.7768419 -1 -4.37654e-7 0 -1 1.53049e-6 0 -1 3.06915e-7 0 -1 -9.26196e-7 0 -1 -6.56812e-7 0 -1 -2.63399e-6 0 -1 6.30159e-7 0 -1 -9.90666e-7 0 -1 5.12866e-7 0 -1 9.48014e-7 0 -1 0 0 -1 0 0 -1 -5.62982e-7 0 -1 4.63098e-7 0 0.9999999 3.32258e-4 4.22838e-4 1 -2.78906e-6 1.19687e-5 1 -2.30504e-4 2.59561e-4 1 5.77234e-6 -5.85914e-6 1 -1.20637e-4 -1.09915e-4 1 0 -5.87719e-6 1 -1.8966e-5 6.00302e-6 1 -1.51235e-5 2.08601e-6 1 0 -6.97436e-7 1 1.71217e-5 4.49862e-6 1 -1.36305e-6 0 1 -9.11259e-6 -3.73237e-7 1 1.17152e-5 3.17681e-5 1 3.02709e-4 -3.37713e-4 1 -1.41749e-6 7.66563e-6 1 -3.57891e-6 -6.42523e-6 0.006781876 0.9999566 0.006399035 -0.3036515 0.9526869 -0.01355218 -0.01618188 0.8139351 0.5807305 0.05467766 0.8474872 0.5279924 -0.04580259 0.8872336 -0.4590413 0.04580354 0.8373722 -0.5447108 -0.04580354 0.06001788 -0.997146 0.04580354 -0.0391013 -0.998185 -0.03892129 -0.7818391 -0.6222643 0 -0.8150062 -0.5794525 0 0.8150054 -0.5794535 0.03892022 0.7818386 -0.6222649 -0.0536217 -0.04911047 -0.997353 -0.04099917 -0.0600304 -0.9973542 0.1153553 -0.9273322 -0.3560169 -0.1153548 -0.9788351 -0.1690422 0.03001934 -0.6224553 0.7820794 0 -0.6468657 0.7626039 0.2362563 -0.9714943 -0.01954466 0 -0.999989 -0.00470066 0.09754365 -0.8118827 -0.5756143 -0.1675718 -0.9406119 -0.2952439 0.1431916 -0.8572297 0.4946244 -0.09004455 -0.6870281 0.7210302 0.2511144 -0.01589566 0.9678269 -0.2511144 0.01589566 0.9678269 0.06593501 -0.8216157 0.5662157 -0.1571748 -0.3879535 0.9081785 0.03605949 -0.156639 0.9869975 -1 1.39793e-7 0 -1 1.19861e-6 0 -1 -2.02048e-6 0 -1 1.85673e-6 0 -1 -6.47408e-7 0 -1 1.24125e-7 0 -1 0 0 -1 -9.11134e-7 0 -1 0 0 -1 0 0 -1 0 -1.5522e-6 -1 0 -1.55221e-6 -1 0 1.5522e-6 -1 0 1.5522e-6 1 1.78166e-7 0 1 2.66805e-7 0 1 -2.15661e-7 0 1 0 0 1 0 0 1 0 0 1 -3.00385e-6 0 1 4.54913e-7 0 1 -4.00207e-7 0 1 -1.36008e-6 0 -0.03761976 0.6216907 0.7823589 0.03814595 0.689328 0.7234444 -0.03841561 0.9981248 -0.04765546 0.1762201 0.9391723 -0.2947915 -0.06764805 0.5960714 -0.8000766 0.03094887 0.1566655 0.9871667 0.1879919 0.3053002 0.9335154 -0.06593531 0.8216168 0.5662142 0.03079599 -0.1419935 -0.9893885 -0.02091634 -0.2786935 -0.9601524 0.009247601 -0.6140726 -0.7891954 0.004112064 -0.6066096 -0.7949894 0.004136621 -0.8638821 -0.5036773 0.01198506 -0.8722397 -0.488932 -0.007279872 -0.9874767 -0.1575978 0.01495724 -0.9951575 -0.09714931 -0.01424622 -0.985445 0.169397 0.02258616 -0.9574413 0.287743 -0.01946455 -0.85946 0.5108323 0.008349061 -0.8071832 0.5902422 0.009316205 -0.6115154 0.7911778 0.006755173 -0.6077246 0.7941193 -0.01740235 -0.3043826 0.9523909 0.02682822 -0.1420109 0.9895015 -0.004592239 -0.0522387 0.9986241 -0.03999179 -0.06171822 0.9972922 0.03999143 -0.1032725 0.9938488 -0.0356155 -0.507448 0.8609461 0.02175641 -0.5383098 0.8424662 -0.01870143 -0.77988 0.6256498 0.01870161 -0.797954 0.6024281 -0.01870149 -0.9407724 0.3385228 0.01870179 -0.9503266 0.310692 -0.02175611 -0.9997121 -0.0101304 0.03561556 -0.9983029 -0.04607409 -0.03561532 -0.8999102 -0.4346185 0.02175629 -0.8840418 -0.4669013 -0.01870167 -0.6879146 -0.7255507 0.01870244 -0.6662653 -0.7454803 -0.01870203 -0.4150556 -0.9096038 0.05850183 -0.3584329 -0.9317207 -0.08853197 -0.07219254 -0.9934538 0.6577652 -0.1741972 -0.7328031 0.7099676 -0.1981803 -0.675774 0.6907188 -0.4306097 -0.5809327 0.7131239 -0.430562 -0.5532366 0.6865534 -0.6161068 -0.3860789 0.716475 -0.6026969 -0.3513121 0.6832861 -0.7171686 -0.1370741 0.7104015 -0.6949263 -0.1113874 0.6949502 -0.7089622 0.1200708 0.697148 -0.7065787 0.1213722 0.6962935 -0.6189478 0.3634268 0.7022902 -0.6117511 0.3640729 0.6939482 -0.4455393 0.5656242 0.7080547 -0.4289978 0.5609094 0.6887403 -0.1912674 0.6993238 0.7553859 -0.03701019 0.6542343 0.6274762 -0.2371317 0.7416484 0 0.5000001 0.8660253 0.7031383 -0.1057969 0.7031384 0.6856241 -0.09177619 0.7221474 0.7418401 -0.3126694 0.593221 0.6667091 -0.4135047 0.620091 0.717433 -0.5602554 0.4140095 0.7038933 -0.5619757 0.4344164 0.09377086 0.5376985 -0.8379067 0.7046054 0.6522248 -0.2795248 0.7402683 0.6356588 -0.2189541 0.6423423 0.763841 -0.06279802 0.748373 0.6364623 0.186691 0.708548 0.684077 0.173201 0.03497141 -0.9982888 -0.04686802 0.06749188 0.4988597 -0.864051 0.7179545 -0.5253893 -0.4566262 0.6819687 -0.5325079 -0.5013523 0.6687477 -0.3106786 -0.6754668 0.7624002 -0.1760491 -0.622698 0.6909641 -0.08145236 -0.7182856 0.6853881 0.1123377 0.7194606 0.7101678 0.1289539 0.6921219 0.641578 0.7135797 0.2813926 0.708619 0.5608692 -0.4281178 0.6517711 0.6334702 -0.417025 0.7068113 0.6773107 0.2041281 0.947447 0.06033289 0.3141723 0.9916758 -0.1252548 0.02983886 0.9851365 0.1496064 0.08440494 0.9796204 0.1916639 0.06007361 0.9790762 -0.1553184 0.1314765 1 -4.13555e-7 0 1 2.2531e-7 0 1 -1.27694e-7 0 1 2.19083e-7 0 1 -4.14962e-7 0 1 3.80224e-7 0 1 -4.39287e-7 0 1 2.12959e-7 0 1 2.10323e-7 0 1 0 0 1 -2.33307e-7 0 1 2.08262e-7 0 0.01026713 0.06790113 -0.9976393 0.01546001 0.07246822 -0.997251 -0.01545965 0.4109049 -0.9115473 0.02531301 0.4433465 -0.8959929 -0.02842617 0.7758395 -0.6302897 0.02842593 0.8014604 -0.5973719 -0.02531391 0.9774106 -0.2098276 0.01546007 0.9845252 -0.1745599 -0.01328915 0.9885893 0.1500487 0.01328921 0.9837456 0.1790756 -0.01545995 0.8745017 0.4847763 0.02531385 0.8563212 0.5158229 -0.02531337 0.5847756 0.8108002 0.01545959 0.5553367 0.8314819 -0.01328939 0.259701 0.9655976 0.04160213 0.200358 0.9788391 -1 -3.56136e-7 0 -1 1.75715e-6 0 -1 -5.17726e-7 0 -1 1.5575e-7 0 -1 1.36332e-7 0 -1 -2.7436e-7 0 -1 -4.06739e-7 0 -1 9.37587e-7 0 -1 -6.05001e-7 0 -1 -2.99271e-7 0 -1 0 0 -1 0 0 -1 2.7436e-7 0 -1 -8.79556e-7 0 -1 -8.46254e-7 0 -1 1.62764e-6 0 -0.9603648 -0.1190463 0.2520467 -0.9630621 -0.01471608 0.2688774 -0.9522031 -0.2429126 0.1852102 -0.9570385 -0.2892901 0.01971149 -0.9668515 -0.2512497 0.04551547 -0.989241 -0.1411437 0.03848367 -0.9972836 0.05303704 0.0511139 -0.9879689 -0.1020099 0.1162391 -0.9912606 0.03949224 0.1258686 -0.9549922 0.2613794 0.1402525 -0.9702022 -0.1435654 0.1951838 -0.9794473 0.07309389 0.1879904 -0.9727461 0.1124717 0.2027689 -0.6248752 0.2370612 -0.7438637 -0.7545861 0.2931787 -0.5870658 -0.6315717 0.603554 -0.4866619 -0.6760917 0.5858498 -0.4468559 -0.7512784 0.657968 -0.05156654 -0.6453427 0.7638884 0.002740979 -0.715885 0.600609 0.3560584 -0.6805265 0.6388232 0.3588713 -0.7526299 0.3213606 0.5746961 -0.5261333 0.2762423 0.8042849 -0.7866715 0.02921205 0.6166805 -0.9999998 -1.20385e-4 -6.92196e-4 -0.9999991 -9.55677e-4 -9.76289e-4 -0.9999988 -0.001473844 -6.59551e-4 -0.9999994 -0.001007497 5.79778e-4 -1 -7.25847e-5 -5.20721e-6 -0.9999999 -9.78404e-5 -6.52483e-4 -0.9999994 -0.001102805 3.53835e-4 -0.9999998 2.81952e-4 -6.30008e-4 -1 -2.29354e-4 -3.6153e-4 -1 1.07205e-5 -1.51488e-4 -1 2.21508e-4 -3.00126e-4 -0.9999998 -1.90997e-4 -5.96115e-4 -0.999999 -0.001068294 0.001044988 -0.9999995 -4.79858e-4 9.94767e-4 -0.9999994 -4.74033e-4 0.001059412 -0.999999 -5.76275e-5 0.001491308 -0.9999995 3.64962e-4 0.001000523 -0.9999993 5.02497e-4 0.001108348 -0.9999992 9.7769e-4 9.46987e-4 -0.9999997 8.92931e-4 -6.28682e-5 -1 2.42415e-4 1.08792e-4 -0.9999998 1.62527e-4 6.64534e-4 -0.999999 0.001441895 5.55836e-5 -0.9999985 0.001601696 -7.25725e-4 -0.9999995 5.39427e-4 -9.56611e-4 -0.9999998 4.62953e-4 -4.7805e-4 0.03005164 0.0716235 0.996979 -0.03969043 0.3053444 0.9514145 0.02765852 0.4083191 0.9124202 -0.010477 0.7146124 0.6994422 0.0104773 0.6994428 0.7146118 -0.0276584 0.9124199 0.4083198 0.03969079 0.9514144 0.3053447 -0.03005146 0.9969789 0.07162356 0.03005141 0.996979 -0.0716235 -0.03969079 0.9514144 -0.3053446 0.04367285 0.9008617 -0.4319037 -0.04367297 0.7139697 -0.6988133 0.03969091 0.6123327 -0.7896032 -0.03005111 0.4082909 -0.9123572 0.03005164 0.273683 -0.9613504 -0.03969085 0.03847306 -0.9984711 0 0.8098552 -0.5866299 0 0.10311 0.99467 0.03241503 0.08101993 0.9961853 -0.0539118 0.3051407 0.95078 0.03754687 0.4066796 0.912799 -0.01486206 0.718212 0.6956657 0.02146714 0.6993199 0.7144865 -0.03982865 0.8960416 0.44218 -0.05436611 0.9114192 0.4078718 0.09994149 0.950145 0.2953581 -0.07558083 0.9945764 0.07145136 0.07399243 0.9939056 -0.08171254 -0.1006529 0.9473293 -0.3040333 0.03322893 0.9191929 -0.3924032 0.05411314 0.8297852 -0.5554531 -0.05675965 0.7134995 -0.698353 0.04120248 0.5870825 -0.8084779 -0.0405544 0.4081394 -0.9120184 0.05825871 0.242972 -0.9682824 -0.06952959 0.05245769 -0.9961997 -0.08667874 0.0383585 -0.9954976 1 0 0 1 0 0 0.9999998 3.54806e-4 -5.54846e-4 1 -4.39105e-4 0 1 0 0 0.9999999 -4.46294e-4 -4.32294e-4 1 0 0 1 0 0 0.9999998 -6.7982e-4 1.87937e-4 0.9999979 -8.35796e-4 0.001937091 1 3.27516e-5 -1.30444e-4 1 4.68528e-5 -2.76384e-5 1 0 0 0.9999998 -6.53843e-4 4.6431e-5 0.9999992 -9.41741e-4 8.4396e-4 0.9999986 -0.001389801 0.001065254 1 0 0 1 0 0 0.9999997 -2.08915e-4 8.32507e-4 0.9999997 -6.74002e-4 -6.08245e-4 0.9999983 8.7596e-4 0.001630306 0.9999994 -6.80358e-4 8.9169e-4 0.9999983 9.42558e-4 0.001592457 0.9999992 7.41463e-4 -0.001113116 0.9999994 2.49161e-4 -0.001173555 0.9999995 -1.07374e-5 -0.001083493 0.9999991 0.001342952 -2.56734e-4 0.9999991 0.001386225 -2.90286e-4 0.9999991 0.001369714 -2.9544e-4 0.03706037 -0.9205685 -0.3888193 0.06354987 -0.1138041 -0.9914687 0 -0.9166765 0.39963 -0.03167897 -0.4176558 -0.9080531 -0.02048963 -0.4127851 -0.910598 0.01945358 -0.725388 -0.6880653 0.04176473 -0.7173895 -0.6954194 -0.08992791 -0.9403668 -0.32806 4.38299e-4 -0.9127694 -0.4084752 -0.04016417 -0.9984523 -0.03847223 0.04685944 -0.9981185 0.03954631 -0.01777964 -0.9209175 0.3893521 -0.05956965 -0.9091717 0.4121388 0.04939138 -0.8023662 0.5947849 -0.07558065 -0.6940357 0.7159624 0.101507 -0.5514009 0.8280419 -0.0964592 -0.4065706 0.9085131 0.05161595 -0.1505306 0.987257 -0.04616564 -0.07157927 0.996366 0.02765816 -0.07162845 -0.9970479 -0.01047658 -0.4322923 -0.9016727 0.01047664 -0.4128489 -0.9107394 -0.02765822 -0.7177413 -0.6957604 0.03969061 -0.7896034 -0.6123326 -0.03005141 -0.9123568 -0.4082916 0.03005152 -0.9613505 -0.2736826 -0.03969061 -0.9984712 -0.03847312 0.02765846 -0.9970479 0.07162886 -0.007792115 -0.9127418 0.4084625 -0.01170754 -0.9107268 0.4128435 0.01170766 -0.6994329 0.7146024 0.007791876 -0.6960055 0.7179942 -0.02765816 -0.4083189 0.9124203 0.03969085 -0.3053443 0.9514145 -0.03005129 -0.07162326 0.9969789 -0.5761029 -0.3639978 0.7318546 -0.5749449 -0.3639921 0.7327675 -0.7912623 -0.4861844 0.3708488 -0.5782783 -0.7546326 0.3100389 -0.7762155 -0.6285299 0.04939395 -0.598572 -0.7933071 -0.1112452 -0.8019424 -0.5202777 -0.2935978 -0.52735 -0.5774414 -0.6232683 -0.7848163 -0.2826946 -0.5514956 -0.7373701 -0.01267212 -0.67537 -0.6364375 -0.1166065 -0.7624632 -0.9529303 -0.1424371 -0.2676482 -0.9603648 0.1190463 -0.2520465 -0.9625086 -0.001673221 -0.2712461 -0.9594351 -0.01036906 -0.2817393 -0.9522033 0.2429117 -0.1852101 -0.9659612 0.2581062 -0.01732879 -0.9702021 0.1435664 -0.1951835 -0.9611283 -0.2434498 -0.1302489 -0.9745324 -0.1751758 -0.1399998 -0.9900588 -0.1082023 -0.08986616 -0.9892517 -0.01072096 -0.1458296 -0.9885112 0.1003246 -0.1130518 -0.9937083 -0.1055164 -0.03755354 -0.9910004 0.1272832 -0.04143989 -0.9674388 0.2521698 -0.02173548 -0.05432069 -0.06780505 0.9962188 0.0737732 -0.2649347 0.9614402 -0.03659802 -0.3879156 0.920968 0.01026695 -0.6663464 0.7455717 0.01546013 -0.6697119 0.7424601 -0.01545995 -0.8841455 0.4669559 0.02531373 -0.9001929 0.4347551 -0.02531355 -0.9986166 0.04608863 0.05051434 -0.998506 -0.02083802 -0.05432164 -0.9490896 -0.3102873 0.05415409 -0.8829537 -0.4663263 -0.03970754 -0.7974641 -0.6020584 0.03970736 -0.6658558 -0.7450231 -0.0397073 -0.5587675 -0.8283733 0.05241835 -0.3585542 -0.9320361 -0.0365985 -0.2595506 -0.9650359 0.9856334 -0.1578302 -0.06013625 0.9675392 -0.0479604 -0.2481287 0.9647669 0.2096557 -0.1589631 0.6467021 -0.03968626 -0.7617095 0.7425952 -0.1225811 -0.6584271 0.6289385 -0.6191027 -0.4702642 0.6479426 -0.51674 0.5595982 0.749374 -0.5256866 0.4026069 0.648053 -0.7610507 0.02879613 0.7609895 -0.6197745 -0.1917672 0 1 -3.35874e-7 0 1 5.49015e-7 -0.2503422 0.006340146 -0.9681367 -0.9713702 0.0074234 0.237455 -0.9689869 0.003131985 0.2470926 -0.9999806 -0.006221354 -5.72737e-4 -0.9982741 0.005953192 -0.05842393 0 -1 -5.25587e-7 0 -1 -2.50338e-7 0 -1 3.07007e-7 0.9943597 0.00188589 -0.1060439 0.995356 6.48292e-4 -0.09626144 0.9648286 1.83617e-4 -0.2628799 0.9674326 0.00328952 -0.2531076 0.9989132 -0.004376769 -0.04640251 0.9985139 -0.005993545 -0.0541675 -0.5222443 -0.01065868 0.8527293 0.2503327 0.002800285 0.9681559 -1 -1.76062e-6 0 -1 1.53721e-6 0 -1 6.60232e-7 0 -1 0 0 1 0 0 1 3.15429e-6 0 -0.03161829 -0.9994978 0.002140164 0.03161913 -0.9994978 -0.002140164 0.1043453 -0.6388622 0.762212 -0.104345 -0.7622148 0.638859 -0.03145909 0.001342058 0.9995042 0.03146654 -0.001342058 0.9995039 0.1043484 0.7622153 0.6388579 -0.1043381 0.6388602 0.7622147 -0.03161901 0.9994977 -0.002139985 0.03161829 0.9994978 0.002140164 0.1043414 0.6388607 -0.7622138 -0.1043446 0.7622155 -0.6388583 -0.03145563 -0.001341998 -0.9995043 0.03145283 0.001341998 -0.9995043 0.1043411 -0.7622146 -0.6388599 -0.1043413 -0.6388612 -0.7622134 0 -0.2588196 0.9659257 0 -0.2588191 0.9659258 0 -0.7071063 0.7071073 0 -0.7071049 0.7071087 0 -0.9659261 0.2588178 0 -0.9659253 0.2588208 0 -0.9659252 -0.2588216 0 -0.9659261 -0.2588178 0 -0.7071054 -0.7071082 0 -0.7071077 -0.7071059 0 -0.2588187 -0.9659259 0 -0.2588201 -0.9659256 0 -0.2588187 0.9659259 0 -0.7071068 0.7071068 0 -0.7071054 0.7071082 0 -0.9659252 0.2588213 0 -0.9659252 -0.2588213 0 -0.9659263 -0.2588176 0 -0.7071049 -0.7071087 0 -0.7071075 -0.7071061 0 -0.2588185 -0.9659261 0 -0.2588196 -0.9659257 0 -0.7071092 0.7071045 0 -0.7071086 -0.7071049 0 -0.7071056 -0.707108 0 -0.7071045 0.7071091 0 -0.7071086 0.7071049 0 -0.7071092 -0.7071045 0 -0.7071059 -0.7071077 3.51038e-7 0 -1 1.74903e-6 0 -1 2.58701e-6 0 1 -1 5.68933e-5 0 -1 -1.33163e-6 0 -1 -4.36469e-7 0 -1 3.0846e-6 0 -1 -1.3229e-5 0 -1 -1.88082e-6 0 -1 -3.46918e-6 0 -1 -6.38242e-7 0 -1 -2.14967e-6 0 -1 1.57077e-6 0 -1 -2.33176e-6 0 -1 1.21853e-6 0 -1 -1.29749e-6 0 -1 -3.5397e-7 0 -1 1.33259e-6 0 -1 3.44646e-7 0 -1 -1.21853e-6 0 -1 1.20419e-6 0 -1 7.86768e-7 0 -1 -5.57009e-7 0 -1 -1.77241e-6 0 -1 0 0 -1 -1.45734e-7 0 -1 1.45734e-7 0 -1 0 0 -1 -1.17193e-6 0 -1 1.16588e-6 0 -1 8.09887e-6 0 -1 -1.44942e-6 0 -1 0 0 -1 1.3229e-5 0 -1 -3.29066e-6 0 -1 1.88082e-6 0 -1 3.96478e-6 0 -1 1.22849e-6 0 -1 -1.19612e-6 0 -1 1.24007e-6 0 -1 -5.64654e-6 0 1 -1.51932e-6 0 1 5.37209e-7 0 1 0 0 1 -8.12615e-7 0 1 -5.89337e-7 0 1 2.96153e-7 0 1 -5.6537e-7 0 1 1.75002e-7 0 1 0 0 1 -1.96375e-7 0 1 1.61305e-7 0 1 -4.37203e-7 0 1 4.61178e-7 0 1 0 0 1 -2.28673e-7 0 1 1.87414e-7 0 1 0 0 1 5.89337e-7 0 1 6.09462e-7 0 1 -5.8294e-7 0 1 -9.22356e-7 0 1 4.37203e-7 0 1 -1.85636e-7 0 1 0 0 1 -1.98604e-6 0 1 7.59661e-7 0 1 -3.0846e-6 0 1 2.40453e-6 0 1 -3.63127e-7 0 1 -1.44921e-7 0 1 0 0 1 -6.08449e-7 0 1 3.19656e-7 0 1 3.74997e-7 0 1 -5.25482e-7 0 1 6.44277e-6 0 1 7.05308e-7 0 1 5.97043e-7 0 1 -3.33818e-6 0 1 2.94001e-6 0 1 -6.44277e-6 0 1 7.88223e-7 0 1 -3.74997e-7 0 1 5.2442e-7 0 1 1.24701e-7 0 1 0 0 1 2.04539e-6 0 1 4.03817e-7 0 0 0.2588187 -0.9659259 0 0.2588201 -0.9659256 0 0.7071054 -0.7071082 0 0.7071077 -0.7071059 0 0.9659262 -0.2588181 0 0.9659252 -0.2588213 0 0.9659252 0.2588213 0 0.9659264 0.2588174 0 0.7071063 0.7071073 0 0.7071049 0.7071087 0 0.2588196 0.9659257 0 0.2588191 0.9659258 0 0.2588185 -0.9659261 0 0.2588196 -0.9659257 0 0.7071049 -0.7071087 0 0.7071075 -0.7071061 0 0.9659261 -0.2588178 0 0.9659253 -0.2588211 0 0.9659261 0.2588178 0 0.7071068 0.7071068 0 0.7071054 0.7071082 0 0.2588187 0.9659259 0 0.2588194 -0.9659258 0 0.2588177 -0.9659262 0 0.7071068 -0.7071068 0 0.7071094 -0.7071043 0 0.7071086 0.7071049 0 0.7071073 0.7071064 0 0.2588177 0.9659262 0 0.2588182 -0.9659261 0 0.7071073 -0.7071064 0 0.7071096 -0.707104 0 0.7071082 0.7071054 0 0.2588201 0.9659256</float_array>
          <technique_common>
            <accessor source="#Ov5647-mesh-normals-array" count="2434" stride="3">
              <param name="X" type="float"/>
              <param name="Y" type="float"/>
              <param name="Z" type="float"/>
            </accessor>
          </technique_common>
        </source>
        <vertices id="Ov5647-mesh-vertices">
          <input semantic="POSITION" source="#Ov5647-mesh-positions"/>
        </vertices>
        <triangles material="Green-material" count="2577">
          <input semantic="VERTEX" source="#Ov5647-mesh-vertices" offset="0"/>
          <input semantic="NORMAL" source="#Ov5647-mesh-normals" offset="1"/>
          <p>0 0 1 0 2 0 2 0 1 0 3 0 1 1 4 1 3 1 3 2 4 2 5 2 1 3 0 3 4 3 4 4 0 4 6 4 2 5 694 5 0 5 0 6 694 6 6 6 2 7 3 7 694 7 694 7 3 7 5 7 7 0 8 0 9 0 9 0 8 0 10 0 12 6 11 6 10 6 8 8 12 8 10 8 8 7 7 7 12 7 12 7 7 7 13 7 14 2 13 2 7 2 9 2 14 2 7 2 9 9 10 9 14 9 14 9 10 9 11 9 15 0 16 0 17 0 17 0 16 0 18 0 18 2 16 2 19 2 19 2 16 2 20 2 16 9 15 9 20 9 20 9 15 9 21 9 15 6 17 6 21 6 21 6 17 6 22 6 17 7 18 7 22 7 22 7 18 7 19 7 23 0 24 0 25 0 25 0 24 0 26 0 26 2 24 2 27 2 27 2 24 2 28 2 24 9 23 9 28 9 28 9 23 9 29 9 23 6 25 6 29 6 29 6 25 6 30 6 25 7 26 7 30 7 30 7 26 7 27 7 31 0 32 0 33 0 33 0 32 0 34 0 35 2 34 2 32 2 35 10 32 10 36 10 32 3 31 3 36 3 36 11 31 11 37 11 33 6 38 6 31 6 31 6 38 6 37 6 33 7 34 7 38 7 38 7 34 7 35 7 39 0 40 0 41 0 41 0 40 0 42 0 44 12 43 12 42 12 40 2 44 2 42 2 40 9 39 9 44 9 44 9 39 9 45 9 46 13 45 13 41 13 41 6 45 6 39 6 41 14 42 14 46 14 46 15 42 15 43 15 47 0 48 0 49 0 49 0 48 0 50 0 51 2 50 2 48 2 50 2 51 2 52 2 48 9 47 9 51 9 51 9 47 9 53 9 49 6 54 6 47 6 47 6 54 6 53 6 49 7 50 7 54 7 54 7 50 7 52 7 56 16 57 16 58 16 58 17 57 17 59 17 59 18 57 18 60 18 57 19 61 19 60 19 60 20 61 20 62 20 63 21 62 21 64 21 64 22 62 22 61 22 64 23 61 23 846 23 667 24 845 24 66 24 67 25 66 25 68 25 845 26 69 26 66 26 69 27 70 27 66 27 66 28 70 28 68 28 68 29 70 29 71 29 743 30 71 30 72 30 72 31 71 31 70 31 72 32 70 32 65 32 65 33 70 33 69 33 74 34 844 34 75 34 75 35 844 35 76 35 844 36 77 36 76 36 77 37 78 37 76 37 76 38 78 38 79 38 744 39 79 39 80 39 80 40 79 40 78 40 80 41 78 41 73 41 73 42 78 42 77 42 670 43 82 43 83 43 83 44 82 44 84 44 84 45 82 45 85 45 82 19 86 19 85 19 85 46 86 46 87 46 745 47 87 47 88 47 88 48 87 48 86 48 88 49 86 49 81 49 81 50 86 50 843 50 91 51 90 51 92 51 842 52 93 52 90 52 93 53 94 53 90 53 90 54 94 54 92 54 92 55 94 55 95 55 746 56 95 56 96 56 96 57 95 57 94 57 96 58 94 58 93 58 672 43 98 43 99 43 99 59 98 59 100 59 100 60 98 60 101 60 98 19 102 19 101 19 101 61 102 61 103 61 748 62 103 62 104 62 104 63 103 63 102 63 104 64 102 64 97 64 97 65 102 65 841 65 673 66 106 66 107 66 107 67 106 67 108 67 106 68 109 68 108 68 108 69 109 69 110 69 749 70 110 70 111 70 111 71 110 71 109 71 111 72 109 72 840 72 674 73 839 73 113 73 113 74 839 74 114 74 113 75 114 75 115 75 115 76 114 76 116 76 839 77 117 77 114 77 116 78 114 78 118 78 750 79 118 79 119 79 119 80 118 80 114 80 119 81 114 81 112 81 112 82 114 82 117 82 121 83 838 83 123 83 121 84 123 84 122 84 122 85 123 85 124 85 838 86 125 86 123 86 124 87 123 87 126 87 127 88 126 88 128 88 128 89 126 89 123 89 128 90 123 90 120 90 120 91 123 91 125 91 675 92 130 92 131 92 132 93 131 93 135 93 131 94 130 94 133 94 131 95 133 95 135 95 134 96 133 96 130 96 135 97 133 97 837 97 751 98 837 98 136 98 136 99 837 99 133 99 136 100 133 100 134 100 138 101 139 101 140 101 140 102 139 102 141 102 140 103 141 103 142 103 142 104 141 104 144 104 753 105 144 105 145 105 145 106 144 106 141 106 145 107 141 107 137 107 137 108 141 108 143 108 679 109 836 109 147 109 147 110 836 110 148 110 147 111 148 111 149 111 836 112 150 112 148 112 149 113 148 113 151 113 754 114 151 114 152 114 152 115 151 115 148 115 152 116 148 116 146 116 146 117 148 117 150 117 154 118 835 118 155 118 155 119 835 119 156 119 155 120 156 120 157 120 157 121 156 121 158 121 835 122 159 122 156 122 158 78 156 78 160 78 755 123 160 123 161 123 161 124 160 124 156 124 161 125 156 125 159 125 163 126 164 126 165 126 165 127 164 127 166 127 165 128 166 128 168 128 167 129 166 129 164 129 168 130 166 130 834 130 756 131 834 131 169 131 169 132 834 132 166 132 169 133 166 133 162 133 162 134 166 134 167 134 681 135 171 135 172 135 172 136 171 136 173 136 171 137 174 137 173 137 171 138 175 138 174 138 721 139 174 139 176 139 176 140 174 140 175 140 176 141 175 141 170 141 170 142 175 142 833 142 178 143 179 143 180 143 180 144 179 144 181 144 180 145 181 145 183 145 182 146 181 146 179 146 183 147 181 147 831 147 724 148 831 148 184 148 184 149 831 149 181 149 184 150 181 150 182 150 186 151 830 151 187 151 187 152 830 152 188 152 187 153 188 153 189 153 189 154 188 154 190 154 830 155 191 155 188 155 190 156 188 156 192 156 725 157 192 157 193 157 193 158 192 158 188 158 193 159 188 159 191 159 195 160 196 160 198 160 195 161 198 161 197 161 197 162 198 162 199 162 727 163 199 163 200 163 200 164 199 164 198 164 200 165 198 165 194 165 659 166 202 166 203 166 203 167 202 167 204 167 202 137 205 137 204 137 202 168 206 168 205 168 728 169 205 169 207 169 207 170 205 170 206 170 207 171 206 171 828 171 209 172 210 172 211 172 211 173 210 173 212 173 212 174 210 174 213 174 729 175 213 175 214 175 214 176 213 176 210 176 214 177 210 177 208 177 208 178 210 178 826 178 660 179 824 179 216 179 216 180 824 180 217 180 216 181 217 181 218 181 218 182 217 182 219 182 824 183 220 183 217 183 219 184 217 184 221 184 730 185 221 185 222 185 222 186 221 186 217 186 222 187 217 187 220 187 224 188 822 188 225 188 224 189 225 189 226 189 226 190 225 190 227 190 225 191 823 191 229 191 225 192 229 192 227 192 227 193 229 193 228 193 732 194 228 194 230 194 230 195 228 195 229 195 230 196 229 196 223 196 223 197 229 197 823 197 661 198 232 198 233 198 233 199 232 199 234 199 234 200 232 200 235 200 232 201 236 201 235 201 235 202 236 202 237 202 733 203 237 203 238 203 238 204 237 204 236 204 238 205 236 205 231 205 231 206 236 206 821 206 662 207 820 207 240 207 240 208 820 208 241 208 240 209 241 209 242 209 242 210 241 210 243 210 820 211 244 211 241 211 243 78 241 78 245 78 246 212 245 212 247 212 247 213 245 213 241 213 247 214 241 214 244 214 663 215 819 215 249 215 249 216 819 216 250 216 249 217 250 217 251 217 251 218 250 218 252 218 819 219 253 219 250 219 252 220 250 220 254 220 734 221 254 221 255 221 255 222 254 222 250 222 255 223 250 223 248 223 248 224 250 224 253 224 664 225 818 225 257 225 257 110 818 110 258 110 257 226 258 226 259 226 259 227 258 227 260 227 818 228 261 228 258 228 260 78 258 78 262 78 735 229 262 229 263 229 263 230 262 230 258 230 263 231 258 231 256 231 256 232 258 232 261 232 266 233 267 233 268 233 268 234 267 234 269 234 267 235 270 235 269 235 269 236 270 236 271 236 736 237 271 237 264 237 264 238 271 238 270 238 264 239 270 239 817 239 273 240 274 240 275 240 275 241 274 241 276 241 274 242 277 242 276 242 276 243 277 243 278 243 738 244 278 244 279 244 279 245 278 245 277 245 279 64 277 64 272 64 272 246 277 246 816 246 666 247 815 247 282 247 282 248 815 248 283 248 282 249 283 249 284 249 284 250 283 250 285 250 815 251 286 251 283 251 285 252 283 252 287 252 739 253 287 253 281 253 281 254 287 254 283 254 281 255 283 255 286 255 289 256 814 256 290 256 290 257 814 257 291 257 290 258 291 258 292 258 292 259 291 259 293 259 814 260 294 260 291 260 293 261 291 261 295 261 741 262 295 262 296 262 296 263 295 263 291 263 296 264 291 264 288 264 288 265 291 265 294 265 298 118 813 118 299 118 299 266 813 266 300 266 299 267 300 267 301 267 301 268 300 268 302 268 813 269 303 269 300 269 302 270 300 270 304 270 742 271 304 271 305 271 305 272 304 272 300 272 305 273 300 273 297 273 297 224 300 224 303 224 308 274 309 274 310 274 310 275 309 275 311 275 311 276 309 276 312 276 309 277 313 277 312 277 812 278 314 278 306 278 812 279 306 279 811 279 811 280 306 280 307 280 811 281 307 281 313 281 317 282 318 282 319 282 319 283 318 283 320 283 320 284 318 284 321 284 318 285 322 285 321 285 810 286 323 286 315 286 810 287 315 287 809 287 809 288 315 288 316 288 809 289 316 289 322 289 636 290 326 290 327 290 327 291 326 291 328 291 328 292 326 292 329 292 326 293 330 293 329 293 808 294 331 294 324 294 808 295 324 295 807 295 807 296 324 296 330 296 334 297 335 297 336 297 336 298 335 298 337 298 336 299 337 299 338 299 335 300 339 300 337 300 806 301 340 301 332 301 806 302 332 302 805 302 805 303 332 303 333 303 805 304 333 304 339 304 343 305 344 305 345 305 345 306 344 306 346 306 346 307 344 307 347 307 344 308 348 308 347 308 804 309 349 309 341 309 804 310 341 310 803 310 803 311 341 311 342 311 803 312 342 312 348 312 632 313 352 313 353 313 353 291 352 291 354 291 354 314 352 314 355 314 352 315 356 315 355 315 802 316 357 316 351 316 802 317 351 317 801 317 801 318 351 318 350 318 801 319 350 319 356 319 630 320 360 320 361 320 361 306 360 306 362 306 362 321 360 321 363 321 360 322 364 322 363 322 800 323 365 323 359 323 800 324 359 324 799 324 799 325 359 325 358 325 799 326 358 326 364 326 628 327 368 327 369 327 369 328 368 328 370 328 370 329 368 329 371 329 368 330 372 330 371 330 798 331 373 331 367 331 798 332 367 332 797 332 797 333 367 333 366 333 797 334 366 334 372 334 626 335 376 335 377 335 377 336 376 336 378 336 378 337 376 337 379 337 376 338 380 338 379 338 796 339 381 339 375 339 796 340 375 340 795 340 795 341 375 341 374 341 795 342 374 342 380 342 624 343 794 343 384 343 385 344 384 344 386 344 794 345 387 345 384 345 384 346 387 346 388 346 384 347 388 347 386 347 386 348 388 348 389 348 389 349 390 349 383 349 389 350 383 350 387 350 387 351 383 351 382 351 393 352 394 352 395 352 395 353 394 353 396 353 396 354 394 354 398 354 396 355 398 355 397 355 394 356 399 356 398 356 400 357 401 357 392 357 400 358 392 358 399 358 399 359 392 359 391 359 404 360 405 360 406 360 404 361 406 361 407 361 405 362 408 362 406 362 793 363 409 363 403 363 793 364 403 364 792 364 792 365 403 365 402 365 792 366 402 366 408 366 618 367 412 367 413 367 413 336 412 336 414 336 414 368 412 368 415 368 412 369 416 369 415 369 791 370 417 370 411 370 791 371 411 371 790 371 790 372 411 372 410 372 790 342 410 342 416 342 420 373 421 373 422 373 422 374 421 374 423 374 421 375 424 375 423 375 789 376 425 376 419 376 789 377 419 377 418 377 789 378 418 378 424 378 428 379 692 379 429 379 428 380 429 380 430 380 692 381 787 381 429 381 787 382 431 382 429 382 430 383 429 383 432 383 432 384 433 384 427 384 432 385 427 385 431 385 431 386 427 386 426 386 683 387 436 387 437 387 437 388 436 388 438 388 438 389 436 389 439 389 436 390 440 390 439 390 786 391 441 391 435 391 786 392 435 392 785 392 785 393 435 393 434 393 785 394 434 394 440 394 444 395 445 395 446 395 446 396 445 396 447 396 445 397 448 397 447 397 784 398 449 398 443 398 784 399 443 399 783 399 783 400 443 400 442 400 783 401 442 401 448 401 686 402 452 402 453 402 453 403 452 403 454 403 454 404 452 404 455 404 452 405 456 405 455 405 782 406 457 406 451 406 782 407 451 407 781 407 781 408 451 408 450 408 781 409 450 409 456 409 460 410 688 410 461 410 460 411 461 411 462 411 688 412 779 412 461 412 779 413 780 413 463 413 779 414 463 414 461 414 461 415 463 415 462 415 462 416 463 416 464 416 464 417 465 417 780 417 780 418 465 418 459 418 780 419 459 419 458 419 780 420 458 420 463 420 468 421 690 421 469 421 468 380 469 380 470 380 690 422 778 422 469 422 778 423 471 423 469 423 470 424 469 424 472 424 472 425 473 425 467 425 472 385 467 385 471 385 471 426 467 426 466 426 476 427 477 427 478 427 478 428 477 428 479 428 479 429 477 429 480 429 477 430 481 430 480 430 777 431 482 431 475 431 777 432 475 432 776 432 776 433 475 433 474 433 776 434 474 434 481 434 485 435 486 435 487 435 487 336 486 336 488 336 488 436 486 436 489 436 486 437 490 437 489 437 775 438 491 438 484 438 775 439 484 439 774 439 774 440 484 440 483 440 774 441 483 441 490 441 651 435 494 435 495 435 495 442 494 442 496 442 496 443 494 443 497 443 494 444 498 444 497 444 773 445 499 445 493 445 773 446 493 446 772 446 772 447 493 447 492 447 772 448 492 448 498 448 649 449 502 449 503 449 503 450 502 450 504 450 504 451 502 451 505 451 502 452 506 452 505 452 771 453 507 453 501 453 771 454 501 454 770 454 770 455 501 455 500 455 770 319 500 319 506 319 648 327 510 327 511 327 511 306 510 306 512 306 512 456 510 456 513 456 510 457 514 457 513 457 769 458 515 458 508 458 769 459 508 459 768 459 768 460 508 460 514 460 518 327 519 327 520 327 520 461 519 461 521 461 521 462 519 462 522 462 519 463 523 463 522 463 767 464 524 464 516 464 767 465 516 465 766 465 766 466 516 466 523 466 644 467 527 467 528 467 528 468 527 468 529 468 529 469 527 469 530 469 527 470 531 470 530 470 532 471 533 471 525 471 532 472 525 472 531 472 531 473 525 473 526 473 643 474 536 474 537 474 537 306 536 306 538 306 538 475 536 475 539 475 536 476 540 476 539 476 764 477 541 477 535 477 764 478 535 478 763 478 763 479 535 479 534 479 763 480 534 480 540 480 641 481 544 481 545 481 545 291 544 291 546 291 546 482 544 482 547 482 544 483 548 483 547 483 762 484 549 484 543 484 762 485 543 485 761 485 761 486 543 486 542 486 761 487 542 487 548 487 640 481 552 481 553 481 553 488 552 488 554 488 554 489 552 489 555 489 552 490 556 490 555 490 760 491 557 491 550 491 760 492 550 492 759 492 759 493 550 493 551 493 759 494 551 494 556 494 639 495 560 495 561 495 561 496 560 496 562 496 562 497 560 497 563 497 560 498 564 498 563 498 758 499 565 499 559 499 758 500 559 500 757 500 757 501 559 501 558 501 757 502 558 502 564 502 566 503 567 503 568 503 568 503 567 503 569 503 567 6 573 6 570 6 567 504 570 504 569 504 569 6 570 6 571 6 573 9 567 9 574 9 574 9 567 9 566 9 574 9 566 9 572 9 568 2 575 2 566 2 566 505 575 505 576 505 576 2 572 2 566 2 569 506 571 506 577 506 569 7 577 7 568 7 568 507 577 507 575 507 581 508 656 508 582 508 582 509 656 509 583 509 582 510 584 510 585 510 582 511 585 511 581 511 581 512 585 512 586 512 587 513 588 513 189 513 189 514 588 514 197 514 197 515 588 515 589 515 589 516 588 516 218 516 218 517 588 517 590 517 590 518 588 518 226 518 226 519 588 519 233 519 233 520 588 520 591 520 233 521 591 521 592 521 592 522 591 522 259 522 259 523 591 523 593 523 593 524 591 524 282 524 282 525 591 525 301 525 301 526 591 526 67 526 67 527 591 527 84 527 84 528 591 528 100 528 100 529 591 529 594 529 594 530 591 530 115 530 115 531 591 531 132 531 132 532 591 532 157 532 157 533 591 533 165 533 591 534 595 534 165 534 596 9 597 9 598 9 598 535 597 535 599 535 598 536 599 536 588 536 598 9 588 9 587 9 600 6 601 6 655 6 655 537 601 537 602 537 655 538 602 538 603 538 655 539 603 539 604 539 655 540 604 540 605 540 655 541 605 541 606 541 606 542 607 542 655 542 655 543 607 543 608 543 655 6 608 6 609 6 655 544 609 544 610 544 655 6 610 6 596 6 596 545 610 545 611 545 596 6 611 6 612 6 596 6 612 6 613 6 596 546 613 546 614 546 596 6 614 6 615 6 597 6 596 6 615 6 600 7 655 7 591 7 591 7 655 7 595 7 413 547 414 547 620 547 620 548 414 548 619 548 619 549 414 549 618 549 582 550 618 550 584 550 618 551 413 551 584 551 584 0 413 0 620 0 404 552 407 552 621 552 621 0 407 0 620 0 584 553 404 553 621 553 620 554 407 554 622 554 620 555 622 555 584 555 584 556 622 556 404 556 395 557 396 557 623 557 623 558 396 558 621 558 621 559 396 559 393 559 393 0 395 0 584 0 584 0 395 0 623 0 621 0 393 0 584 0 624 560 623 560 385 560 385 561 623 561 625 561 623 0 624 0 584 0 584 562 624 562 384 562 584 563 384 563 626 563 626 564 384 564 385 564 626 565 385 565 378 565 378 566 385 566 625 566 378 567 625 567 377 567 626 568 377 568 584 568 584 0 377 0 625 0 369 547 370 547 627 547 627 569 370 569 625 569 625 570 370 570 628 570 625 571 628 571 584 571 628 572 369 572 584 572 584 0 369 0 627 0 361 573 362 573 629 573 629 574 362 574 627 574 627 575 362 575 630 575 584 0 361 0 629 0 630 576 584 576 627 576 584 577 630 577 361 577 353 578 354 578 631 578 631 569 354 569 629 569 629 579 354 579 632 579 584 0 353 0 631 0 632 580 584 580 629 580 584 581 632 581 353 581 345 582 346 582 633 582 633 583 346 583 631 583 631 570 346 570 343 570 584 584 343 584 585 584 631 585 343 585 584 585 343 586 345 586 585 586 585 0 345 0 633 0 338 0 633 0 634 0 336 587 585 587 334 587 633 588 338 588 334 588 633 589 334 589 585 589 634 0 336 0 338 0 327 582 328 582 635 582 635 583 328 583 634 583 634 590 328 590 636 590 585 0 327 0 635 0 634 591 636 591 585 591 634 0 585 0 336 0 585 592 636 592 327 592 308 593 310 593 585 593 317 594 635 594 320 594 320 595 635 595 637 595 635 596 317 596 585 596 319 597 308 597 585 597 319 598 585 598 317 598 310 599 311 599 637 599 637 600 311 600 320 600 320 601 311 601 308 601 320 602 308 602 319 602 561 582 562 582 638 582 638 603 562 603 637 603 637 579 562 579 639 579 637 604 639 604 585 604 637 0 585 0 310 0 585 605 639 605 561 605 617 606 554 606 638 606 638 607 554 607 640 607 638 608 640 608 585 608 638 0 585 0 561 0 585 609 640 609 586 609 586 610 640 610 553 610 617 611 553 611 554 611 617 612 641 612 586 612 617 0 586 0 553 0 545 613 546 613 642 613 642 606 546 606 617 606 617 614 546 614 641 614 586 615 641 615 545 615 616 616 538 616 642 616 642 617 538 617 643 617 642 618 643 618 586 618 642 0 586 0 545 0 586 619 643 619 537 619 616 620 537 620 538 620 616 0 644 0 586 0 616 0 586 0 537 0 586 0 528 0 645 0 528 547 529 547 645 547 645 569 529 569 616 569 616 621 529 621 644 621 586 622 644 622 528 622 646 623 521 623 645 623 645 624 521 624 518 624 646 625 520 625 521 625 520 626 586 626 518 626 645 571 518 571 586 571 649 627 503 627 586 627 520 0 646 0 586 0 586 628 646 628 648 628 647 629 504 629 511 629 511 630 512 630 647 630 647 631 512 631 646 631 646 617 512 617 648 617 647 632 503 632 504 632 504 633 649 633 511 633 511 634 649 634 586 634 511 635 586 635 648 635 495 636 496 636 650 636 650 637 496 637 647 637 647 638 496 638 651 638 647 639 651 639 586 639 647 0 586 0 503 0 586 640 651 640 581 640 651 641 495 641 581 641 581 642 495 642 650 642 656 643 581 643 652 643 487 644 488 644 652 644 652 645 488 645 650 645 650 614 488 614 485 614 650 646 485 646 581 646 485 647 487 647 581 647 581 648 487 648 652 648 653 649 583 649 654 649 654 650 583 650 656 650 578 651 580 651 579 651 579 652 580 652 655 652 172 653 580 653 578 653 583 654 579 654 655 654 655 655 580 655 595 655 657 656 178 656 598 656 598 657 178 657 656 657 656 658 187 658 189 658 187 659 656 659 186 659 186 660 656 660 178 660 186 661 178 661 180 661 186 662 180 662 189 662 189 663 180 663 587 663 180 664 657 664 587 664 587 665 657 665 598 665 658 666 195 666 656 666 197 667 658 667 189 667 189 668 658 668 656 668 203 669 656 669 659 669 659 670 656 670 195 670 195 671 197 671 659 671 203 672 589 672 656 672 203 673 204 673 589 673 589 674 204 674 197 674 197 675 204 675 659 675 589 676 209 676 656 676 209 677 211 677 218 677 218 678 211 678 589 678 216 679 590 679 656 679 216 680 218 680 590 680 218 681 660 681 209 681 590 682 224 682 656 682 224 683 661 683 656 683 656 684 661 684 233 684 233 685 234 685 226 685 234 686 661 686 226 686 226 687 661 687 224 687 656 688 663 688 249 688 242 689 233 689 592 689 656 690 662 690 240 690 656 691 240 691 663 691 592 692 249 692 251 692 656 693 249 693 592 693 251 694 240 694 592 694 592 695 240 695 242 695 242 696 662 696 233 696 233 697 662 697 656 697 240 698 251 698 663 698 257 699 259 699 266 699 656 700 664 700 266 700 266 701 664 701 257 701 259 702 664 702 592 702 592 703 664 703 656 703 593 704 268 704 259 704 268 705 665 705 259 705 259 706 665 706 266 706 275 707 654 707 273 707 273 708 654 708 268 708 654 709 275 709 593 709 275 710 276 710 593 710 276 711 273 711 593 711 593 712 273 712 268 712 654 713 666 713 282 713 666 0 654 0 593 0 666 714 593 714 284 714 284 715 593 715 282 715 289 0 290 0 654 0 282 716 301 716 292 716 301 717 290 717 292 717 282 718 292 718 289 718 282 719 289 719 654 719 298 0 299 0 290 0 301 720 298 720 290 720 299 721 667 721 74 721 74 722 667 722 66 722 59 723 301 723 67 723 67 724 667 724 58 724 58 725 667 725 56 725 56 726 667 726 299 726 74 727 66 727 67 727 67 728 58 728 59 728 59 729 56 729 301 729 301 730 56 730 299 730 84 731 75 731 67 731 75 732 668 732 67 732 67 733 668 733 74 733 75 734 670 734 669 734 669 735 670 735 83 735 84 736 670 736 75 736 669 737 83 737 84 737 671 738 90 738 669 738 100 739 91 739 84 739 91 740 671 740 84 740 84 741 671 741 669 741 90 742 91 742 100 742 99 0 594 0 653 0 99 743 100 743 594 743 90 744 672 744 653 744 653 745 672 745 99 745 100 746 672 746 90 746 107 747 115 747 653 747 107 748 108 748 115 748 115 749 108 749 594 749 653 750 673 750 107 750 108 751 673 751 594 751 594 752 673 752 653 752 653 753 674 753 121 753 121 754 674 754 113 754 121 755 113 755 115 755 115 756 674 756 653 756 121 757 675 757 138 757 138 758 675 758 131 758 122 759 115 759 132 759 132 760 675 760 121 760 138 761 131 761 132 761 122 762 676 762 115 762 115 763 676 763 121 763 132 764 121 764 122 764 140 765 677 765 132 765 132 766 677 766 138 766 147 767 157 767 678 767 147 768 149 768 157 768 157 769 149 769 132 769 140 770 679 770 678 770 678 771 679 771 147 771 149 772 679 772 132 772 132 773 679 773 140 773 155 774 163 774 154 774 154 775 163 775 678 775 163 776 155 776 157 776 157 777 154 777 678 777 680 778 157 778 165 778 165 779 578 779 163 779 157 780 680 780 163 780 172 781 578 781 681 781 172 782 173 782 595 782 595 783 173 783 165 783 173 784 681 784 165 784 165 785 681 785 578 785 172 786 595 786 580 786 578 787 583 787 163 787 163 788 583 788 678 788 678 789 583 789 140 789 140 790 583 790 138 790 138 791 583 791 653 791 138 792 653 792 121 792 90 793 653 793 669 793 669 0 653 0 75 0 75 0 653 0 74 0 74 0 653 0 654 0 74 0 654 0 299 0 299 0 654 0 290 0 268 794 654 794 266 794 266 795 654 795 656 795 438 796 596 796 437 796 596 797 438 797 682 797 438 798 446 798 682 798 682 799 446 799 684 799 444 800 683 800 656 800 656 801 683 801 598 801 598 802 683 802 437 802 598 803 437 803 596 803 683 804 444 804 446 804 683 805 446 805 438 805 682 806 684 806 656 806 656 807 684 807 444 807 453 808 454 808 682 808 682 809 454 809 685 809 685 810 454 810 686 810 656 811 453 811 682 811 685 812 686 812 656 812 656 813 686 813 453 813 460 814 462 814 685 814 685 815 462 815 687 815 687 816 462 816 688 816 687 817 688 817 656 817 688 818 460 818 656 818 656 819 460 819 685 819 468 820 470 820 687 820 687 821 470 821 689 821 689 816 470 816 690 816 656 822 209 822 660 822 656 823 660 823 216 823 689 824 690 824 656 824 690 825 468 825 656 825 656 826 468 826 687 826 478 827 689 827 656 827 478 828 479 828 689 828 689 829 479 829 652 829 652 830 479 830 476 830 652 831 476 831 656 831 656 832 476 832 478 832 619 833 422 833 691 833 619 834 420 834 422 834 578 835 579 835 583 835 583 836 420 836 619 836 583 837 619 837 582 837 582 838 619 838 618 838 583 839 691 839 420 839 428 840 430 840 691 840 691 841 430 841 655 841 655 842 430 842 692 842 655 843 692 843 583 843 692 844 428 844 583 844 583 845 428 845 691 845 596 0 682 0 685 0 596 0 685 0 687 0 596 0 687 0 689 0 596 0 689 0 652 0 596 0 652 0 650 0 596 0 650 0 647 0 596 0 647 0 646 0 596 0 646 0 645 0 596 0 645 0 655 0 655 0 645 0 616 0 655 0 616 0 642 0 655 0 642 0 617 0 655 0 617 0 638 0 655 0 638 0 637 0 655 0 637 0 635 0 655 0 635 0 634 0 655 0 634 0 633 0 655 0 633 0 631 0 655 0 631 0 629 0 655 0 629 0 627 0 655 0 627 0 625 0 655 0 625 0 623 0 655 0 623 0 621 0 655 0 621 0 620 0 655 0 620 0 619 0 655 846 619 846 691 846 162 847 12 847 13 847 576 848 14 848 11 848 14 849 576 849 575 849 600 850 427 850 433 850 600 851 433 851 601 851 433 852 426 852 601 852 426 853 695 853 601 853 418 854 419 854 695 854 419 855 425 855 601 855 695 856 419 856 601 856 601 857 425 857 418 857 601 858 418 858 696 858 696 859 418 859 695 859 410 860 411 860 696 860 411 861 417 861 601 861 696 862 411 862 601 862 417 863 602 863 601 863 602 864 417 864 410 864 602 865 410 865 696 865 402 866 403 866 696 866 403 867 409 867 602 867 696 868 403 868 602 868 602 869 409 869 402 869 602 870 402 870 392 870 392 871 402 871 696 871 392 872 401 872 602 872 602 873 401 873 391 873 382 874 383 874 697 874 383 875 390 875 602 875 697 876 383 876 602 876 390 877 603 877 602 877 603 878 390 878 382 878 603 879 382 879 697 879 367 880 381 880 374 880 375 881 381 881 603 881 603 882 373 882 604 882 366 883 374 883 697 883 697 884 374 884 375 884 697 885 375 885 603 885 604 886 373 886 366 886 366 887 367 887 374 887 381 888 367 888 603 888 603 889 367 889 373 889 358 890 359 890 366 890 359 891 365 891 604 891 366 892 359 892 604 892 604 893 365 893 358 893 604 894 358 894 43 894 43 895 358 895 366 895 350 896 351 896 43 896 351 897 357 897 604 897 43 898 351 898 604 898 357 899 605 899 604 899 605 900 357 900 350 900 605 901 350 901 698 901 698 902 350 902 43 902 342 903 341 903 698 903 341 904 349 904 605 904 698 905 341 905 605 905 349 906 606 906 605 906 606 907 349 907 342 907 606 908 342 908 698 908 333 909 332 909 698 909 332 910 340 910 606 910 698 911 332 911 606 911 606 912 340 912 333 912 606 913 333 913 324 913 324 914 333 914 698 914 324 915 331 915 606 915 606 916 331 916 325 916 606 917 325 917 315 917 315 918 325 918 324 918 607 919 606 919 315 919 44 920 315 920 324 920 44 921 324 921 698 921 315 922 323 922 607 922 607 923 323 923 316 923 607 924 316 924 699 924 699 925 316 925 315 925 559 926 314 926 307 926 306 927 314 927 607 927 700 928 307 928 699 928 699 929 307 929 306 929 699 930 306 930 607 930 607 931 565 931 608 931 608 932 565 932 558 932 608 933 558 933 700 933 700 934 558 934 559 934 700 935 559 935 307 935 314 936 559 936 607 936 607 937 559 937 565 937 551 938 550 938 700 938 550 939 557 939 608 939 700 940 550 940 608 940 557 941 609 941 608 941 609 942 557 942 551 942 609 943 551 943 700 943 542 944 543 944 700 944 543 945 549 945 609 945 700 946 543 946 609 946 609 947 549 947 542 947 609 948 542 948 701 948 701 949 542 949 700 949 534 950 535 950 701 950 535 951 541 951 609 951 701 952 535 952 609 952 541 906 610 906 609 906 610 953 541 953 534 953 610 954 534 954 701 954 610 955 525 955 533 955 533 956 526 956 610 956 525 957 610 957 701 957 525 958 701 958 526 958 526 959 701 959 516 959 526 960 516 960 610 960 516 961 524 961 610 961 610 962 524 962 517 962 610 963 517 963 508 963 508 964 517 964 516 964 610 965 508 965 515 965 610 966 515 966 611 966 515 967 509 967 611 967 509 968 508 968 501 968 509 969 501 969 611 969 493 970 507 970 500 970 501 971 507 971 611 971 611 972 499 972 612 972 612 973 499 973 492 973 612 974 492 974 36 974 36 975 492 975 493 975 36 976 493 976 500 976 507 977 493 977 611 977 611 978 493 978 499 978 483 979 484 979 36 979 484 980 491 980 612 980 36 981 484 981 612 981 612 982 491 982 483 982 612 983 483 983 475 983 475 984 483 984 36 984 475 985 482 985 612 985 482 986 613 986 612 986 613 987 482 987 474 987 613 988 474 988 702 988 702 989 474 989 475 989 466 990 467 990 702 990 467 991 473 991 613 991 702 992 467 992 613 992 473 972 614 972 613 972 614 993 473 993 466 993 614 994 466 994 702 994 458 995 459 995 702 995 459 996 465 996 614 996 702 997 459 997 614 997 614 998 465 998 458 998 614 999 458 999 703 999 703 1000 458 1000 702 1000 450 1001 451 1001 703 1001 451 1002 457 1002 614 1002 703 1003 451 1003 614 1003 457 1004 615 1004 614 1004 615 1005 457 1005 450 1005 615 1006 450 1006 703 1006 442 1007 443 1007 703 1007 443 1008 449 1008 615 1008 703 1009 443 1009 615 1009 615 1010 449 1010 442 1010 615 1011 442 1011 435 1011 435 1012 442 1012 703 1012 435 1013 441 1013 615 1013 615 1014 441 1014 597 1014 597 1015 441 1015 434 1015 597 1016 434 1016 573 1016 28 0 574 0 27 0 27 0 574 0 599 0 27 1017 599 1017 30 1017 30 1018 599 1018 597 1018 30 1019 597 1019 29 1019 29 1020 597 1020 573 1020 29 0 573 0 28 0 28 1021 573 1021 574 1021 19 1022 588 1022 22 1022 22 1023 588 1023 599 1023 22 0 599 0 21 0 21 0 599 0 574 0 21 0 574 0 20 0 20 1024 574 1024 572 1024 20 1025 572 1025 19 1025 19 1026 572 1026 588 1026 588 1027 704 1027 705 1027 588 1028 705 1028 706 1028 588 1029 706 1029 707 1029 588 1030 707 1030 708 1030 588 1031 708 1031 591 1031 591 1032 710 1032 711 1032 591 1033 711 1033 712 1033 591 1034 712 1034 713 1034 591 1035 714 1035 715 1035 591 1036 715 1036 716 1036 591 1037 716 1037 717 1037 591 1038 717 1038 718 1038 591 1039 718 1039 719 1039 591 1040 719 1040 720 1040 426 1041 427 1041 695 1041 695 1042 427 1042 600 1042 695 1043 600 1043 571 1043 571 1044 600 1044 577 1044 577 1045 600 1045 591 1045 577 1046 591 1046 575 1046 602 1047 391 1047 697 1047 697 1048 391 1048 392 1048 697 1049 392 1049 51 1049 51 1050 392 1050 696 1050 51 1051 696 1051 695 1051 516 1052 35 1052 508 1052 508 1053 35 1053 501 1053 501 1054 35 1054 36 1054 501 1055 36 1055 500 1055 572 1056 4 1056 722 1056 4 1057 572 1057 576 1057 4 1058 576 1058 5 1058 5 1059 576 1059 694 1059 693 0 576 0 723 0 14 1060 575 1060 13 1060 13 1061 575 1061 162 1061 162 1062 575 1062 176 1062 184 1063 177 1063 572 1063 704 1064 724 1064 184 1064 588 1065 572 1065 177 1065 588 1066 177 1066 724 1066 588 1067 724 1067 704 1067 704 1068 184 1068 185 1068 185 1069 184 1069 572 1069 704 1070 725 1070 193 1070 704 1071 185 1071 725 1071 704 1072 193 1072 726 1072 726 1073 193 1073 185 1073 726 1074 185 1074 572 1074 200 1075 194 1075 726 1075 704 1076 727 1076 705 1076 705 1077 727 1077 200 1077 726 1078 194 1078 704 1078 704 1079 194 1079 727 1079 705 1080 200 1080 726 1080 207 1081 201 1081 726 1081 705 1082 728 1082 207 1082 726 1083 201 1083 705 1083 705 1084 201 1084 728 1084 705 1085 207 1085 722 1085 722 1086 207 1086 726 1086 722 1087 726 1087 572 1087 214 1088 208 1088 722 1088 705 1076 729 1076 706 1076 706 1089 729 1089 214 1089 722 1090 208 1090 705 1090 705 1091 208 1091 729 1091 706 1092 214 1092 722 1092 222 1093 215 1093 722 1093 706 1094 730 1094 222 1094 722 1095 215 1095 706 1095 706 1096 215 1096 730 1096 706 1097 222 1097 731 1097 731 1098 222 1098 722 1098 731 1099 722 1099 6 1099 6 0 722 0 4 0 230 1100 223 1100 731 1100 706 1101 732 1101 707 1101 707 1102 732 1102 230 1102 731 1103 223 1103 706 1103 706 1104 223 1104 732 1104 707 1105 230 1105 731 1105 247 1106 239 1106 731 1106 708 1107 246 1107 247 1107 707 1108 733 1108 708 1108 708 1109 733 1109 238 1109 708 1110 247 1110 694 1110 694 1111 247 1111 731 1111 238 1112 246 1112 708 1112 246 1113 238 1113 239 1113 239 1114 238 1114 731 1114 731 1115 238 1115 231 1115 731 1116 231 1116 707 1116 707 1117 231 1117 733 1117 731 1118 6 1118 694 1118 255 1119 248 1119 694 1119 591 1120 708 1120 709 1120 709 1121 708 1121 734 1121 709 1122 734 1122 255 1122 694 1123 248 1123 708 1123 708 1124 248 1124 734 1124 709 1125 255 1125 694 1125 591 1126 709 1126 710 1126 710 1127 709 1127 735 1127 735 1128 263 1128 710 1128 735 1129 709 1129 256 1129 256 1130 709 1130 694 1130 256 1131 694 1131 263 1131 263 1132 694 1132 710 1132 264 1133 265 1133 694 1133 710 1134 736 1134 264 1134 694 1135 265 1135 710 1135 710 1136 265 1136 736 1136 710 1137 264 1137 737 1137 737 1138 264 1138 694 1138 737 1139 694 1139 576 1139 279 1140 272 1140 737 1140 710 1141 738 1141 711 1141 711 1142 738 1142 279 1142 737 1143 272 1143 710 1143 710 1144 272 1144 738 1144 711 1145 279 1145 737 1145 281 1146 280 1146 737 1146 711 1147 739 1147 281 1147 737 1148 280 1148 711 1148 711 1149 280 1149 739 1149 711 1150 281 1150 740 1150 740 1151 281 1151 737 1151 740 0 737 0 576 0 296 1152 288 1152 740 1152 711 1153 741 1153 712 1153 712 1154 741 1154 296 1154 740 1155 288 1155 711 1155 711 1156 288 1156 741 1156 712 1157 296 1157 740 1157 64 1158 55 1158 740 1158 713 1159 63 1159 64 1159 712 1076 742 1076 713 1076 713 1160 742 1160 305 1160 713 1161 64 1161 693 1161 693 1162 64 1162 740 1162 693 0 740 0 576 0 305 1163 63 1163 713 1163 63 1164 305 1164 55 1164 55 1165 305 1165 740 1165 740 1166 305 1166 297 1166 740 1167 297 1167 712 1167 712 1168 297 1168 742 1168 591 1169 713 1169 714 1169 714 1170 713 1170 743 1170 743 1171 72 1171 714 1171 743 1172 713 1172 65 1172 65 1173 713 1173 693 1173 65 1174 693 1174 72 1174 72 1175 693 1175 714 1175 714 0 693 0 723 0 80 1176 73 1176 723 1176 714 1170 744 1170 715 1170 715 1177 744 1177 80 1177 723 1178 73 1178 714 1178 714 1179 73 1179 744 1179 715 1180 80 1180 723 1180 88 1181 81 1181 723 1181 715 1121 745 1121 716 1121 716 1182 745 1182 88 1182 723 1183 81 1183 715 1183 715 1184 81 1184 745 1184 716 1185 88 1185 89 1185 89 1186 88 1186 723 1186 89 1187 723 1187 576 1187 716 1188 746 1188 96 1188 716 1189 89 1189 746 1189 716 1190 96 1190 747 1190 747 1191 96 1191 89 1191 747 1192 89 1192 576 1192 104 1193 97 1193 747 1193 716 1194 748 1194 717 1194 717 1195 748 1195 104 1195 747 1196 97 1196 716 1196 716 1197 97 1197 748 1197 717 1198 104 1198 747 1198 111 1199 105 1199 747 1199 717 1200 749 1200 111 1200 747 1201 105 1201 717 1201 717 1202 105 1202 749 1202 717 1203 111 1203 11 1203 11 1204 111 1204 747 1204 11 1205 747 1205 576 1205 128 1206 120 1206 11 1206 718 1207 127 1207 128 1207 717 1208 750 1208 718 1208 718 1209 750 1209 119 1209 718 1210 128 1210 11 1210 119 1211 127 1211 718 1211 127 1212 119 1212 120 1212 120 1213 119 1213 11 1213 11 1214 119 1214 112 1214 11 1215 112 1215 717 1215 717 1216 112 1216 750 1216 136 1217 129 1217 11 1217 718 1218 751 1218 136 1218 11 1219 129 1219 718 1219 718 1220 129 1220 751 1220 718 1221 136 1221 752 1221 752 1222 136 1222 11 1222 145 1223 137 1223 752 1223 718 1224 753 1224 719 1224 719 1225 753 1225 145 1225 752 1226 137 1226 718 1226 718 1227 137 1227 753 1227 719 1228 145 1228 752 1228 152 1229 146 1229 752 1229 719 1153 754 1153 720 1153 720 1230 754 1230 152 1230 752 1231 146 1231 719 1231 719 1232 146 1232 754 1232 720 1233 152 1233 153 1233 153 1234 152 1234 752 1234 720 1235 755 1235 161 1235 720 1236 153 1236 755 1236 720 1237 161 1237 162 1237 162 1238 161 1238 153 1238 162 1239 153 1239 12 1239 12 1240 153 1240 752 1240 12 1241 752 1241 11 1241 591 1242 720 1242 721 1242 721 1243 720 1243 756 1243 756 1244 169 1244 721 1244 756 1245 720 1245 162 1245 169 1246 162 1246 721 1246 591 1247 721 1247 176 1247 162 1248 176 1248 170 1248 162 1249 170 1249 721 1249 176 1250 575 1250 591 1250 36 1251 37 1251 475 1251 475 1252 37 1252 702 1252 702 1253 37 1253 703 1253 435 1254 703 1254 434 1254 434 1255 703 1255 573 1255 44 1256 45 1256 315 1256 315 1257 45 1257 699 1257 699 1258 45 1258 35 1258 699 1259 35 1259 700 1259 700 1260 35 1260 701 1260 701 1261 35 1261 516 1261 51 1262 53 1262 697 1262 697 1263 53 1263 46 1263 697 1264 46 1264 366 1264 366 1265 46 1265 43 1265 698 1266 43 1266 44 1266 51 1267 695 1267 52 1267 52 1268 695 1268 54 1268 54 1269 695 1269 571 1269 573 1270 703 1270 37 1270 573 1271 37 1271 570 1271 570 1272 37 1272 38 1272 570 1273 38 1273 35 1273 570 1274 35 1274 45 1274 570 1275 45 1275 46 1275 570 1276 46 1276 53 1276 570 1275 53 1275 54 1275 570 1277 54 1277 571 1277 565 1278 758 1278 563 1278 563 1279 558 1279 565 1279 558 1280 563 1280 564 1280 557 1281 760 1281 555 1281 555 1282 551 1282 557 1282 551 1283 555 1283 556 1283 549 1284 762 1284 547 1284 547 1285 542 1285 549 1285 542 1286 547 1286 548 1286 541 1287 764 1287 539 1287 539 1288 534 1288 541 1288 534 1289 539 1289 540 1289 533 1290 532 1290 530 1290 530 1291 526 1291 533 1291 526 1292 530 1292 531 1292 524 1293 767 1293 522 1293 522 1294 517 1294 524 1294 517 1295 522 1295 523 1295 517 1296 523 1296 516 1296 515 1297 769 1297 513 1297 513 1298 509 1298 515 1298 509 1299 513 1299 514 1299 509 1300 514 1300 508 1300 507 1301 771 1301 505 1301 505 1302 500 1302 507 1302 500 1303 505 1303 506 1303 499 1304 773 1304 497 1304 497 1305 492 1305 499 1305 492 1306 497 1306 498 1306 491 1307 775 1307 489 1307 489 1308 483 1308 491 1308 483 1309 489 1309 490 1309 482 1310 777 1310 480 1310 480 1311 474 1311 482 1311 474 1312 480 1312 481 1312 473 1313 472 1313 469 1313 469 1314 466 1314 473 1314 466 1315 469 1315 471 1315 464 1316 458 1316 465 1316 458 1317 464 1317 463 1317 457 1318 782 1318 455 1318 455 1319 450 1319 457 1319 450 1320 455 1320 456 1320 449 1321 784 1321 447 1321 447 1322 442 1322 449 1322 442 1323 447 1323 448 1323 441 1324 786 1324 439 1324 439 1325 434 1325 441 1325 434 1326 439 1326 440 1326 433 1313 432 1313 429 1313 429 1327 426 1327 433 1327 426 1328 429 1328 431 1328 425 1329 789 1329 423 1329 423 1330 418 1330 425 1330 418 1331 423 1331 424 1331 417 1332 791 1332 415 1332 415 1333 410 1333 417 1333 410 1334 415 1334 416 1334 409 1335 793 1335 406 1335 406 1336 402 1336 409 1336 402 1337 406 1337 408 1337 401 1338 400 1338 398 1338 398 1339 391 1339 401 1339 391 1340 398 1340 399 1340 390 1341 389 1341 388 1341 388 1342 382 1342 390 1342 382 1343 388 1343 387 1343 381 1344 796 1344 379 1344 379 1345 374 1345 381 1345 374 1346 379 1346 380 1346 373 1347 798 1347 371 1347 371 1348 366 1348 373 1348 366 1349 371 1349 372 1349 365 1350 800 1350 363 1350 363 1351 358 1351 365 1351 358 1289 363 1289 364 1289 357 1352 802 1352 355 1352 355 1353 350 1353 357 1353 350 1354 355 1354 356 1354 349 1355 804 1355 347 1355 347 1356 342 1356 349 1356 342 1357 347 1357 348 1357 340 1358 806 1358 337 1358 337 1359 333 1359 340 1359 333 1360 337 1360 339 1360 331 1361 808 1361 329 1361 329 1362 325 1362 331 1362 325 1363 329 1363 330 1363 325 1364 330 1364 324 1364 323 1365 810 1365 321 1365 321 1366 316 1366 323 1366 316 1367 321 1367 322 1367 314 1368 812 1368 312 1368 312 1369 307 1369 314 1369 307 1370 312 1370 313 1370 304 1371 742 1371 297 1371 304 1372 297 1372 303 1372 295 1373 741 1373 288 1373 295 1374 288 1374 294 1374 287 1375 739 1375 280 1375 287 1376 280 1376 286 1376 286 1377 280 1377 281 1377 278 1378 738 1378 272 1378 278 1379 272 1379 816 1379 271 1380 736 1380 265 1380 271 1381 265 1381 817 1381 817 1382 265 1382 264 1382 262 1383 735 1383 256 1383 262 1384 256 1384 261 1384 254 1385 734 1385 248 1385 254 1386 248 1386 253 1386 245 1387 246 1387 239 1387 245 1388 239 1388 244 1388 244 1389 239 1389 247 1389 237 1390 733 1390 231 1390 237 1391 231 1391 821 1391 732 1392 823 1392 228 1392 823 1393 732 1393 223 1393 221 1394 730 1394 215 1394 221 1395 215 1395 220 1395 220 1396 215 1396 222 1396 729 1397 826 1397 213 1397 826 1398 729 1398 208 1398 728 1399 828 1399 205 1399 828 1400 728 1400 201 1400 828 1401 201 1401 207 1401 727 1402 829 1402 199 1402 829 1403 727 1403 194 1403 829 1404 194 1404 198 1404 192 1405 725 1405 185 1405 192 1406 185 1406 191 1406 191 1407 185 1407 193 1407 831 1408 724 1408 177 1408 831 1409 177 1409 182 1409 182 1410 177 1410 184 1410 721 1411 833 1411 174 1411 833 1412 721 1412 170 1412 834 1413 756 1413 162 1413 834 1414 162 1414 167 1414 160 1415 755 1415 153 1415 160 1416 153 1416 159 1416 159 1417 153 1417 161 1417 151 1418 754 1418 146 1418 151 1419 146 1419 150 1419 144 1420 753 1420 137 1420 144 1421 137 1421 143 1421 837 1422 751 1422 129 1422 837 1423 129 1423 134 1423 134 1424 129 1424 136 1424 126 1425 127 1425 120 1425 126 1426 120 1426 125 1426 118 1427 750 1427 112 1427 118 1428 112 1428 117 1428 110 1429 749 1429 105 1429 110 1430 105 1430 840 1430 840 1431 105 1431 111 1431 103 1432 748 1432 97 1432 103 1433 97 1433 841 1433 95 1434 746 1434 89 1434 95 1435 89 1435 93 1435 93 1436 89 1436 96 1436 87 1437 745 1437 81 1437 87 1438 81 1438 843 1438 79 1439 744 1439 73 1439 79 1440 73 1440 77 1440 71 1441 743 1441 65 1441 71 1442 65 1442 69 1442 62 1443 63 1443 55 1443 62 1444 55 1444 846 1444 846 1445 55 1445 64 1445 562 1446 563 1446 639 1446 639 1447 757 1447 560 1447 639 1448 563 1448 758 1448 639 1449 758 1449 757 1449 560 1450 757 1450 564 1450 554 1451 555 1451 640 1451 640 1452 759 1452 552 1452 640 1453 555 1453 760 1453 640 1454 760 1454 759 1454 552 1455 759 1455 556 1455 546 1451 547 1451 641 1451 641 1456 761 1456 544 1456 641 1457 547 1457 762 1457 641 1458 762 1458 761 1458 544 1459 761 1459 548 1459 538 1460 539 1460 643 1460 643 1461 763 1461 536 1461 643 1462 539 1462 764 1462 643 1463 764 1463 763 1463 536 1464 763 1464 540 1464 644 1465 529 1465 765 1465 644 1466 765 1466 527 1466 529 1467 530 1467 765 1467 765 1468 530 1468 532 1468 765 1469 532 1469 531 1469 765 1470 531 1470 527 1470 521 1451 522 1451 518 1451 518 1471 766 1471 519 1471 518 1472 522 1472 767 1472 518 1473 767 1473 766 1473 519 1474 766 1474 523 1474 512 1451 513 1451 648 1451 648 1475 768 1475 510 1475 648 1476 513 1476 769 1476 648 1477 769 1477 768 1477 510 1478 768 1478 514 1478 504 1479 505 1479 649 1479 649 1480 770 1480 502 1480 649 1481 505 1481 771 1481 649 1482 771 1482 770 1482 502 1483 770 1483 506 1483 496 1484 497 1484 651 1484 651 1485 772 1485 494 1485 651 1486 497 1486 773 1486 651 1487 773 1487 772 1487 494 1488 772 1488 498 1488 488 1489 489 1489 485 1489 485 1490 774 1490 486 1490 485 1491 489 1491 775 1491 485 1492 775 1492 774 1492 486 1493 774 1493 490 1493 479 1494 480 1494 476 1494 476 1495 776 1495 477 1495 476 1496 480 1496 777 1496 476 1497 777 1497 776 1497 477 1498 776 1498 481 1498 690 1499 470 1499 778 1499 470 1500 472 1500 778 1500 778 1501 472 1501 471 1501 688 1502 462 1502 779 1502 462 1503 780 1503 779 1503 462 1504 464 1504 780 1504 454 1505 455 1505 686 1505 686 1506 781 1506 452 1506 686 1507 455 1507 782 1507 686 1508 782 1508 781 1508 452 1509 781 1509 456 1509 446 1510 447 1510 684 1510 444 1511 684 1511 445 1511 684 1512 783 1512 445 1512 684 1513 447 1513 784 1513 684 1514 784 1514 783 1514 445 1515 783 1515 448 1515 438 1516 439 1516 683 1516 683 1517 785 1517 436 1517 683 1518 439 1518 786 1518 683 1519 786 1519 785 1519 436 1520 785 1520 440 1520 692 1521 430 1521 787 1521 430 1522 432 1522 787 1522 787 1523 432 1523 431 1523 691 1524 422 1524 788 1524 691 1525 788 1525 420 1525 420 1526 788 1526 421 1526 422 1527 423 1527 788 1527 788 1528 423 1528 789 1528 788 1529 789 1529 421 1529 421 1530 789 1530 424 1530 414 1531 415 1531 618 1531 618 1532 790 1532 412 1532 618 1533 415 1533 791 1533 618 1534 791 1534 790 1534 412 1488 790 1488 416 1488 407 1535 406 1535 622 1535 404 1536 622 1536 405 1536 622 1537 792 1537 405 1537 622 1538 406 1538 793 1538 622 1539 793 1539 792 1539 405 1540 792 1540 408 1540 396 1541 397 1541 393 1541 393 1542 397 1542 394 1542 397 1543 398 1543 400 1543 397 1544 400 1544 399 1544 397 1545 399 1545 394 1545 385 1546 386 1546 624 1546 624 1547 386 1547 794 1547 386 1548 389 1548 794 1548 794 1549 389 1549 387 1549 378 1550 379 1550 626 1550 626 1551 795 1551 376 1551 626 1552 379 1552 796 1552 626 1553 796 1553 795 1553 376 1554 795 1554 380 1554 370 1555 371 1555 628 1555 628 1556 797 1556 368 1556 628 1557 371 1557 798 1557 628 1558 798 1558 797 1558 368 1559 797 1559 372 1559 362 1460 363 1460 630 1460 630 1560 799 1560 360 1560 630 1561 363 1561 800 1561 630 1562 800 1562 799 1562 360 1563 799 1563 364 1563 354 1564 355 1564 632 1564 632 1565 801 1565 352 1565 632 1566 355 1566 802 1566 632 1463 802 1463 801 1463 352 1455 801 1455 356 1455 346 1564 347 1564 343 1564 343 1567 803 1567 344 1567 343 1568 347 1568 804 1568 343 1569 804 1569 803 1569 344 1455 803 1455 348 1455 338 1570 337 1570 334 1570 334 1571 805 1571 335 1571 334 1572 337 1572 806 1572 334 1573 806 1573 805 1573 335 1574 805 1574 339 1574 328 1460 329 1460 636 1460 636 1575 807 1575 326 1575 636 1576 329 1576 808 1576 636 1577 808 1577 807 1577 326 1578 807 1578 330 1578 320 1579 321 1579 317 1579 317 1580 809 1580 318 1580 317 1581 321 1581 810 1581 317 1582 810 1582 809 1582 318 1583 809 1583 322 1583 311 1584 312 1584 308 1584 308 1585 811 1585 309 1585 308 1586 312 1586 812 1586 308 1587 812 1587 811 1587 309 1455 811 1455 313 1455 301 1588 302 1588 298 1588 298 1589 302 1589 813 1589 302 1590 304 1590 813 1590 813 1591 304 1591 303 1591 289 1592 292 1592 293 1592 289 1593 293 1593 814 1593 293 1594 295 1594 814 1594 814 1595 295 1595 294 1595 284 1596 285 1596 666 1596 666 1597 285 1597 815 1597 285 1598 287 1598 815 1598 815 1599 287 1599 286 1599 273 1600 276 1600 816 1600 273 1601 816 1601 274 1601 276 1602 278 1602 816 1602 274 1603 816 1603 277 1603 268 1604 269 1604 665 1604 665 1605 269 1605 266 1605 266 1606 269 1606 817 1606 266 1607 817 1607 267 1607 267 1608 817 1608 270 1608 269 1609 271 1609 817 1609 259 1610 260 1610 664 1610 664 1611 260 1611 818 1611 260 1612 262 1612 818 1612 818 1613 262 1613 261 1613 251 1614 252 1614 663 1614 663 1615 252 1615 819 1615 252 1616 254 1616 819 1616 819 1617 254 1617 253 1617 242 1618 243 1618 662 1618 662 1619 243 1619 820 1619 243 1620 245 1620 820 1620 820 1621 245 1621 244 1621 234 1622 235 1622 661 1622 661 1623 235 1623 821 1623 661 1624 821 1624 232 1624 235 1625 237 1625 821 1625 232 1626 821 1626 236 1626 226 1627 227 1627 590 1627 590 1628 227 1628 822 1628 590 1629 822 1629 224 1629 227 1630 228 1630 822 1630 822 1631 823 1631 225 1631 228 1632 823 1632 822 1632 218 1633 219 1633 660 1633 660 1634 219 1634 824 1634 219 1635 221 1635 824 1635 824 1636 221 1636 220 1636 211 1637 212 1637 589 1637 589 1638 212 1638 825 1638 589 1639 825 1639 209 1639 209 1640 825 1640 210 1640 212 1641 213 1641 825 1641 825 1642 826 1642 210 1642 825 1643 213 1643 826 1643 659 1644 204 1644 827 1644 659 1645 827 1645 202 1645 204 1646 205 1646 827 1646 827 1647 828 1647 202 1647 202 1648 828 1648 206 1648 827 1649 205 1649 828 1649 195 1650 658 1650 196 1650 658 1651 197 1651 199 1651 658 1652 199 1652 829 1652 658 1653 829 1653 196 1653 196 1654 829 1654 198 1654 189 1655 190 1655 186 1655 186 1656 190 1656 830 1656 190 1657 192 1657 830 1657 830 1658 192 1658 191 1658 180 1659 183 1659 657 1659 657 1660 183 1660 178 1660 178 1661 183 1661 831 1661 178 1662 831 1662 179 1662 179 1663 831 1663 182 1663 681 1644 173 1644 832 1644 681 1664 832 1664 171 1664 173 1665 174 1665 832 1665 832 1647 833 1647 171 1647 171 1666 833 1666 175 1666 832 1667 174 1667 833 1667 165 1668 168 1668 680 1668 680 1669 168 1669 163 1669 163 1670 168 1670 834 1670 163 1671 834 1671 164 1671 164 1672 834 1672 167 1672 157 1673 158 1673 154 1673 154 1674 158 1674 835 1674 158 1675 160 1675 835 1675 835 1617 160 1617 159 1617 679 1676 149 1676 836 1676 149 1677 151 1677 836 1677 836 1678 151 1678 150 1678 140 1679 142 1679 677 1679 677 1680 142 1680 138 1680 138 1681 142 1681 139 1681 142 1682 144 1682 139 1682 139 1683 144 1683 143 1683 139 1684 143 1684 141 1684 132 1685 135 1685 675 1685 675 1686 135 1686 837 1686 675 1687 837 1687 130 1687 130 1688 837 1688 134 1688 122 1689 124 1689 676 1689 676 1690 124 1690 838 1690 676 1691 838 1691 121 1691 124 1692 126 1692 838 1692 838 1693 126 1693 125 1693 115 1694 116 1694 674 1694 674 1695 116 1695 839 1695 116 1696 118 1696 839 1696 839 1697 118 1697 117 1697 673 1698 108 1698 840 1698 673 1601 840 1601 106 1601 108 1699 110 1699 840 1699 106 1603 840 1603 109 1603 100 1700 101 1700 672 1700 672 1701 101 1701 841 1701 672 1702 841 1702 98 1702 101 1703 103 1703 841 1703 98 1603 841 1603 102 1603 671 1704 91 1704 92 1704 671 1705 92 1705 842 1705 671 1706 842 1706 90 1706 92 1707 95 1707 842 1707 842 1708 95 1708 93 1708 84 1709 85 1709 670 1709 670 1710 85 1710 843 1710 670 1601 843 1601 82 1601 85 1711 87 1711 843 1711 82 1603 843 1603 86 1603 75 1712 76 1712 668 1712 668 1713 844 1713 74 1713 668 1714 76 1714 79 1714 668 1715 79 1715 844 1715 844 1708 79 1708 77 1708 67 1716 68 1716 667 1716 667 1717 68 1717 845 1717 68 1718 71 1718 845 1718 845 1719 71 1719 69 1719 59 1720 60 1720 56 1720 56 1721 60 1721 846 1721 56 1722 846 1722 57 1722 60 1723 62 1723 846 1723 57 1724 846 1724 61 1724 848 1789 897 1789 850 1789 850 1790 897 1790 898 1790 850 1791 898 1791 852 1791 852 1792 898 1792 899 1792 852 1793 899 1793 900 1793 852 1794 900 1794 854 1794 854 1795 900 1795 901 1795 854 1796 901 1796 856 1796 856 1797 901 1797 902 1797 856 1798 902 1798 858 1798 858 1799 902 1799 903 1799 858 1800 903 1800 860 1800 860 1801 903 1801 904 1801 860 1802 904 1802 862 1802 862 1803 904 1803 905 1803 862 1804 905 1804 865 1804 865 1805 905 1805 864 1805 906 1806 918 1806 907 1806 907 1807 918 1807 919 1807 906 1808 907 1808 908 1808 906 1809 908 1809 909 1809 899 1810 909 1810 910 1810 910 1811 909 1811 908 1811 899 1812 910 1812 911 1812 899 1813 911 1813 912 1813 903 1814 912 1814 913 1814 913 1815 912 1815 911 1815 903 1816 913 1816 914 1816 903 1817 914 1817 915 1817 916 1818 915 1818 917 1818 917 1819 915 1819 914 1819 916 1820 917 1820 918 1820 918 1821 917 1821 919 1821 920 1822 921 1822 924 1822 920 1823 924 1823 925 1823 920 503 911 503 921 503 928 503 929 503 927 503 931 503 930 503 932 503 933 1824 914 1824 913 1824 933 503 913 503 920 503 920 1825 913 1825 911 1825 934 1826 922 1826 923 1826 934 503 923 503 933 503 935 1827 925 1827 924 1827 933 1828 923 1828 936 1828 933 1829 936 1829 914 1829 926 503 927 503 929 503 927 503 937 503 928 503 928 1830 937 1830 919 1830 932 503 938 503 931 503 931 503 938 503 939 503 931 1831 939 1831 908 1831 919 503 917 503 928 503 928 503 917 503 936 503 936 1832 917 1832 914 1832 911 503 910 503 921 503 921 503 910 503 939 503 939 1833 910 1833 908 1833 908 503 907 503 931 503 931 1834 907 1834 937 1834 937 1835 907 1835 919 1835 941 1836 916 1836 918 1836 905 1837 915 1837 941 1837 903 1838 915 1838 904 1838 904 1839 915 1839 905 1839 899 1840 912 1840 900 1840 916 1841 941 1841 915 1841 906 1842 940 1842 942 1842 943 1843 918 1843 906 1843 943 1844 906 1844 942 1844 912 1845 903 1845 902 1845 912 1846 902 1846 900 1846 900 1847 902 1847 901 1847 899 1848 898 1848 897 1848 906 1849 909 1849 944 1849 944 1850 909 1850 899 1850 899 1851 897 1851 944 1851 933 1852 920 1852 945 1852 945 1853 920 1853 946 1853 933 1854 945 1854 934 1854 934 1855 945 1855 947 1855 934 1856 947 1856 922 1856 922 1857 947 1857 948 1857 922 1858 948 1858 923 1858 923 1859 948 1859 949 1859 923 1860 949 1860 936 1860 936 1861 949 1861 950 1861 928 2 936 2 951 2 951 2 936 2 950 2 928 1862 951 1862 929 1862 929 1863 951 1863 952 1863 929 1864 952 1864 926 1864 926 1865 952 1865 953 1865 926 1866 953 1866 954 1866 926 1867 954 1867 927 1867 927 1868 954 1868 937 1868 937 1869 954 1869 955 1869 931 1870 937 1870 956 1870 956 1871 937 1871 955 1871 931 1872 956 1872 957 1872 931 1873 957 1873 930 1873 930 1874 957 1874 958 1874 930 1875 958 1875 932 1875 921 1876 939 1876 959 1876 959 1877 939 1877 960 1877 921 1878 959 1878 961 1878 921 1879 961 1879 924 1879 924 1880 961 1880 962 1880 954 503 953 503 963 503 958 503 957 503 964 503 948 503 947 503 965 503 965 503 947 503 966 503 966 1881 947 1881 945 1881 956 1882 955 1882 954 1882 954 1883 963 1883 964 1883 954 1884 964 1884 957 1884 954 1885 957 1885 956 1885 963 1886 953 1886 952 1886 963 503 952 503 965 503 951 503 950 503 952 503 952 1887 950 1887 949 1887 952 503 949 503 965 503 965 1888 949 1888 948 1888 945 503 946 503 966 503 966 503 946 503 967 503 967 503 962 503 966 503 966 1889 962 1889 960 1889 966 1890 960 1890 958 1890 966 503 958 503 964 503 959 503 960 503 961 503 961 503 960 503 962 503 966 6 964 6 968 6 968 6 964 6 969 6 965 7 966 7 970 7 970 7 966 7 968 7 963 2 965 2 971 2 971 2 965 2 970 2 964 9 963 9 969 9 969 9 963 9 971 9 970 1891 573 1891 971 1891 971 1892 573 1892 571 1892 971 503 571 503 969 503 969 503 571 503 575 503 969 1893 575 1893 968 1893 968 1894 575 1894 572 1894 968 503 572 503 970 503 970 503 572 503 573 503 924 1905 962 1905 935 1905 935 1906 962 1906 967 1906 935 1907 967 1907 925 1907 925 1908 967 1908 946 1908 925 1909 946 1909 920 1909 932 1910 958 1910 938 1910 938 1911 958 1911 960 1911 938 1912 960 1912 939 1912 864 1913 905 1913 941 1913 864 1914 941 1914 984 1914 984 1915 941 1915 985 1915 985 1916 941 1916 918 1916 985 1917 918 1917 986 1917 986 1918 918 1918 943 1918 986 1919 943 1919 987 1919 987 1920 943 1920 942 1920 987 1921 942 1921 988 1921 988 1922 942 1922 940 1922 988 1923 940 1923 989 1923 989 1924 940 1924 906 1924 989 1925 906 1925 944 1925 989 1926 944 1926 990 1926 990 1927 944 1927 991 1927 991 1928 944 1928 897 1928 991 1929 897 1929 848 1929 992 0 993 0 994 0 994 0 993 0 995 0 996 503 997 503 998 503 998 503 997 503 999 503 999 2 997 2 994 2 994 2 997 2 992 2 997 7 996 7 992 7 992 7 996 7 993 7 996 6 998 6 993 6 993 6 998 6 995 6 998 9 999 9 995 9 995 9 999 9 994 9 1063 2007 1070 2007 1071 2007 1063 2008 1071 2008 1065 2008 1065 2009 1071 2009 1072 2009 1065 2010 1072 2010 1067 2010 1067 2011 1072 2011 1073 2011 1067 2012 1073 2012 1069 2012 1069 2013 1073 2013 1074 2013 1069 2014 1074 2014 1040 2014 1040 2015 1074 2015 1075 2015 1040 2016 1075 2016 1042 2016 1042 2017 1075 2017 1076 2017 1044 2019 1076 2019 1077 2019 1046 2021 1077 2021 1078 2021 1046 2022 1078 2022 1048 2022 1079 2023 1080 2023 1081 2023 1081 503 1080 503 1082 503 1082 2024 1080 2024 1083 2024 1082 503 1083 503 1084 503 1084 503 1083 503 1085 503 1084 2025 1085 2025 1086 2025 1084 2026 1086 2026 1087 2026 1087 2027 1086 2027 1078 2027 1087 503 1078 503 1088 503 1088 2028 1078 2028 1077 2028 1088 2029 1077 2029 1089 2029 1089 2030 1077 2030 1076 2030 1089 503 1076 503 1090 503 1090 503 1076 503 1075 503 1090 2031 1075 2031 1091 2031 1075 503 1074 503 1091 503 1091 503 1074 503 1092 503 1092 503 1074 503 1073 503 1092 2032 1073 2032 1093 2032 1093 503 1073 503 1072 503 1093 2033 1072 2033 1094 2033 1094 503 1072 503 1071 503 1094 503 1071 503 1095 503 1095 2034 1071 2034 1070 2034 1095 503 1070 503 1096 503 1096 2035 1070 2035 1097 2035 1096 503 1097 503 1098 503 1098 503 1097 503 1099 503 1098 503 1099 503 1100 503 1100 2036 1099 2036 1101 2036 1100 503 1101 503 1079 503 1079 2037 1101 2037 1102 2037 1079 2038 1102 2038 1080 2038 1103 2039 1107 2039 1108 2039 1108 2040 1107 2040 1105 2040 1109 2041 1103 2041 1110 2041 1111 2042 1112 2042 1109 2042 1109 2043 1110 2043 1111 2043 1111 2044 1110 2044 1113 2044 1113 2045 1114 2045 1115 2045 1110 2046 1108 2046 1113 2046 1113 2047 1108 2047 1114 2047 1114 2048 1106 2048 1104 2048 1110 2049 1103 2049 1108 2049 1108 2050 1105 2050 1114 2050 1114 2051 1105 2051 1106 2051 1116 2052 1107 2052 1117 2052 1117 2053 1107 2053 1103 2053 1117 2054 1103 2054 1118 2054 1118 2055 1103 2055 1109 2055 1118 2056 1109 2056 1112 2056 1118 2057 1112 2057 1119 2057 1119 2058 1112 2058 1120 2058 1120 2059 1112 2059 1121 2059 1120 2060 1121 2060 1122 2060 1120 2061 1122 2061 1123 2061 1124 2062 1123 2062 1122 2062 1135 2063 1136 2063 1125 2063 1125 2064 1136 2064 1126 2064 1125 2065 1126 2065 1127 2065 1125 2066 1127 2066 1128 2066 1128 2067 1127 2067 1129 2067 1128 2068 1129 2068 1130 2068 1130 2069 1129 2069 1131 2069 1117 2070 1132 2070 1133 2070 1117 2071 1133 2071 1116 2071 1116 2072 1133 2072 1134 2072 1116 2073 1134 2073 1135 2073 1135 2074 1134 2074 1136 2074 1130 2075 1131 2075 1137 2075 1130 2076 1137 2076 1123 2076 1123 2077 1137 2077 1138 2077 1123 2078 1138 2078 1139 2078 1123 2079 1139 2079 1120 2079 1120 2080 1139 2080 1140 2080 1120 2081 1140 2081 1141 2081 1120 2082 1141 2082 1119 2082 1119 2083 1141 2083 1142 2083 1119 2084 1142 2084 1118 2084 1118 2085 1142 2085 1143 2085 1118 2086 1143 2086 1144 2086 1118 2087 1144 2087 1117 2087 1117 2088 1144 2088 1132 2088 1134 2089 1087 2089 1088 2089 1134 2090 1088 2090 1136 2090 1136 2091 1088 2091 1089 2091 1136 2092 1089 2092 1090 2092 1136 2093 1090 2093 1126 2093 1126 2094 1090 2094 1127 2094 1127 2095 1090 2095 1091 2095 1127 2096 1091 2096 1129 2096 1129 2097 1091 2097 1092 2097 1129 2098 1092 2098 1131 2098 1131 2099 1092 2099 1093 2099 1131 2100 1093 2100 1137 2100 1137 2101 1093 2101 1094 2101 1137 2102 1094 2102 1138 2102 1138 2103 1094 2103 1095 2103 1138 2104 1095 2104 1139 2104 1139 2174 1095 2174 1096 2174 1139 2175 1096 2175 1098 2175 1139 2176 1098 2176 1140 2176 1140 2177 1098 2177 1141 2177 1141 2178 1098 2178 1100 2178 1141 2179 1100 2179 1142 2179 1142 2180 1100 2180 1079 2180 1142 2181 1079 2181 1143 2181 1143 2182 1079 2182 1081 2182 1143 2183 1081 2183 1082 2183 1143 2184 1082 2184 1144 2184 1144 2185 1082 2185 1084 2185 1144 2186 1084 2186 1132 2186 1132 2187 1084 2187 1133 2187 1133 2188 1084 2188 1087 2188 1133 2189 1087 2189 1134 2189 1123 2190 1124 2190 1130 2190 1130 2191 1124 2191 1154 2191 1130 2192 1154 2192 1155 2192 1130 2193 1155 2193 1128 2193 1128 2194 1155 2194 1104 2194 1128 2195 1104 2195 1125 2195 1125 2196 1104 2196 1106 2196 1125 2197 1106 2197 1135 2197 1135 2198 1106 2198 1105 2198 1107 2199 1116 2199 1105 2199 1105 2200 1116 2200 1135 2200 1156 2201 1122 2201 1121 2201 1154 2202 1124 2202 1157 2202 1157 2203 1124 2203 1156 2203 1156 2204 1124 2204 1122 2204 1155 2205 1154 2205 1158 2205 1114 2206 1104 2206 1155 2206 1157 2207 1158 2207 1154 2207 1112 2208 1111 2208 1121 2208 1121 2209 1111 2209 1156 2209 1156 2210 1111 2210 1115 2210 1156 2211 1115 2211 1157 2211 1157 2212 1115 2212 1158 2212 1111 2213 1113 2213 1115 2213 1115 2214 1114 2214 1158 2214 1158 2215 1114 2215 1155 2215 1048 2216 1078 2216 1086 2216 1050 2218 1086 2218 1085 2218 1050 2219 1085 2219 1083 2219 1053 2221 1083 2221 1080 2221 1053 2222 1080 2222 1055 2222 1055 2223 1080 2223 1102 2223 1055 2224 1102 2224 1056 2224 1056 2225 1102 2225 1101 2225 1059 2227 1101 2227 1099 2227 1059 2228 1099 2228 1061 2228 1061 2229 1099 2229 1097 2229 1061 2230 1097 2230 1063 2230 1063 2231 1097 2231 1070 2231 1166 2244 1165 2244 1163 2244 1166 2245 1163 2245 1167 2245 1167 2246 1163 2246 1161 2246 1167 2247 1161 2247 1168 2247 1168 2248 1161 2248 1160 2248 1166 2258 1169 2258 1165 2258 1165 2259 1169 2259 1163 2259 1172 7 1173 7 1174 7 1174 7 1173 7 1175 7 1176 9 1177 9 1178 9 1178 9 1177 9 1179 9 1177 2 1176 2 1172 2 1172 2 1176 2 1173 2 1176 503 1178 503 1173 503 1173 503 1178 503 1175 503 1178 6 1179 6 1175 6 1175 6 1179 6 1174 6 1177 503 1172 503 1181 503 1180 503 1181 503 1172 503 1180 2260 1172 2260 1174 2260 1180 2261 1174 2261 1187 2261 1183 503 1182 503 1177 503 1183 503 1177 503 1181 503 1177 503 1182 503 1184 503 1177 2262 1184 2262 1179 2262 1179 503 1184 503 1185 503 1186 503 1187 503 1174 503 1179 503 1185 503 1174 503 1174 2263 1185 2263 1186 2263 1196 0 1198 0 1200 0 1200 0 1198 0 1201 0 1197 9 1196 9 1202 9 1202 9 1196 9 1200 9 1204 0 1205 0 1206 0 1206 0 1205 0 1207 0 1207 2 1205 2 1208 2 1208 2 1205 2 1209 2 1205 9 1204 9 1209 9 1209 9 1204 9 1210 9 1204 6 1206 6 1210 6 1210 6 1206 6 1211 6 1206 7 1207 7 1211 7 1211 7 1207 7 1208 7 1220 2282 1221 2282 1222 2282 1222 2283 1221 2283 1223 2283 1222 2284 1223 2284 1224 2284 1224 2285 1223 2285 1225 2285 1224 2286 1225 2286 1226 2286 1226 2287 1225 2287 1227 2287 1226 2288 1227 2288 1228 2288 1228 2289 1227 2289 1229 2289 1228 2290 1229 2290 1230 2290 1230 2291 1229 2291 1231 2291 1230 2292 1231 2292 1232 2292 1232 2293 1231 2293 1233 2293 1234 2282 1235 2282 1236 2282 1236 2294 1235 2294 1237 2294 1236 2295 1237 2295 1238 2295 1238 2296 1237 2296 1239 2296 1238 2286 1239 2286 1240 2286 1240 2297 1239 2297 1241 2297 1240 2298 1241 2298 1242 2298 1242 2299 1241 2299 1243 2299 1242 2300 1243 2300 1244 2300 1244 2301 1243 2301 1245 2301 1244 2302 1245 2302 1246 2302 1246 2303 1245 2303 1247 2303 1248 2282 1249 2282 1250 2282 1250 2294 1249 2294 1251 2294 1250 2285 1251 2285 1252 2285 1252 2304 1251 2304 1253 2304 1252 2286 1253 2286 1254 2286 1254 2297 1253 2297 1255 2297 1254 2298 1255 2298 1256 2298 1256 2299 1255 2299 1257 2299 1256 2305 1257 2305 1258 2305 1258 2306 1257 2306 1259 2306 1258 2302 1259 2302 1260 2302 1260 2303 1259 2303 1261 2303 1262 2282 1263 2282 1264 2282 1264 2283 1263 2283 1265 2283 1264 2307 1265 2307 1266 2307 1266 2308 1265 2308 1267 2308 1266 2286 1267 2286 1268 2286 1268 2287 1267 2287 1269 2287 1268 2288 1269 2288 1270 2288 1270 2289 1269 2289 1271 2289 1270 2309 1271 2309 1272 2309 1272 2310 1271 2310 1273 2310 1272 2292 1273 2292 1274 2292 1274 2293 1273 2293 1275 2293 1276 2311 1277 2311 1219 2311 1219 2 1277 2 1278 2 1279 2 1280 2 1216 2 1216 2 1280 2 1276 2 1202 2 1216 2 1276 2 1202 2 1276 2 1203 2 1203 2 1276 2 1219 2 1280 7 1279 7 1281 7 1281 7 1279 7 1282 7 1281 7 1282 7 1283 7 1283 6 1282 6 1284 6 1284 2313 1282 2313 1285 2313 1284 6 1285 6 1286 6 1286 9 1285 9 1287 9 1287 9 1285 9 1278 9 1287 9 1278 9 1277 9 1288 2314 1289 2314 1217 2314 1217 2315 1289 2315 1290 2315 1217 2316 1290 2316 1248 2316 1240 503 1291 503 1292 503 1250 2317 1279 2317 1248 2317 1248 503 1279 503 1216 503 1248 2318 1216 2318 1217 2318 1224 503 1226 503 1244 503 1250 2319 1252 2319 1279 2319 1279 2320 1252 2320 1254 2320 1279 2321 1254 2321 1282 2321 1282 2322 1254 2322 1256 2322 1282 2323 1256 2323 1258 2323 1270 2324 1282 2324 1268 2324 1268 503 1282 503 1258 503 1268 503 1258 503 1266 503 1240 503 1292 503 1293 503 1293 2325 1292 2325 1294 2325 1293 2326 1294 2326 1260 2326 1260 2327 1294 2327 1262 2327 1260 2328 1262 2328 1258 2328 1258 2329 1262 2329 1264 2329 1258 2330 1264 2330 1266 2330 1242 2331 1295 2331 1240 2331 1240 2332 1295 2332 1296 2332 1240 2333 1296 2333 1291 2333 1224 2334 1244 2334 1222 2334 1228 503 1230 503 1282 503 1282 2335 1230 2335 1232 2335 1282 503 1232 503 1285 503 1285 2336 1232 2336 1297 2336 1270 503 1272 503 1282 503 1282 2337 1272 2337 1274 2337 1282 503 1274 503 1228 503 1228 2338 1274 2338 1295 2338 1228 503 1295 503 1226 503 1226 503 1295 503 1242 503 1226 2339 1242 2339 1244 2339 1297 503 1298 503 1285 503 1285 2340 1298 2340 1299 2340 1285 503 1299 503 1278 503 1278 2341 1299 2341 1300 2341 1278 2342 1300 2342 1301 2342 1293 503 1302 503 1240 503 1240 503 1302 503 1288 503 1240 503 1288 503 1238 503 1238 2343 1288 2343 1217 2343 1238 503 1217 503 1236 503 1236 503 1217 503 1218 503 1236 503 1218 503 1234 503 1234 2344 1218 2344 1219 2344 1234 2345 1219 2345 1303 2345 1303 503 1219 503 1278 503 1303 2346 1278 2346 1304 2346 1304 2347 1278 2347 1301 2347 1222 503 1244 503 1220 503 1220 2348 1244 2348 1246 2348 1220 503 1246 503 1305 503 1305 2349 1246 2349 1306 2349 1305 503 1306 503 1300 503 1300 2350 1306 2350 1307 2350 1300 2351 1307 2351 1301 2351 1308 2352 1247 2352 1287 2352 1271 0 1269 0 1283 0 1210 2353 1284 2353 1209 2353 1209 2354 1284 2354 1328 2354 1209 0 1328 0 1208 0 1283 2355 1269 2355 1281 2355 1281 2356 1269 2356 1267 2356 1281 2357 1267 2357 1265 2357 1211 0 1309 0 1210 0 1210 2358 1309 2358 1310 2358 1210 0 1310 0 1284 0 1284 2359 1310 2359 1311 2359 1284 2360 1311 2360 1312 2360 1312 2361 1313 2361 1284 2361 1284 2362 1313 2362 1275 2362 1284 0 1275 0 1283 0 1283 2363 1275 2363 1273 2363 1283 2364 1273 2364 1271 2364 1229 0 1227 0 1284 0 1284 2365 1227 2365 1328 2365 1328 2366 1227 2366 1225 2366 1328 2367 1225 2367 1223 2367 1223 0 1221 0 1287 0 1287 2368 1221 2368 1314 2368 1314 0 1315 0 1287 0 1287 2369 1315 2369 1316 2369 1287 2370 1316 2370 1286 2370 1286 2371 1316 2371 1317 2371 1317 2372 1318 2372 1286 2372 1286 2373 1318 2373 1233 2373 1286 0 1233 0 1284 0 1284 2374 1233 2374 1231 2374 1284 2375 1231 2375 1229 2375 1319 2376 1261 2376 1281 2376 1281 2377 1261 2377 1259 2377 1251 2378 1249 2378 1280 2378 1280 0 1249 0 1276 0 1249 2379 1320 2379 1276 2379 1276 2380 1320 2380 1321 2380 1276 0 1321 0 1328 0 1328 2381 1321 2381 1322 2381 1328 2382 1322 2382 1323 2382 1323 0 1319 0 1328 0 1328 0 1319 0 1281 0 1328 0 1281 0 1208 0 1208 0 1281 0 1265 0 1208 0 1265 0 1211 0 1211 2383 1265 2383 1263 2383 1211 2384 1263 2384 1309 2384 1259 0 1257 0 1281 0 1281 2385 1257 2385 1255 2385 1281 2386 1255 2386 1280 2386 1280 2387 1255 2387 1253 2387 1280 2388 1253 2388 1251 2388 1328 2389 1247 2389 1245 2389 1276 0 1237 0 1277 0 1277 2390 1237 2390 1235 2390 1277 2391 1235 2391 1324 2391 1324 0 1325 0 1277 0 1277 2392 1325 2392 1326 2392 1277 2393 1326 2393 1287 2393 1287 2394 1326 2394 1327 2394 1287 2395 1327 2395 1308 2395 1245 0 1243 0 1328 0 1328 2396 1243 2396 1241 2396 1328 2397 1241 2397 1276 2397 1276 2398 1241 2398 1239 2398 1276 2399 1239 2399 1237 2399 1274 2400 1275 2400 1295 2400 1295 2401 1275 2401 1313 2401 1295 2402 1313 2402 1296 2402 1296 2403 1313 2403 1312 2403 1296 2404 1312 2404 1291 2404 1291 2405 1312 2405 1311 2405 1291 2406 1311 2406 1292 2406 1292 2407 1311 2407 1310 2407 1292 2408 1310 2408 1294 2408 1294 2409 1310 2409 1309 2409 1294 2410 1309 2410 1262 2410 1262 2411 1309 2411 1263 2411 1260 2412 1261 2412 1293 2412 1293 2413 1261 2413 1319 2413 1293 2414 1319 2414 1302 2414 1302 2415 1319 2415 1323 2415 1302 2416 1323 2416 1288 2416 1288 2417 1323 2417 1322 2417 1288 2406 1322 2406 1289 2406 1289 2418 1322 2418 1321 2418 1289 2419 1321 2419 1290 2419 1290 2420 1321 2420 1320 2420 1290 2410 1320 2410 1248 2410 1248 2421 1320 2421 1249 2421 1246 2422 1247 2422 1306 2422 1306 2423 1247 2423 1308 2423 1306 2424 1308 2424 1307 2424 1307 2425 1308 2425 1327 2425 1307 2416 1327 2416 1301 2416 1301 2417 1327 2417 1326 2417 1301 2406 1326 2406 1304 2406 1304 2418 1326 2418 1325 2418 1304 2426 1325 2426 1303 2426 1303 2427 1325 2427 1324 2427 1303 2428 1324 2428 1234 2428 1234 2410 1324 2410 1235 2410 1232 2413 1233 2413 1297 2413 1297 2429 1233 2429 1318 2429 1297 2430 1318 2430 1298 2430 1298 2431 1318 2431 1317 2431 1298 2404 1317 2404 1299 2404 1299 2405 1317 2405 1316 2405 1299 2406 1316 2406 1300 2406 1300 2407 1316 2407 1315 2407 1300 2432 1315 2432 1305 2432 1305 2419 1315 2419 1314 2419 1305 2428 1314 2428 1220 2428 1220 2433 1314 2433 1221 2433 1223 0 1287 0 1328 0 1328 0 1287 0 1247 0</p>
        </triangles>
        <triangles material="Black-material" count="274">
          <input semantic="VERTEX" source="#Ov5647-mesh-vertices" offset="0"/>
          <input semantic="NORMAL" source="#Ov5647-mesh-normals" offset="1"/>
          <p>847 1725 848 1725 849 1725 848 1726 850 1726 849 1726 849 1727 850 1727 851 1727 850 1728 852 1728 851 1728 851 1729 852 1729 853 1729 852 1730 854 1730 853 1730 853 1731 854 1731 855 1731 854 1732 856 1732 855 1732 855 1733 856 1733 857 1733 856 1734 858 1734 857 1734 857 1735 858 1735 859 1735 858 1736 860 1736 859 1736 859 1737 860 1737 861 1737 860 1738 862 1738 861 1738 861 1739 862 1739 863 1739 864 1740 863 1740 865 1740 865 1741 863 1741 862 1741 866 1742 867 1742 868 1742 868 1743 867 1743 869 1743 868 1744 869 1744 870 1744 870 1745 869 1745 871 1745 870 1746 871 1746 872 1746 872 1747 871 1747 873 1747 872 1748 873 1748 874 1748 874 1749 873 1749 875 1749 874 1750 875 1750 876 1750 876 1751 875 1751 877 1751 876 1752 877 1752 878 1752 878 1753 877 1753 879 1753 879 1754 877 1754 880 1754 879 1755 880 1755 881 1755 879 1756 881 1756 882 1756 883 1757 870 1757 872 1757 883 1758 872 1758 884 1758 884 1759 872 1759 874 1759 884 1760 874 1760 885 1760 885 1761 874 1761 876 1761 885 1762 876 1762 886 1762 886 1763 876 1763 878 1763 886 1764 878 1764 887 1764 851 1765 888 1765 889 1765 851 1766 889 1766 849 1766 849 1767 889 1767 866 1767 849 1768 866 1768 847 1768 847 1769 866 1769 868 1769 847 1770 868 1770 890 1770 890 1771 868 1771 870 1771 890 1772 870 1772 883 1772 859 1773 891 1773 892 1773 859 1774 892 1774 857 1774 857 1775 892 1775 893 1775 857 1776 893 1776 855 1776 855 1777 893 1777 894 1777 855 1778 894 1778 853 1778 853 1779 894 1779 851 1779 851 1780 894 1780 888 1780 887 1781 878 1781 879 1781 887 1782 879 1782 895 1782 895 1783 879 1783 882 1783 895 1784 882 1784 863 1784 863 1785 882 1785 896 1785 863 1786 896 1786 861 1786 861 1787 896 1787 859 1787 859 1788 896 1788 891 1788 972 2 973 2 575 2 575 2 973 2 572 2 973 9 974 9 572 9 572 9 974 9 573 9 974 6 975 6 573 6 573 6 975 6 571 6 975 7 972 7 571 7 571 7 972 7 575 7 974 0 881 0 975 0 972 0 869 0 867 0 976 0 977 0 973 0 881 0 880 0 975 0 975 0 880 0 877 0 977 0 978 0 973 0 973 1895 978 1895 979 1895 980 1896 981 1896 974 1896 981 0 982 0 974 0 974 0 982 0 983 0 975 1897 877 1897 875 1897 972 1898 871 1898 869 1898 972 0 867 0 973 0 973 1899 867 1899 976 1899 974 1900 983 1900 881 1900 975 1901 875 1901 873 1901 975 1902 873 1902 972 1902 972 1903 873 1903 871 1903 973 0 979 0 974 0 974 1904 979 1904 980 1904 882 1930 881 1930 983 1930 882 1931 983 1931 896 1931 896 1932 983 1932 982 1932 896 1933 982 1933 891 1933 891 1934 982 1934 981 1934 891 1935 981 1935 892 1935 892 1936 981 1936 980 1936 892 1937 980 1937 893 1937 893 1938 980 1938 979 1938 893 1939 979 1939 894 1939 894 1940 979 1940 978 1940 894 1941 978 1941 888 1941 888 1942 978 1942 977 1942 888 1943 977 1943 889 1943 889 1944 977 1944 976 1944 889 1945 976 1945 866 1945 866 1946 976 1946 867 1946 863 1947 864 1947 895 1947 864 1948 984 1948 895 1948 895 1949 984 1949 887 1949 984 1950 985 1950 887 1950 887 1951 985 1951 886 1951 985 1952 986 1952 886 1952 886 1953 986 1953 885 1953 986 1954 987 1954 885 1954 885 1955 987 1955 884 1955 987 1956 988 1956 884 1956 884 1957 988 1957 883 1957 988 1958 989 1958 883 1958 883 1959 989 1959 890 1959 989 1960 990 1960 890 1960 890 1961 990 1961 847 1961 848 1962 847 1962 991 1962 991 1963 847 1963 990 1963 1000 1964 1001 1964 1002 1964 1003 9 1004 9 1005 9 1005 1965 1004 1965 1006 1965 1005 1966 1006 1966 1007 1966 1007 1967 1006 1967 1008 1967 1008 1968 1006 1968 1009 1968 1008 1969 1009 1969 1001 1969 1008 1970 1001 1970 1000 1970 1010 1971 1011 1971 1012 1971 1013 1964 1014 1964 1015 1964 1015 1972 1014 1972 1016 1972 1015 1973 1016 1973 1017 1973 1017 1974 1016 1974 1018 1974 1017 1975 1018 1975 1011 1975 1017 1976 1011 1976 1010 1976 1019 1977 1020 1977 1021 1977 1022 1978 1023 1978 1024 1978 1024 1979 1023 1979 1025 1979 1025 1980 1023 1980 1026 1980 1025 1981 1026 1981 1027 1981 1025 1982 1027 1982 1019 1982 1019 1983 1027 1983 1020 1983 1028 1984 1159 1984 1029 1984 1029 1985 1159 1985 1030 1985 1029 1986 1030 1986 1031 1986 1032 1987 1033 1987 1034 1987 1034 1988 1033 1988 1031 1988 1034 1989 1031 1989 1030 1989 1035 1990 1036 1990 1032 1990 1037 1991 1035 1991 1034 1991 1035 1992 1037 1992 1036 1992 1036 1993 1037 1993 1038 1993 1035 1994 1032 1994 1034 1994 1039 1995 1040 1995 1041 1995 1041 0 1040 0 1042 0 1041 0 1042 0 1043 0 1043 0 1042 0 1044 0 1043 1996 1044 1996 1045 1996 1045 0 1044 0 1046 0 1045 1997 1046 1997 1047 1997 1047 0 1046 0 1048 0 1047 0 1048 0 1049 0 1049 1998 1048 1998 1050 1998 1049 0 1050 0 1051 0 1051 0 1050 0 1052 0 1052 0 1050 0 1053 0 1052 1999 1053 1999 1054 1999 1054 0 1053 0 1055 0 1054 0 1055 0 1056 0 1054 2000 1056 2000 1057 2000 1057 0 1056 0 1058 0 1058 2001 1056 2001 1059 2001 1058 2002 1059 2002 1060 2002 1060 0 1059 0 1061 0 1060 0 1061 0 1062 0 1062 2003 1061 2003 1063 2003 1062 0 1063 0 1064 0 1064 2004 1063 2004 1065 2004 1064 2005 1065 2005 1066 2005 1066 2006 1065 2006 1067 2006 1066 0 1067 0 1068 0 1068 0 1067 0 1069 0 1068 0 1069 0 1039 0 1039 0 1069 0 1040 0 1042 2018 1076 2018 1044 2018 1044 2020 1077 2020 1046 2020 1014 2105 1013 2105 1145 2105 1004 2106 1003 2106 1146 2106 1004 2107 1146 2107 1047 2107 1047 2108 1146 2108 1045 2108 1045 2109 1146 2109 1147 2109 1045 2110 1147 2110 1012 2110 1045 2111 1012 2111 1043 2111 1043 2112 1012 2112 1011 2112 1043 2113 1011 2113 1041 2113 1041 2114 1011 2114 1018 2114 1041 2115 1018 2115 1039 2115 1039 2116 1018 2116 1016 2116 1039 2117 1016 2117 1068 2117 1068 2118 1016 2118 1014 2118 1068 2119 1014 2119 1145 2119 1068 2120 1145 2120 1066 2120 1066 2121 1145 2121 1148 2121 1066 2122 1148 2122 1064 2122 1064 2123 1148 2123 1021 2123 1064 2124 1021 2124 1020 2124 1064 2125 1020 2125 1062 2125 1149 2126 1022 2126 1024 2126 1145 2127 1013 2127 1015 2127 1019 2128 1015 2128 1017 2128 1024 2129 1008 2129 1000 2129 1000 2130 1002 2130 1151 2130 1012 2131 1147 2131 1033 2131 1147 2132 1146 2132 1005 2132 1005 2133 1146 2133 1003 2133 1150 2134 1010 2134 1033 2134 1033 2135 1010 2135 1012 2135 1019 2136 1021 2136 1148 2136 1019 2137 1148 2137 1015 2137 1015 2138 1148 2138 1145 2138 1010 2139 1150 2139 1017 2139 1019 2140 1017 2140 1152 2140 1019 2141 1152 2141 1028 2141 1000 2142 1151 2142 1149 2142 1000 2143 1149 2143 1024 2143 1150 2144 1153 2144 1017 2144 1017 2145 1153 2145 1152 2145 1024 2146 1025 2146 1029 2146 1019 2147 1028 2147 1029 2147 1019 2148 1029 2148 1025 2148 1008 2149 1033 2149 1007 2149 1007 2150 1033 2150 1005 2150 1005 2151 1033 2151 1147 2151 1029 2152 1031 2152 1024 2152 1024 2153 1031 2153 1008 2153 1008 2154 1031 2154 1033 2154 1023 2155 1022 2155 1149 2155 1062 2156 1020 2156 1027 2156 1151 2157 1002 2157 1001 2157 1062 2158 1027 2158 1026 2158 1062 2159 1026 2159 1060 2159 1060 2160 1026 2160 1023 2160 1060 2161 1023 2161 1058 2161 1058 2162 1023 2162 1149 2162 1058 2163 1149 2163 1057 2163 1057 2164 1149 2164 1054 2164 1054 2165 1149 2165 1151 2165 1054 2166 1151 2166 1001 2166 1054 2167 1001 2167 1052 2167 1052 2168 1001 2168 1009 2168 1052 2169 1009 2169 1051 2169 1051 2170 1009 2170 1006 2170 1051 2171 1006 2171 1049 2171 1049 2172 1006 2172 1004 2172 1049 2173 1004 2173 1047 2173 1048 2217 1086 2217 1050 2217 1050 2220 1083 2220 1053 2220 1056 2226 1101 2226 1059 2226 1034 2232 1030 2232 1037 2232 1159 2233 1037 2233 1030 2233 1038 2234 1037 2234 1159 2234 1033 2235 1032 2235 1150 2235 1150 2236 1032 2236 1036 2236 1150 2237 1036 2237 1153 2237 1159 2238 1028 2238 1152 2238 1159 2239 1152 2239 1038 2239 1038 2240 1152 2240 1153 2240 1038 2241 1153 2241 1036 2241</p>
        </triangles>
        <triangles material="Gold-material" count="35">
          <input semantic="VERTEX" source="#Ov5647-mesh-vertices" offset="0"/>
          <input semantic="NORMAL" source="#Ov5647-mesh-normals" offset="1"/>
          <p>1160 2242 1161 2242 1162 2242 1162 7 1161 7 1163 7 1162 2243 1163 2243 1164 2243 1169 2249 1166 2249 1170 2249 1170 9 1166 9 1167 9 1170 2250 1167 2250 1171 2250 1171 2251 1167 2251 1168 2251 1163 2252 1169 2252 1170 2252 1163 2253 1170 2253 1164 2253 1164 2254 1170 2254 1162 2254 1162 2255 1170 2255 1171 2255 1162 2256 1171 2256 1160 2256 1160 2257 1171 2257 1168 2257 1188 0 1192 0 1190 0 1190 0 1192 0 1191 0 1190 2264 1191 2264 1195 2264 1193 0 1192 0 1188 0 1194 2265 1188 2265 1189 2265 1189 0 1188 0 1190 0 1191 2266 1192 2266 1182 2266 1182 2267 1192 2267 1184 2267 1193 2268 1185 2268 1192 2268 1192 2269 1185 2269 1184 2269 1193 2270 1188 2270 1185 2270 1185 2271 1188 2271 1186 2271 1194 2272 1187 2272 1188 2272 1188 2273 1187 2273 1186 2273 1194 2274 1189 2274 1187 2274 1187 2275 1189 2275 1180 2275 1190 2276 1181 2276 1189 2276 1189 2277 1181 2277 1180 2277 1190 2278 1195 2278 1181 2278 1181 2279 1195 2279 1183 2279 1191 2280 1182 2280 1195 2280 1195 2281 1182 2281 1183 2281</p>
        </triangles>
        <triangles material="White-material" count="20">
          <input semantic="VERTEX" source="#Ov5647-mesh-vertices" offset="0"/>
          <input semantic="NORMAL" source="#Ov5647-mesh-normals" offset="1"/>
          <p>1196 2 1197 2 1198 2 1198 2 1197 2 1199 2 1199 503 1197 503 1203 503 1203 503 1197 503 1202 503 1198 7 1199 7 1201 7 1201 7 1199 7 1203 7 1212 503 1213 503 1214 503 1214 503 1213 503 1215 503 1213 7 1212 7 1216 7 1216 7 1212 7 1217 7 1212 6 1214 6 1217 6 1217 6 1214 6 1218 6 1214 9 1215 9 1218 9 1218 9 1215 9 1219 9 1213 2 1216 2 1202 2 1203 2 1219 2 1201 2 1201 2 1219 2 1215 2 1201 2 1215 2 1200 2 1200 2312 1215 2312 1213 2312 1200 2 1213 2 1202 2</p>
        </triangles>
      </mesh>
    </geometry>
  </library_geometries>
  <library_visual_scenes>
    <visual_scene id="Scene" name="Scene">
      <node id="Ov5647" name="Ov5647" type="NODE">
        <matrix sid="transform">1 0 0 0 0 1 0 0 0 0 1 0 0 0 0 1</matrix>
        <instance_geometry url="#Ov5647-mesh" name="Ov5647">
          <bind_material>
            <technique_common>
              <instance_material symbol="Green-material" target="#Green-material"/>
              <instance_material symbol="Black-material" target="#Black-material"/>
              <instance_material symbol="Gold-material" target="#Gold-material"/>
              <instance_material symbol="White-material" target="#White-material"/>
            </technique_common>
          </bind_material>
        </instance_geometry>
      </node>
    </visual_scene>
  </library_visual_scenes>
  <scene>
    <instance_visual_scene url="#Scene"/>
  </scene>
</COLLADA>