<?xml version="1.0" encoding="utf-8"?>
<COLLADA xmlns="http://www.collada.org/2005/11/COLLADASchema" version="1.4.1" xmlns:xsi="http://www.w3.org/2001/XMLSchema-instance">
  <asset>
    <contributor>
      <author>Blender User</author>
      <authoring_tool>Blender 2.90.1 commit date:2020-09-23, commit time:06:43, hash:3e85bb34d0d7</authoring_tool>
    </contributor>
    <created>2025-09-07T12:14:18</created>
    <modified>2025-09-07T12:14:18</modified>
    <unit name="meter" meter="1"/>
    <up_axis>Z_UP</up_axis>
  </asset>
  <library_effects>
    <effect id="Back-effect">
      <profile_COMMON>
        <technique sid="common">
          <lambert>
            <emission>
              <color sid="emission">0 0 0 1</color>
            </emission>
            <diffuse>
              <color sid="diffuse">0.02732088 0.02732088 0.02732089 1</color>
            </diffuse>
            <index_of_refraction>
              <float sid="ior">1.45</float>
            </index_of_refraction>
          </lambert>
        </technique>
      </profile_COMMON>
    </effect>
    <effect id="White-effect">
      <profile_COMMON>
        <technique sid="common">
          <lambert>
            <emission>
              <color sid="emission">0 0 0 1</color>
            </emission>
            <diffuse>
              <color sid="diffuse">0.7991031 0.7991029 0.799103 1</color>
            </diffuse>
            <index_of_refraction>
              <float sid="ior">1.45</float>
            </index_of_refraction>
          </lambert>
        </technique>
      </profile_COMMON>
    </effect>
  </library_effects>
  <library_images/>
  <library_materials>
    <material id="Back-material" name="Back">
      <instance_effect url="#Back-effect"/>
    </material>
    <material id="White-material" name="White">
      <instance_effect url="#White-effect"/>
    </material>
  </library_materials>
  <library_geometries>
    <geometry id="Nano_Atom_Left_Rubber_Wheel_001-mesh" name="Nano Atom Left Rubber Wheel.001">
      <mesh>
        <source id="Nano_Atom_Left_Rubber_Wheel_001-mesh-positions">
          <float_array id="Nano_Atom_Left_Rubber_Wheel_001-mesh-positions-array" count="11187">0.00539124 -0.006692469 0.01996248 0.006177663 -0.001326382 0.02056342 0.006208002 4.7466e-4 0.02058655 0.005247116 5.72213e-4 0.02084732 0.007724583 -0.004883825 0.01959127 0.006978988 -0.004104793 0.02000945 0.00489974 0.006843626 0.02004456 0.004238963 0.006933629 0.02016597 5.15448e-4 0.001714169 0.02144402 0.001554608 0.001490533 0.02140629 0.002213001 -0.002298295 0.02129161 0.002525329 -0.003293991 0.02114951 0.002755105 -0.005966722 0.02066004 0.002798199 -0.005108118 0.0208379 0.003718852 -0.006693601 0.02033925 0.002491533 -0.006991982 0.02043783 0.002720773 -0.004196822 0.02099978 0.003389716 -0.003247439 0.02103722 0.00186491 -0.00139904 0.02138501 0.002493858 -4.22234e-4 0.02135574 1.39344e-4 0.002767741 0.02136194 5.87994e-4 0.004323303 0.02114963 -1.88892e-4 0.004041612 0.02120041 -2.28331e-4 0.0059973 0.02083307 5.74316e-4 0.005769073 0.02087575 -2.89846e-4 0.005260467 0.02098661 -2.16094e-5 0.006883919 0.02062368 0.001041233 0.006883859 0.02059799 0.004755318 0.005794703 0.02033299 0.004780769 0.005023956 0.02048677 0.005383729 0.002492845 0.02070164 0.004335343 0.00245738 0.0209487 0.004922211 0.004056632 0.02061873 0.003833115 0.003888487 0.02087652 0.007400631 -0.002676427 0.02004867 0.007056057 -0.001595914 0.02026379 0.007648944 -0.003829777 0.01980441 0.007672369 -0.005614399 0.01946628 0.006723403 -0.006709754 0.01954442 0.007466554 -0.006557464 0.01931601 0.001562297 0.005315244 0.02092313 0.00340265 0.005289137 0.02070832 0.003205001 0.006953716 0.02034825 0.002486884 0.005289077 0.02083814 0.002265512 0.006955206 0.02047395 0.003402829 0.002439141 0.02112156 0.002457082 0.003386497 0.02114951 0.004351317 5.50061e-4 0.02105355 0.001522839 0.003386557 0.02123725 0.001267731 -2.94673e-5 0.02146679 0.005267918 -0.001335382 0.02081477 0.003419399 5.5005e-4 0.02122479 0.002476751 0.001493811 0.02131938 0.006134092 -0.003221929 0.02041 0.004345715 -0.001335382 0.02102667 0.005228817 -0.003221869 0.02066045 0.003414988 -0.001335382 0.02119773 0.006051242 -0.005104959 0.02013164 0.004313409 -0.003221929 0.0208708 0.004255414 -0.005104959 0.02058619 0.005158305 -0.005105018 0.0203787 0.004154384 0.008999824 0.01726156 0.002887487 0.008977949 0.01791799 0.002653837 0.008999824 0.01756608 6.63992e-4 0.008999884 0.01774334 -9.79862e-4 0.009000122 0.01772856 -0.002797424 0.009000122 0.01753491 -0.004282414 0.008999884 0.017228 -0.004471242 0.008962213 0.01771622 0.003707766 0.00772947 0.01986557 0.005209863 0.007948219 0.01934731 -0.002452373 0.006709039 0.02052217 -0.001495778 0.00695604 0.02054673 -0.003698527 0.006729304 0.02033197 -0.003237366 0.007062494 0.02030634 -0.004842281 0.008762776 0.01830762 -0.003754317 0.008651256 0.01878768 -0.003708899 0.008802413 0.01845681 -0.005332767 0.008376121 0.01885658 -4.81355e-4 0.008725702 0.0189979 -6.87404e-4 0.008453071 0.01947152 1.7996e-4 0.007378339 0.02041882 0.001754581 0.007686316 0.02016276 7.58096e-4 0.008379161 0.01958012 4.39747e-4 0.007888734 0.02008748 0.001792371 0.007973253 0.01993572 0.001024246 0.008728981 0.01898217 0.002057254 0.008811593 0.01869839 -5.77486e-4 0.008808612 0.01880282 -0.001323699 0.007371187 0.02038192 -0.001156926 0.00770992 0.02018898 -9.4537e-4 0.008077144 0.01990181 -0.002093851 0.008259415 0.01961857 -0.006514072 0.006558716 0.01965773 -0.005689144 0.006900966 0.01981508 -0.006193995 0.007284581 0.01950669 -0.004964709 0.007379233 0.01980757 -0.005937993 0.007685661 0.01934736 -0.005700051 0.007990658 0.0191704 -0.003876745 0.008468389 0.01907187 0.005256295 0.009004354 0.01695591 0.004263639 0.008809387 0.01831787 0.005407691 0.008922815 0.01765596 0.00430274 0.008661627 0.0186491 0.005343139 0.008373975 0.01885575 0.005408942 0.008652091 0.01838392 0.005060613 0.007453143 0.01974266 0.003753185 0.007409155 0.02005821 -0.004769682 0.00690639 0.02005511 0.001844942 0.007387578 0.02033233 -0.004024684 0.007709801 0.0198177 -0.003978192 0.007994055 0.01959884 -0.003920793 0.008248269 0.01935005 -0.003097474 0.007400691 0.02017378 -0.002273142 0.007898569 0.01995605 -0.002060353 0.008476793 0.01933944 -0.001993834 0.008659183 0.01904129 -0.001938581 0.008806228 0.01871734 -0.001871109 0.008913755 0.01839727 7.70775e-4 0.008913397 0.0184561 -0.00133109 0.008978545 0.01810264 0.003614306 0.00800234 0.01966035 0.002687633 0.008249223 0.01955842 0.004069447 0.008368551 0.01917427 0.002651929 0.008471727 0.0192756 0.002613961 0.008658289 0.0189681 0.003324806 0.008915066 0.01818186 0.004261314 -0.007062315 0.02011632 -0.00135976 -0.006698846 0.02062642 -6.46286e-4 -0.007069826 0.02054947 -0.002710759 -0.006682217 0.02050101 -0.002599835 -0.007067561 0.02039581 0.004285991 -0.009000122 0.01722675 0.00525707 -0.009000003 0.01695603 0.005381703 -0.008980154 0.01729774 0.003124058 -0.009000003 0.01747459 0.002268671 -0.008978545 0.01800817 -1.6369e-4 -0.009000003 0.01776409 -0.002025663 -0.008999943 0.01763713 -0.001908063 -0.008977949 0.01804786 0.006897628 -0.007684648 0.01902723 0.006661117 -0.007990837 0.01885819 0.001492977 -0.008725583 0.01894521 0.001698255 -0.008453428 0.019409 -0.004281461 -0.009004294 0.01722788 -0.003255903 -0.008809208 0.01852422 -0.004432141 -0.008923053 0.01792478 -0.002754271 -0.008914172 0.0182684 -0.003284513 -0.008661448 0.01885563 -0.004070341 -0.007451653 0.01997071 -0.004222631 -0.007939934 0.01959472 -0.004336416 -0.008295297 0.01920551 -0.003322541 -0.008478343 0.01915901 -0.004430353 -0.008652567 0.01864308 -0.002673208 -0.007409572 0.02023047 -0.003912746 -0.006863117 0.02025425 9.01017e-4 -0.007224261 0.0204789 2.53197e-4 -0.008378982 0.01959288 5.61643e-4 -0.0079059 0.02006864 -7.30649e-4 -0.007973909 0.02000194 -6.88275e-4 -0.007689714 0.02022451 -1.32037e-5 -0.008728981 0.0190097 -0.0010432 -0.008811533 0.01878201 0.001604855 -0.008812546 0.01873761 0.002243757 -0.007567763 0.02019578 0.001956462 -0.008077144 0.01982796 0.003183901 -0.00800848 0.01972872 0.003095984 -0.008258998 0.01948601 0.005945801 -0.00737977 0.01953512 0.007150113 -0.007284402 0.01917695 0.006342291 -0.008331775 0.01859313 0.005558907 -0.008911013 0.01764971 0.005839705 -0.008747816 0.01806282 -0.003176629 -0.008999824 0.01746797 0.001913607 -0.009000122 0.01765191 1.88679e-4 -0.008913755 0.01849067 0.003483653 -0.008872449 0.01831775 0.002970278 -0.008659124 0.01891356 0.003050982 -0.008476555 0.01920831 -0.002556741 -0.008249223 0.01957589 -0.002587497 -0.007993996 0.01983034 -0.002604544 -0.007716238 0.02004903 0.004700481 -0.008653759 0.01856923 0.004805088 -0.008466601 0.01886147 0.004893064 -0.008249223 0.01912617 0.005123198 -0.007892012 0.01942658 0.004079699 -0.007709801 0.01980632 0.004119396 -0.007400631 0.01999008 -7.0907e-4 -0.007389903 0.0204032 0.006062507 -0.007056295 0.01964902 -0.001581847 -0.00865823 0.01908189 -0.00144428 -0.008393585 0.01951932 -7.90167e-5 -0.006695151 0.02067613 -0.003765285 -0.001193642 0.01734995 -0.004680573 9.44115e-4 0.01712369 -0.004884421 0.008200645 0.01706677 -0.004619777 0.004913806 0.01713967 -0.005753815 0.005453824 0.01679301 -0.00538659 0.007225394 0.0169149 -0.005657196 0.006282031 0.01682585 -0.005141973 0.002125024 0.0169909 -0.005540609 0.003438413 0.01686483 -0.005728423 0.00456506 0.01680171 -0.002815604 -0.006067454 0.01752674 -0.002832114 -0.004228949 0.017524 -0.002757787 -0.005002021 0.01753568 -0.002988874 -0.003427982 0.01749819 -0.003319561 -0.002352952 0.01743841 -0.003545045 -0.008002996 0.017394 -0.00312376 -0.007170081 0.01747411 -0.003929853 -0.008567988 0.01731038 0.004674136 0.001381039 0.01712572 0.005512118 -6.11647e-4 0.01687544 0.005930721 -0.008074223 0.01673239 0.005588412 -0.004913806 0.01684874 0.006385385 -0.007094144 0.01656341 0.006701588 -0.00545293 0.01643776 0.006606876 -0.006281316 0.01647615 0.006108105 -0.002143025 0.01666802 0.006495833 -0.003454864 0.01652044 0.006676375 -0.004562616 0.01644808 0.003946542 0.006626904 0.01730716 0.003800451 0.005913257 0.01733982 0.003760218 0.005130529 0.01734852 0.00383228 0.004184246 0.01733309 0.004170775 0.002763986 0.01725524 0.004733681 0.00833404 0.01710802 0.004193305 0.00734061 0.0172491 4.96809e-4 0.001744508 0.01899564 0.002616226 -0.006603181 0.01881909 0.00224322 -0.007585227 0.01886528 0.001746296 -0.008388876 0.01892113 0.002771615 -0.005767822 0.01879674 0.002795159 -0.004920899 0.01879328 0.002646625 -0.003778338 0.01881492 0.002348661 -0.002697288 0.01885437 0.001891314 -0.001455724 0.0189138 -2.09063e-5 0.00330913 0.01900011 -1.97225e-4 0.004139959 0.01899898 -2.85406e-4 0.004964053 0.01899784 -2.61846e-4 0.005717456 0.0189982 -1.54196e-4 0.006405711 0.01899945 1.49442e-4 0.007333934 0.01899993 6.15592e-4 0.008174598 0.01899188 -0.001787781 0.005401909 0.02088749 -0.001781165 0.005575418 0.0189163 3.955e-4 -0.008174657 0.01899772 8.61685e-4 -0.007333874 0.01898097 0.00116533 -0.006405532 0.01896429 0.001182556 -0.006354451 0.02072304 0.001300096 -0.005266308 0.02094709 0.001297295 -0.005441248 0.01895564 0.001225054 -0.004196286 0.01896053 0.001200675 -0.004044532 0.02116614 8.84752e-4 -0.002793073 0.0189799 7.68793e-4 -0.002436995 0.02138274 3.16582e-4 -0.001278698 0.01900017 -1.02408e-4 -3.10469e-4 0.0215069 -6.94526e-4 0.001021265 0.01899135 -8.16651e-4 0.001309692 0.02145534 -0.001268982 0.002481877 0.01895797 -0.001189827 0.002264976 0.02137476 -0.001549899 0.003432273 0.01893675 -0.001476466 0.003156304 0.02126568 -0.001738667 0.004390418 0.0189203 -0.001716494 0.004222214 0.02110254 -0.001643598 0.006435871 0.01892876 -0.001423478 0.007148742 0.01894676 -0.001698732 0.006179988 0.02072358 -0.001078903 0.007853507 0.0189675 -7.35309e-4 0.008388757 0.01898735 -0.00321567 0.005300104 0.02073633 -0.006764233 0.004521787 0.02000999 -0.006017267 0.004342615 0.02028161 -0.002731084 0.00423032 0.0210002 -0.002376914 0.002452909 0.02126055 -0.001471996 6.01277e-4 0.0214467 -5.16941e-4 -0.001333713 0.02146446 4.5141e-4 -0.004146456 0.02118176 4.28344e-4 -0.0055902 0.02091687 -0.003256082 -0.005142927 0.0207597 -0.003778457 -0.006024539 0.02048265 -0.00376898 -0.005125761 0.02067476 -0.003323554 -0.003276705 0.02104479 -0.003974139 -0.003867328 0.02085041 -0.004427313 -0.002413034 0.0209341 -0.00424236 -3.93213e-4 0.02107828 -0.005171418 -6.14646e-4 0.02086859 -0.005152881 0.001481652 0.02083522 -0.005814135 8.87175e-4 0.02068728 -0.006386756 0.002461194 0.02041846 -0.006671249 0.003682732 0.02017569 -0.005927979 0.005769073 0.02002459 -0.006745636 0.005450248 0.01983565 -0.0050053 0.005299746 0.02037847 -0.005138993 0.003386557 0.02066224 -0.004122436 0.00527513 0.02057975 -0.0042243 0.003386557 0.02086848 -0.004258334 0.001493871 0.02103608 -0.003317296 0.0024392 0.02113521 -0.003333508 5.50034e-4 0.02123844 -0.003329336 -0.001335382 0.02121138 -0.002341389 -0.005104959 0.02089065 -0.002374529 -0.003221929 0.02117913 -0.002392232 -0.001335382 0.02133738 -0.002395212 5.50074e-4 0.02136462 -0.001419365 -0.005104899 0.02097344 -0.00143975 -0.003221869 0.02126318 -0.001450479 -0.001335442 0.02142202 -4.94619e-4 -0.005104899 0.02101558 -5.02213e-4 -0.003221869 0.02130597 -0.008865833 -0.001401305 0.01538234 -0.008679986 0.009000062 0.01548463 -0.009391784 0.009000897 0.01506447 -0.009967207 0.008101701 0.0146892 -0.009723544 0.004671275 0.01485139 -0.0096457 0.008645355 0.01490217 -0.01065224 0.004689157 0.01420009 -0.01064938 0.005681872 0.01420223 -0.01031053 0.007337689 0.01445066 -0.01055133 0.006440699 0.01427531 -0.01012587 0.002067327 0.01458102 -0.01048743 0.003475606 0.01432245 -0.00970745 8.47688e-4 0.01486194 -0.008309543 -0.006977498 0.01568657 -0.00759834 -0.009000003 0.01604318 -0.008146107 -0.006323814 0.01577192 -0.008510172 -0.008999824 0.01558142 -0.008613288 -0.007742941 0.01552307 -0.008056402 -0.005661785 0.01581794 -0.008044898 -0.004972755 0.01582366 -0.007663369 0.009000003 0.01601356 -0.008099019 -0.004288613 0.015796 -0.008332252 -0.003070116 0.01567518 -0.008977651 -0.008401215 0.01531404 -0.009394824 -0.009003102 0.01506727 -0.006599187 -0.009000003 0.0164805 -0.005991518 6.57569e-4 0.01671463 -0.005718827 -0.009001016 0.01680582 -0.00533235 -0.008514046 0.0169323 -0.005344331 -0.004671335 0.01692777 -0.004240632 -0.005003452 0.01723742 -0.004254937 -0.005681037 0.0172339 -0.004571914 -0.007091462 0.0171526 -0.004842877 -0.00771135 0.01707839 -0.004373848 -0.006440401 0.01720422 -0.00486499 -0.002113342 0.01707255 -0.004535675 -0.00316447 0.0171622 -0.004321217 -0.004124462 0.01721745 -0.006951451 0.006740331 0.01633381 -0.007091164 0.006079316 0.01627349 -0.006692528 0.008999884 0.01644432 -0.006418228 0.008010268 0.01655131 -0.006720125 0.007395267 0.01642972 -0.007154762 0.005411088 0.01624566 -0.007132887 0.004636168 0.01625525 -0.006998896 0.003696441 0.01631355 -0.00666207 0.002425193 0.01645386 -0.005729794 0.009001612 0.01680624 -0.007733583 -0.006876409 0.01912015 -0.007908344 -0.008981645 0.01627874 -0.009680032 -0.008951902 0.01553171 -0.00805962 -0.00892806 0.01656699 -0.009859621 -0.008829057 0.01596003 -0.008324623 -0.008724153 0.01711165 -0.01003092 -0.008484125 0.01665943 -0.008753001 -0.008559763 0.01722979 -0.01006418 -0.008201837 0.01703947 -0.01006984 -0.007857084 0.01741194 -0.01003724 -0.007357597 0.01780068 -0.008932232 -0.00706017 0.01851958 -0.009973943 -0.006815969 0.01807212 -0.006546735 -0.007324278 0.01937103 -0.005476355 -0.007244467 0.0197429 -0.006549775 -0.007024645 0.01950484 -0.005331397 -0.006628572 0.01998931 -0.00563389 -0.007790803 0.01936656 -0.005765199 -0.008224248 0.01890993 -0.005869925 -0.008921623 0.01749688 -0.005880534 -0.008661031 0.01823431 -0.005792737 -0.008987367 0.01707291 -0.007507562 -0.008826971 0.01720911 -0.00865519 -0.008262157 0.01773387 -0.008797049 -0.007902085 0.0180459 -0.00886476 -0.007642984 0.01822417 -0.008157074 -0.007346749 0.01873832 -0.007053077 -0.008459568 0.01815885 -0.007140219 -0.008146405 0.01852327 -0.007219254 -0.007902085 0.01873296 -0.007288336 -0.007634401 0.01891618 -0.008957684 -0.006699562 0.01863408 -0.00646156 -0.006684303 0.01964408 -0.007656037 0.008981645 0.01639962 -0.01223599 0.006631851 0.01668059 -0.01150882 0.006896853 0.01710402 -0.01194643 0.007244825 0.01664483 -0.01096546 0.007323026 0.01725947 -0.01165235 0.007656395 0.01657265 -0.01068997 0.007885992 0.01700598 -0.01120167 0.008125364 0.01641571 -0.01076388 0.008470654 0.01621896 -0.009866476 0.008920967 0.01559865 -0.01032936 0.008727312 0.01595932 -0.009563565 0.008987426 0.01528066 -0.00617063 0.008828639 0.01771724 -0.005928337 0.008951544 0.01731646 -0.007230043 0.007860243 0.01876604 -0.006839156 0.008296966 0.01846218 -0.006530165 0.008572816 0.0181626 -0.008637726 0.007348179 0.01852089 -0.008400082 0.006908118 0.01882535 -0.00781399 0.006846725 0.01909548 -0.007578372 0.007334887 0.01898431 -0.008540928 0.007641017 0.01838058 -0.009225368 0.00689888 0.01843702 -0.01081001 0.006897985 0.01755529 -0.01005989 0.006598055 0.01809144 -0.009926676 0.007191538 0.01794761 -0.009916186 0.008146464 0.01719796 -0.009685099 0.00845915 0.01690316 -0.008434712 0.008034348 0.01809781 -0.008197784 0.008466541 0.01766192 -0.008048772 0.008724629 0.01724278 -0.008648514 0.008825957 0.01666927 -0.007787585 0.008928239 0.01669687 -0.01000559 0.007741153 0.01755231 -0.007107794 -0.0016613 0.02024018 -0.006742835 -3.15054e-4 0.02041727 -0.007990121 -3.4492e-4 0.01995778 -0.00837332 0.00110352 0.01978582 -0.007763385 0.002338886 0.01994448 -0.008815884 0.002736985 0.01946109 -0.009087264 0.005382716 0.01889979 -0.01104831 0.005402982 0.01781547 -0.01181519 0.005834758 0.01720285 -0.00722444 8.37948e-4 0.02024072 -0.008160054 0.005339503 0.01932126 -0.0113213 0.001851201 0.01820689 -0.01173901 3.63954e-4 0.01801532 -0.01043915 -0.003117442 0.01859211 -0.009921371 -0.005810499 0.01836806 -0.009980738 -0.005131006 0.01849949 -0.01012957 -0.004256606 0.01858413 -0.009631216 -0.003437817 0.0189808 -0.01134961 -6.56711e-4 0.01825386 -0.01056694 -8.32588e-4 0.01871377 -0.01080632 -0.002073287 0.01849901 -0.01229155 0.002088248 0.01754701 -0.0125035 0.005698025 0.01674813 -0.01261705 0.004618883 0.01691985 -0.01195651 0.004443705 0.01743084 -0.01256114 0.003457903 0.01718378 -0.008021771 0.006170094 0.01918578 -0.008160889 0.00436902 0.01951414 -0.008066117 0.003592729 0.01967322 -0.006094038 -0.00186932 0.02055442 -0.005742609 -0.002839744 0.02056795 -0.0054273 -0.003932297 0.02051007 -0.006105124 -0.004291236 0.02026259 -0.005242228 -0.005120038 0.02035212 -0.005246758 -0.00597912 0.02016705 -0.00653243 -0.005252182 0.01995646 -0.00961405 0.003615498 0.01896369 -0.01037734 0.004500508 0.01840448 -0.009694814 0.001852095 0.01912289 -0.01049363 0.002732753 0.01861071 -0.01125079 0.003615558 0.01804083 -0.008866488 9.43637e-5 0.01959031 -0.007973253 -0.001661241 0.01991564 -0.009723484 9.43331e-5 0.0191794 -0.010553 9.72711e-4 0.01871585 -0.007030844 -0.003418624 0.02009248 -0.008845508 -0.001661241 0.01954388 -0.00791186 -0.003418564 0.01976221 -0.009700477 -0.001661241 0.01913392 -0.008777379 -0.003418564 0.01939326 -0.007807433 -0.005172908 0.01950329 -0.008661627 -0.005172848 0.01913923 -0.01538234 -0.001401305 -0.008865833 -0.01548463 0.009000062 -0.008679986 -0.01506447 0.009000897 -0.009391784 -0.0146892 0.008101701 -0.009967207 -0.01485139 0.004671275 -0.009723544 -0.01490217 0.008645355 -0.0096457 -0.01420009 0.004689157 -0.01065224 -0.01420223 0.005681872 -0.01064938 -0.01445066 0.007337689 -0.01031053 -0.01427531 0.006440699 -0.01055133 -0.01458102 0.002067327 -0.01012587 -0.01432245 0.003475606 -0.01048743 -0.01486194 8.47688e-4 -0.00970745 -0.01568657 -0.006977498 -0.008309543 -0.01604318 -0.009000003 -0.00759834 -0.01577192 -0.006323814 -0.008146107 -0.01558142 -0.008999824 -0.008510172 -0.01552307 -0.007742941 -0.008613288 -0.01581794 -0.005661785 -0.008056402 -0.01582366 -0.004972755 -0.008044898 -0.01601356 0.009000003 -0.007663369 -0.015796 -0.004288613 -0.008099019 -0.01567518 -0.003070116 -0.008332252 -0.01531404 -0.008401215 -0.008977651 -0.01506727 -0.009003102 -0.009394824 -0.0164805 -0.009000003 -0.006599187 -0.01671463 6.57569e-4 -0.005991518 -0.01680582 -0.009001016 -0.005718827 -0.0169323 -0.008514046 -0.00533235 -0.01692777 -0.004671335 -0.005344331 -0.01723742 -0.005003452 -0.004240632 -0.0172339 -0.005681037 -0.004254937 -0.0171526 -0.007091462 -0.004571914 -0.01707839 -0.00771135 -0.004842877 -0.01720422 -0.006440401 -0.004373848 -0.01707255 -0.002113342 -0.00486499 -0.0171622 -0.00316447 -0.004535675 -0.01721745 -0.004124462 -0.004321217 -0.01633381 0.006740331 -0.006951451 -0.01627349 0.006079316 -0.007091164 -0.01644432 0.008999884 -0.006692528 -0.01655131 0.008010268 -0.006418228 -0.01642972 0.007395267 -0.006720125 -0.01624566 0.005411088 -0.007154762 -0.01625525 0.004636168 -0.007132887 -0.01631355 0.003696441 -0.006998896 -0.01645386 0.002425193 -0.00666207 -0.01680624 0.009001612 -0.005729794 -0.01912015 -0.006876409 -0.007733583 -0.01627874 -0.008981645 -0.007908344 -0.01553171 -0.008951902 -0.009680032 -0.01656699 -0.00892806 -0.00805962 -0.01596003 -0.008829057 -0.009859621 -0.01711165 -0.008724153 -0.008324623 -0.01665943 -0.008484125 -0.01003092 -0.01722979 -0.008559763 -0.008753001 -0.01703947 -0.008201837 -0.01006418 -0.01741194 -0.007857084 -0.01006984 -0.01780068 -0.007357597 -0.01003724 -0.01851958 -0.00706017 -0.008932232 -0.01807212 -0.006815969 -0.009973943 -0.01937103 -0.007324278 -0.006546735 -0.0197429 -0.007244467 -0.005476355 -0.01950484 -0.007024645 -0.006549775 -0.01998931 -0.006628572 -0.005331397 -0.01936656 -0.007790803 -0.00563389 -0.01890993 -0.008224248 -0.005765199 -0.01749688 -0.008921623 -0.005869925 -0.01823431 -0.008661031 -0.005880534 -0.01707291 -0.008987367 -0.005792737 -0.01720911 -0.008826971 -0.007507562 -0.01773387 -0.008262157 -0.00865519 -0.0180459 -0.007902085 -0.008797049 -0.01822417 -0.007642984 -0.00886476 -0.01873832 -0.007346749 -0.008157074 -0.01815885 -0.008459568 -0.007053077 -0.01852327 -0.008146405 -0.007140219 -0.01873296 -0.007902085 -0.007219254 -0.01891618 -0.007634401 -0.007288336 -0.01863408 -0.006699562 -0.008957684 -0.01964408 -0.006684303 -0.00646156 -0.01639962 0.008981645 -0.007656037 -0.01668059 0.006631851 -0.01223599 -0.01710402 0.006896853 -0.01150882 -0.01664483 0.007244825 -0.01194643 -0.01725947 0.007323026 -0.01096546 -0.01657265 0.007656395 -0.01165235 -0.01700598 0.007885992 -0.01068997 -0.01641571 0.008125364 -0.01120167 -0.01621896 0.008470654 -0.01076388 -0.01559865 0.008920967 -0.009866476 -0.01595932 0.008727312 -0.01032936 -0.01528066 0.008987426 -0.009563565 -0.01771724 0.008828639 -0.00617063 -0.01731646 0.008951544 -0.005928337 -0.01876604 0.007860243 -0.007230043 -0.01846218 0.008296966 -0.006839156 -0.0181626 0.008572816 -0.006530165 -0.01852089 0.007348179 -0.008637726 -0.01882535 0.006908118 -0.008400082 -0.01909548 0.006846725 -0.00781399 -0.01898431 0.007334887 -0.007578372 -0.01838058 0.007641017 -0.008540928 -0.01843702 0.00689888 -0.009225368 -0.01755529 0.006897985 -0.01081001 -0.01809144 0.006598055 -0.01005989 -0.01794761 0.007191538 -0.009926676 -0.01719796 0.008146464 -0.009916186 -0.01690316 0.00845915 -0.009685099 -0.01809781 0.008034348 -0.008434712 -0.01766192 0.008466541 -0.008197784 -0.01724278 0.008724629 -0.008048772 -0.01666927 0.008825957 -0.008648514 -0.01669687 0.008928239 -0.007787585 -0.01755231 0.007741153 -0.01000559 -0.02024018 -0.0016613 -0.007107794 -0.02041727 -3.15054e-4 -0.006742835 -0.01995778 -3.4492e-4 -0.007990121 -0.01978582 0.00110352 -0.00837332 -0.01994448 0.002338886 -0.007763385 -0.01946109 0.002736985 -0.008815884 -0.01889979 0.005382716 -0.009087264 -0.01781547 0.005402982 -0.01104831 -0.01720285 0.005834758 -0.01181519 -0.02024072 8.37948e-4 -0.00722444 -0.01932126 0.005339503 -0.008160054 -0.01820689 0.001851201 -0.0113213 -0.01801532 3.63954e-4 -0.01173901 -0.01859211 -0.003117442 -0.01043915 -0.01836806 -0.005810499 -0.009921371 -0.01849949 -0.005131006 -0.009980738 -0.01858413 -0.004256606 -0.01012957 -0.0189808 -0.003437817 -0.009631216 -0.01825386 -6.56711e-4 -0.01134961 -0.01871377 -8.32588e-4 -0.01056694 -0.01849901 -0.002073287 -0.01080632 -0.01754701 0.002088248 -0.01229155 -0.01674813 0.005698025 -0.0125035 -0.01691985 0.004618883 -0.01261705 -0.01743084 0.004443705 -0.01195651 -0.01718378 0.003457903 -0.01256114 -0.01918578 0.006170094 -0.008021771 -0.01951414 0.00436902 -0.008160889 -0.01967322 0.003592729 -0.008066117 -0.02055442 -0.00186932 -0.006094038 -0.02056795 -0.002839744 -0.005742609 -0.02051007 -0.003932297 -0.0054273 -0.02026259 -0.004291236 -0.006105124 -0.02035212 -0.005120038 -0.005242228 -0.02016705 -0.00597912 -0.005246758 -0.01995646 -0.005252182 -0.00653243 -0.01896369 0.003615498 -0.00961405 -0.01840448 0.004500508 -0.01037734 -0.01912289 0.001852095 -0.009694814 -0.01861071 0.002732753 -0.01049363 -0.01804083 0.003615558 -0.01125079 -0.01959031 9.43637e-5 -0.008866488 -0.01991564 -0.001661241 -0.007973253 -0.0191794 9.43332e-5 -0.009723484 -0.01871585 9.72711e-4 -0.010553 -0.02009248 -0.003418624 -0.007030844 -0.01954388 -0.001661241 -0.008845508 -0.01976221 -0.003418564 -0.00791186 -0.01913392 -0.001661241 -0.009700477 -0.01939326 -0.003418564 -0.008777379 -0.01950329 -0.005172908 -0.007807433 -0.01913923 -0.005172848 -0.008661627 0.01538234 -0.001401305 0.008865833 0.01548463 0.009000062 0.008679986 0.01506447 0.009000897 0.009391784 0.0146892 0.008101701 0.009967207 0.01485139 0.004671275 0.009723544 0.01490217 0.008645355 0.0096457 0.01420009 0.004689157 0.01065224 0.01420223 0.005681872 0.01064938 0.01445066 0.007337689 0.01031053 0.01427531 0.006440699 0.01055133 0.01458102 0.002067327 0.01012587 0.01432245 0.003475606 0.01048743 0.01486194 8.47688e-4 0.00970745 0.01568657 -0.006977498 0.008309543 0.01604318 -0.009000003 0.00759834 0.01577192 -0.006323814 0.008146107 0.01558142 -0.008999824 0.008510172 0.01552307 -0.007742941 0.008613288 0.01581794 -0.005661785 0.008056402 0.01582366 -0.004972755 0.008044898 0.01601356 0.009000003 0.007663369 0.015796 -0.004288613 0.008099019 0.01567518 -0.003070116 0.008332252 0.01531404 -0.008401215 0.008977651 0.01506727 -0.009003102 0.009394824 0.0164805 -0.009000003 0.006599187 0.01671463 6.57569e-4 0.005991518 0.01680582 -0.009001016 0.005718827 0.0169323 -0.008514046 0.00533235 0.01692777 -0.004671335 0.005344331 0.01723742 -0.005003452 0.004240632 0.0172339 -0.005681037 0.004254937 0.0171526 -0.007091462 0.004571914 0.01707839 -0.00771135 0.004842877 0.01720422 -0.006440401 0.004373848 0.01707255 -0.002113342 0.00486499 0.0171622 -0.00316447 0.004535675 0.01721745 -0.004124462 0.004321217 0.01633381 0.006740331 0.006951451 0.01627349 0.006079316 0.007091164 0.01644432 0.008999884 0.006692528 0.01655131 0.008010268 0.006418228 0.01642972 0.007395267 0.006720125 0.01624566 0.005411088 0.007154762 0.01625525 0.004636168 0.007132887 0.01631355 0.003696441 0.006998896 0.01645386 0.002425193 0.00666207 0.01680624 0.009001612 0.005729794 0.01912015 -0.006876409 0.007733583 0.01627874 -0.008981645 0.007908344 0.01553171 -0.008951902 0.009680032 0.01656699 -0.00892806 0.00805962 0.01596003 -0.008829057 0.009859621 0.01711165 -0.008724153 0.008324623 0.01665943 -0.008484125 0.01003092 0.01722979 -0.008559763 0.008753001 0.01703947 -0.008201837 0.01006418 0.01741194 -0.007857084 0.01006984 0.01780068 -0.007357597 0.01003724 0.01851958 -0.00706017 0.008932232 0.01807212 -0.006815969 0.009973943 0.01937103 -0.007324278 0.006546735 0.0197429 -0.007244467 0.005476355 0.01950484 -0.007024645 0.006549775 0.01998931 -0.006628572 0.005331397 0.01936656 -0.007790803 0.00563389 0.01890993 -0.008224248 0.005765199 0.01749688 -0.008921623 0.005869925 0.01823431 -0.008661031 0.005880534 0.01707291 -0.008987367 0.005792737 0.01720911 -0.008826971 0.007507562 0.01773387 -0.008262157 0.00865519 0.0180459 -0.007902085 0.008797049 0.01822417 -0.007642984 0.00886476 0.01873832 -0.007346749 0.008157074 0.01815885 -0.008459568 0.007053077 0.01852327 -0.008146405 0.007140219 0.01873296 -0.007902085 0.007219254 0.01891618 -0.007634401 0.007288336 0.01863408 -0.006699562 0.008957684 0.01964408 -0.006684303 0.00646156 0.01639962 0.008981645 0.007656037 0.01668059 0.006631851 0.01223599 0.01710402 0.006896853 0.01150882 0.01664483 0.007244825 0.01194643 0.01725947 0.007323026 0.01096546 0.01657265 0.007656395 0.01165235 0.01700598 0.007885992 0.01068997 0.01641571 0.008125364 0.01120167 0.01621896 0.008470654 0.01076388 0.01559865 0.008920967 0.009866476 0.01595932 0.008727312 0.01032936 0.01528066 0.008987426 0.009563565 0.01771724 0.008828639 0.00617063 0.01731646 0.008951544 0.005928337 0.01876604 0.007860243 0.007230043 0.01846218 0.008296966 0.006839156 0.0181626 0.008572816 0.006530165 0.01852089 0.007348179 0.008637726 0.01882535 0.006908118 0.008400082 0.01909548 0.006846725 0.00781399 0.01898431 0.007334887 0.007578372 0.01838058 0.007641017 0.008540928 0.01843702 0.00689888 0.009225368 0.01755529 0.006897985 0.01081001 0.01809144 0.006598055 0.01005989 0.01794761 0.007191538 0.009926676 0.01719796 0.008146464 0.009916186 0.01690316 0.00845915 0.009685099 0.01809781 0.008034348 0.008434712 0.01766192 0.008466541 0.008197784 0.01724278 0.008724629 0.008048772 0.01666927 0.008825957 0.008648514 0.01669687 0.008928239 0.007787585 0.01755231 0.007741153 0.01000559 0.02024018 -0.0016613 0.007107794 0.02041727 -3.15054e-4 0.006742835 0.01995778 -3.4492e-4 0.007990121 0.01978582 0.00110352 0.00837332 0.01994448 0.002338886 0.007763385 0.01946109 0.002736985 0.008815884 0.01889979 0.005382716 0.009087264 0.01781547 0.005402982 0.01104831 0.01720285 0.005834758 0.01181519 0.02024072 8.37948e-4 0.00722444 0.01932126 0.005339503 0.008160054 0.01820689 0.001851201 0.0113213 0.01801532 3.63954e-4 0.01173901 0.01859211 -0.003117442 0.01043915 0.01836806 -0.005810499 0.009921371 0.01849949 -0.005131006 0.009980738 0.01858413 -0.004256606 0.01012957 0.0189808 -0.003437817 0.009631216 0.01825386 -6.56711e-4 0.01134961 0.01871377 -8.32588e-4 0.01056694 0.01849901 -0.002073287 0.01080632 0.01754701 0.002088248 0.01229155 0.01674813 0.005698025 0.0125035 0.01691985 0.004618883 0.01261705 0.01743084 0.004443705 0.01195651 0.01718378 0.003457903 0.01256114 0.01918578 0.006170094 0.008021771 0.01951414 0.00436902 0.008160889 0.01967322 0.003592729 0.008066117 0.02055442 -0.00186932 0.006094038 0.02056795 -0.002839744 0.005742609 0.02051007 -0.003932297 0.0054273 0.02026259 -0.004291236 0.006105124 0.02035212 -0.005120038 0.005242228 0.02016705 -0.00597912 0.005246758 0.01995646 -0.005252182 0.00653243 0.01896369 0.003615498 0.00961405 0.01840448 0.004500508 0.01037734 0.01912289 0.001852095 0.009694814 0.01861071 0.002732753 0.01049363 0.01804083 0.003615558 0.01125079 0.01959031 9.43637e-5 0.008866488 0.01991564 -0.001661241 0.007973253 0.0191794 9.43332e-5 0.009723484 0.01871585 9.72711e-4 0.010553 0.02009248 -0.003418624 0.007030844 0.01954388 -0.001661241 0.008845508 0.01976221 -0.003418564 0.00791186 0.01913392 -0.001661241 0.009700477 0.01939326 -0.003418564 0.008777379 0.01950329 -0.005172908 0.007807433 0.01913923 -0.005172848 0.008661627 0.008865833 -0.001401305 -0.01538234 0.008679986 0.009000062 -0.01548463 0.009391784 0.009000897 -0.01506447 0.009967207 0.008101701 -0.0146892 0.009723544 0.004671275 -0.01485139 0.0096457 0.008645355 -0.01490217 0.01065224 0.004689157 -0.01420009 0.01064938 0.005681872 -0.01420223 0.01031053 0.007337689 -0.01445066 0.01055133 0.006440699 -0.01427531 0.01012587 0.002067327 -0.01458102 0.01048743 0.003475606 -0.01432245 0.00970745 8.47688e-4 -0.01486194 0.008309543 -0.006977498 -0.01568657 0.00759834 -0.009000003 -0.01604318 0.008146107 -0.006323814 -0.01577192 0.008510172 -0.008999824 -0.01558142 0.008613288 -0.007742941 -0.01552307 0.008056402 -0.005661785 -0.01581794 0.008044898 -0.004972755 -0.01582366 0.007663369 0.009000003 -0.01601356 0.008099019 -0.004288613 -0.015796 0.008332252 -0.003070116 -0.01567518 0.008977651 -0.008401215 -0.01531404 0.009394824 -0.009003102 -0.01506727 0.006599187 -0.009000003 -0.0164805 0.005991518 6.57569e-4 -0.01671463 0.005718827 -0.009001016 -0.01680582 0.00533235 -0.008514046 -0.0169323 0.005344331 -0.004671335 -0.01692777 0.004240632 -0.005003452 -0.01723742 0.004254937 -0.005681037 -0.0172339 0.004571914 -0.007091462 -0.0171526 0.004842877 -0.00771135 -0.01707839 0.004373848 -0.006440401 -0.01720422 0.00486499 -0.002113342 -0.01707255 0.004535675 -0.00316447 -0.0171622 0.004321217 -0.004124462 -0.01721745 0.006951451 0.006740331 -0.01633381 0.007091164 0.006079316 -0.01627349 0.006692528 0.008999884 -0.01644432 0.006418228 0.008010268 -0.01655131 0.006720125 0.007395267 -0.01642972 0.007154762 0.005411088 -0.01624566 0.007132887 0.004636168 -0.01625525 0.006998896 0.003696441 -0.01631355 0.00666207 0.002425193 -0.01645386 0.005729794 0.009001612 -0.01680624 0.007733583 -0.006876409 -0.01912015 0.007908344 -0.008981645 -0.01627874 0.009680032 -0.008951902 -0.01553171 0.00805962 -0.00892806 -0.01656699 0.009859621 -0.008829057 -0.01596003 0.008324623 -0.008724153 -0.01711165 0.01003092 -0.008484125 -0.01665943 0.008753001 -0.008559763 -0.01722979 0.01006418 -0.008201837 -0.01703947 0.01006984 -0.007857084 -0.01741194 0.01003724 -0.007357597 -0.01780068 0.008932232 -0.00706017 -0.01851958 0.009973943 -0.006815969 -0.01807212 0.006546735 -0.007324278 -0.01937103 0.005476355 -0.007244467 -0.0197429 0.006549775 -0.007024645 -0.01950484 0.005331397 -0.006628572 -0.01998931 0.00563389 -0.007790803 -0.01936656 0.005765199 -0.008224248 -0.01890993 0.005869925 -0.008921623 -0.01749688 0.005880534 -0.008661031 -0.01823431 0.005792737 -0.008987367 -0.01707291 0.007507562 -0.008826971 -0.01720911 0.00865519 -0.008262157 -0.01773387 0.008797049 -0.007902085 -0.0180459 0.00886476 -0.007642984 -0.01822417 0.008157074 -0.007346749 -0.01873832 0.007053077 -0.008459568 -0.01815885 0.007140219 -0.008146405 -0.01852327 0.007219254 -0.007902085 -0.01873296 0.007288336 -0.007634401 -0.01891618 0.008957684 -0.006699562 -0.01863408 0.00646156 -0.006684303 -0.01964408 0.007656037 0.008981645 -0.01639962 0.01223599 0.006631851 -0.01668059 0.01150882 0.006896853 -0.01710402 0.01194643 0.007244825 -0.01664483 0.01096546 0.007323026 -0.01725947 0.01165235 0.007656395 -0.01657265 0.01068997 0.007885992 -0.01700598 0.01120167 0.008125364 -0.01641571 0.01076388 0.008470654 -0.01621896 0.009866476 0.008920967 -0.01559865 0.01032936 0.008727312 -0.01595932 0.009563565 0.008987426 -0.01528066 0.00617063 0.008828639 -0.01771724 0.005928337 0.008951544 -0.01731646 0.007230043 0.007860243 -0.01876604 0.006839156 0.008296966 -0.01846218 0.006530165 0.008572816 -0.0181626 0.008637726 0.007348179 -0.01852089 0.008400082 0.006908118 -0.01882535 0.00781399 0.006846725 -0.01909548 0.007578372 0.007334887 -0.01898431 0.008540928 0.007641017 -0.01838058 0.009225368 0.00689888 -0.01843702 0.01081001 0.006897985 -0.01755529 0.01005989 0.006598055 -0.01809144 0.009926676 0.007191538 -0.01794761 0.009916186 0.008146464 -0.01719796 0.009685099 0.00845915 -0.01690316 0.008434712 0.008034348 -0.01809781 0.008197784 0.008466541 -0.01766192 0.008048772 0.008724629 -0.01724278 0.008648514 0.008825957 -0.01666927 0.007787585 0.008928239 -0.01669687 0.01000559 0.007741153 -0.01755231 0.007107794 -0.0016613 -0.02024018 0.006742835 -3.15054e-4 -0.02041727 0.007990121 -3.4492e-4 -0.01995778 0.00837332 0.00110352 -0.01978582 0.007763385 0.002338886 -0.01994448 0.008815884 0.002736985 -0.01946109 0.009087264 0.005382716 -0.01889979 0.01104831 0.005402982 -0.01781547 0.01181519 0.005834758 -0.01720285 0.00722444 8.37948e-4 -0.02024072 0.008160054 0.005339503 -0.01932126 0.0113213 0.001851201 -0.01820689 0.01173901 3.63954e-4 -0.01801532 0.01043915 -0.003117442 -0.01859211 0.009921371 -0.005810499 -0.01836806 0.009980738 -0.005131006 -0.01849949 0.01012957 -0.004256606 -0.01858413 0.009631216 -0.003437817 -0.0189808 0.01134961 -6.56711e-4 -0.01825386 0.01056694 -8.32588e-4 -0.01871377 0.01080632 -0.002073287 -0.01849901 0.01229155 0.002088248 -0.01754701 0.0125035 0.005698025 -0.01674813 0.01261705 0.004618883 -0.01691985 0.01195651 0.004443705 -0.01743084 0.01256114 0.003457903 -0.01718378 0.008021771 0.006170094 -0.01918578 0.008160889 0.00436902 -0.01951414 0.008066117 0.003592729 -0.01967322 0.006094038 -0.00186932 -0.02055442 0.005742609 -0.002839744 -0.02056795 0.0054273 -0.003932297 -0.02051007 0.006105124 -0.004291236 -0.02026259 0.005242228 -0.005120038 -0.02035212 0.005246758 -0.00597912 -0.02016705 0.00653243 -0.005252182 -0.01995646 0.00961405 0.003615498 -0.01896369 0.01037734 0.004500508 -0.01840448 0.009694814 0.001852095 -0.01912289 0.01049363 0.002732753 -0.01861071 0.01125079 0.003615558 -0.01804083 0.008866488 9.43637e-5 -0.01959031 0.007973253 -0.001661241 -0.01991564 0.009723484 9.43331e-5 -0.0191794 0.010553 9.72711e-4 -0.01871585 0.007030844 -0.003418624 -0.02009248 0.008845508 -0.001661241 -0.01954388 0.00791186 -0.003418564 -0.01976221 0.009700477 -0.001661241 -0.01913392 0.008777379 -0.003418564 -0.01939326 0.007807433 -0.005172908 -0.01950329 0.008661627 -0.005172848 -0.01913923 -7.44291e-4 0.001161396 -0.01773715 -7.69267e-4 0.008412957 -0.01773566 -0.001256585 0.009000897 -0.01770657 -1.56962e-4 0.007347404 -0.01774978 1.42564e-4 0.00645256 -0.01775091 -1.18324e-4 0.002816438 -0.01775151 2.0391e-4 0.00415045 -0.01775032 2.92743e-4 0.005421936 -0.01774901 -0.00173825 0.009000062 -0.01766663 -0.002762973 -0.004555284 -0.01753532 -0.002649962 -0.003808259 -0.01755261 -0.002416133 -0.002911746 -0.01758629 -0.001999199 -0.001721143 -0.01764041 -0.00393033 -0.008999884 -0.01731377 -0.002798199 -0.005235314 -0.01752924 -0.002877473 0.009000062 -0.01751649 -0.003773272 0.004792869 -0.0173456 -0.00255382 -0.006807923 -0.01756685 -0.00273782 -0.006013929 -0.01753914 -0.002891361 -0.009000003 -0.01751673 -0.002165257 -0.00773555 -0.0176177 -0.00125724 -0.008999645 -0.01771545 -0.001660764 -0.008503437 -0.01767492 -0.005256116 -0.009001851 -0.01696604 -0.005759656 -0.001211225 -0.01679277 -0.005735397 -0.008367359 -0.01679956 -0.006116747 -0.007718026 -0.0166639 -0.006654381 -0.005985796 -0.01645696 -0.006466627 -0.006859183 -0.01653188 -0.006393671 -0.003038227 -0.01656067 -0.006649255 -0.004316389 -0.01645904 -0.006706416 -0.005194306 -0.0164358 -0.003882408 0.003903508 -0.0173214 -0.004134714 0.002903401 -0.01726323 -0.004509747 0.001793384 -0.01717078 -0.003930449 0.006576359 -0.01731085 -0.004152894 0.009000122 -0.01725906 -0.004255235 0.007486999 -0.01723432 -0.003771603 0.005655229 -0.01734626 -0.005245923 0.008998811 -0.01696038 -0.004708528 0.008282065 -0.01711535 -0.004898369 -0.006684839 -0.02008944 -0.004926025 -0.007188141 -0.01991134 -0.003607273 -0.00704813 -0.02024865 -0.005565345 -0.00890851 -0.01766127 -0.001271545 -0.008982598 -0.01808863 -0.003346264 -0.008723437 -0.01873385 -0.001369178 -0.008870899 -0.0185827 -0.003299772 -0.008842051 -0.01843875 -0.003251791 -0.008929193 -0.01812845 -0.001582205 -0.008608877 -0.01918035 -0.001890242 -0.008179426 -0.01972919 -0.003107726 -0.008379042 -0.01934057 -0.002143144 -0.007761657 -0.02007251 -0.002480089 -0.007028996 -0.02042895 -0.003468096 -0.006695628 -0.02038258 -0.007171452 -0.007249355 -0.01918989 -0.006087243 -0.007324099 -0.0195204 -0.006218791 -0.008446812 -0.01847964 -0.006563603 -0.008102238 -0.01878094 -0.005892992 -0.007887542 -0.01920151 -0.006918966 -0.00765717 -0.0190404 -0.004990637 -0.00846666 -0.01882094 -0.005860149 -0.008728861 -0.01808148 -0.005362391 -0.008985102 -0.01725333 -0.003354132 -0.008553802 -0.01903676 -0.003449499 -0.008146405 -0.01954984 -0.00349009 -0.007902026 -0.0197702 -0.00353533 -0.007644355 -0.01995426 -0.003580868 -0.007367074 -0.02010965 -0.005111098 -0.008146405 -0.01918256 -0.005106031 -0.007741451 -0.01954752 -0.006204664 -0.007031857 -0.01961368 -0.007434725 -0.006632864 -0.01930505 -0.00635761 -0.006714224 -0.01966989 -0.003459692 0.008981525 -0.01776611 -0.003882348 0.007048606 -0.02019739 -0.002348423 0.006727874 -0.0205335 -0.002546012 0.007193028 -0.02035063 -8.34258e-4 0.006730675 -0.02064621 -0.00121659 0.007027506 -0.02053791 -0.001175582 0.008908152 -0.0184803 9.27975e-5 0.00663805 -0.02068549 -1.20807e-4 0.007249712 -0.02048563 -0.001275897 0.007322847 -0.02040851 -3.15068e-4 0.007658183 -0.02025556 -0.001347601 0.007886588 -0.02004104 -5.8795e-4 0.00812745 -0.01986259 -8.14952e-4 0.008457064 -0.01946568 -0.002074122 0.008466124 -0.01936137 -0.001025438 0.0087291 -0.01897853 -0.001244246 0.008986949 -0.01798635 -0.005405306 0.008938729 -0.01760965 -0.005401313 0.008608818 -0.01847183 -0.005300462 0.008236169 -0.01903855 -0.005152106 0.007758975 -0.01952207 -0.003991723 0.006710529 -0.02028185 -0.002222239 0.007741153 -0.02008128 -0.002086222 0.008146464 -0.01974207 -0.003600358 0.008724033 -0.01868623 -0.003543019 0.008842349 -0.01839369 -0.003479242 0.008929371 -0.01808649 -0.003749251 0.008466541 -0.01910734 -0.003813266 0.00803554 -0.01959818 -0.003860354 0.007654786 -0.01988691 -0.003869891 0.007369816 -0.02005457 -0.004991829 0.007203042 -0.01988452 -0.007402002 -0.002669155 -0.02004975 -0.005931377 -0.00164169 -0.02062177 -0.005132079 1.22862e-4 -0.02088642 -0.005711436 0.001653134 -0.0206784 -0.004306495 0.001904785 -0.02100425 -0.004754602 0.005364835 -0.0204246 -0.003827154 0.00541234 -0.02060902 -9.28861e-4 0.00552231 -0.02092289 -0.007627844 -0.003713428 -0.01982927 -0.007058739 -0.004250824 -0.01995718 -0.001750886 0.001879334 -0.02137094 -0.00225538 -0.002406716 -0.02127712 -0.002693772 -0.006263315 -0.0205987 -0.002797484 -0.005418956 -0.02077066 -0.003616094 -0.005012214 -0.02072685 -0.002774536 -0.004669725 -0.02091336 -0.002648472 -0.003789067 -0.02107167 -0.003005146 -0.00251913 -0.02117371 -0.001762926 -0.001154899 -0.02140867 -0.002198934 1.06384e-4 -0.02139055 -4.30018e-4 0.001934945 -0.02142995 2.70199e-4 0.005708396 -0.02089673 2.62169e-4 0.004611909 -0.02110582 -4.79875e-4 0.004454731 -0.0211302 3.42572e-5 0.003343462 -0.02129858 -0.004822015 0.006460905 -0.02016335 -0.004882216 0.004266977 -0.02059376 -0.005179286 0.003103196 -0.02068811 -0.004048228 0.003749728 -0.02085638 -0.006404399 1.75964e-5 -0.02052837 -0.00695163 -0.001324892 -0.02031421 -0.007721543 -0.004605889 -0.01964563 -0.007665038 -0.005704939 -0.01944321 -0.00658226 -0.00523436 -0.01994287 -0.002582848 0.005412697 -0.02080577 -0.002474784 0.003748297 -0.02110213 -0.003011226 0.002754032 -0.02114981 -0.00105834 4.42644e-4 -0.02147382 -0.001314282 0.003632009 -0.02121859 -0.003875195 1.29503e-4 -0.02115112 -0.003028333 0.001003205 -0.02127039 -0.005898952 -0.003365457 -0.02046477 -0.00428611 -0.001617193 -0.0210269 -0.003029525 -7.43591e-4 -0.02127867 -0.004253685 -0.003365457 -0.02086889 -0.005014419 -0.005118906 -0.02041566 -0.01773715 0.001161396 7.44291e-4 -0.01773566 0.008412957 7.69267e-4 -0.01770657 0.009000897 0.001256585 -0.01774978 0.007347404 1.56962e-4 -0.01775091 0.00645256 -1.42564e-4 -0.01775151 0.002816438 1.18324e-4 -0.01775032 0.00415045 -2.0391e-4 -0.01774901 0.005421936 -2.92743e-4 -0.01766663 0.009000062 0.00173825 -0.01753532 -0.004555284 0.002762973 -0.01755261 -0.003808259 0.002649962 -0.01758629 -0.002911746 0.002416133 -0.01764041 -0.001721143 0.001999199 -0.01731377 -0.008999884 0.00393033 -0.01752924 -0.005235314 0.002798199 -0.01751649 0.009000062 0.002877473 -0.0173456 0.004792869 0.003773272 -0.01756685 -0.006807923 0.00255382 -0.01753914 -0.006013929 0.00273782 -0.01751673 -0.009000003 0.002891361 -0.0176177 -0.00773555 0.002165257 -0.01771545 -0.008999645 0.00125724 -0.01767492 -0.008503437 0.001660764 -0.01696604 -0.009001851 0.005256116 -0.01679277 -0.001211225 0.005759656 -0.01679956 -0.008367359 0.005735397 -0.0166639 -0.007718026 0.006116747 -0.01645696 -0.005985796 0.006654381 -0.01653188 -0.006859183 0.006466627 -0.01656067 -0.003038227 0.006393671 -0.01645904 -0.004316389 0.006649255 -0.0164358 -0.005194306 0.006706416 -0.0173214 0.003903508 0.003882408 -0.01726323 0.002903401 0.004134714 -0.01717078 0.001793384 0.004509747 -0.01731085 0.006576359 0.003930449 -0.01725906 0.009000122 0.004152894 -0.01723432 0.007486999 0.004255235 -0.01734626 0.005655229 0.003771603 -0.01696038 0.008998811 0.005245923 -0.01711535 0.008282065 0.004708528 -0.02008944 -0.006684839 0.004898369 -0.01991134 -0.007188141 0.004926025 -0.02024865 -0.00704813 0.003607273 -0.01766127 -0.00890851 0.005565345 -0.01808863 -0.008982598 0.001271545 -0.01873385 -0.008723437 0.003346264 -0.0185827 -0.008870899 0.001369178 -0.01843875 -0.008842051 0.003299772 -0.01812845 -0.008929193 0.003251791 -0.01918035 -0.008608877 0.001582205 -0.01972919 -0.008179426 0.001890242 -0.01934057 -0.008379042 0.003107726 -0.02007251 -0.007761657 0.002143144 -0.02042895 -0.007028996 0.002480089 -0.02038258 -0.006695628 0.003468096 -0.01918989 -0.007249355 0.007171452 -0.0195204 -0.007324099 0.006087243 -0.01847964 -0.008446812 0.006218791 -0.01878094 -0.008102238 0.006563603 -0.01920151 -0.007887542 0.005892992 -0.0190404 -0.00765717 0.006918966 -0.01882094 -0.00846666 0.004990637 -0.01808148 -0.008728861 0.005860149 -0.01725333 -0.008985102 0.005362391 -0.01903676 -0.008553802 0.003354132 -0.01954984 -0.008146405 0.003449499 -0.0197702 -0.007902026 0.00349009 -0.01995426 -0.007644355 0.00353533 -0.02010965 -0.007367074 0.003580868 -0.01918256 -0.008146405 0.005111098 -0.01954752 -0.007741451 0.005106031 -0.01961368 -0.007031857 0.006204664 -0.01930505 -0.006632864 0.007434725 -0.01966989 -0.006714224 0.00635761 -0.01776611 0.008981525 0.003459692 -0.02019739 0.007048606 0.003882348 -0.0205335 0.006727874 0.002348423 -0.02035063 0.007193028 0.002546012 -0.02064621 0.006730675 8.34258e-4 -0.02053791 0.007027506 0.00121659 -0.0184803 0.008908152 0.001175582 -0.02068549 0.00663805 -9.27975e-5 -0.02048563 0.007249712 1.20807e-4 -0.02040851 0.007322847 0.001275897 -0.02025556 0.007658183 3.15068e-4 -0.02004104 0.007886588 0.001347601 -0.01986259 0.00812745 5.8795e-4 -0.01946568 0.008457064 8.14952e-4 -0.01936137 0.008466124 0.002074122 -0.01897853 0.0087291 0.001025438 -0.01798635 0.008986949 0.001244246 -0.0172981 0.008981287 0.005346 -0.01782929 0.008870601 0.005416333 -0.01847183 0.008608818 0.005401313 -0.01903855 0.008236169 0.005300462 -0.01952207 0.007758975 0.005152106 -0.02028185 0.006710529 0.003991723 -0.02008128 0.007741153 0.002222239 -0.01974207 0.008146464 0.002086222 -0.01868623 0.008724033 0.003600358 -0.01839369 0.008842349 0.003543019 -0.01808649 0.008929371 0.003479242 -0.01910734 0.008466541 0.003749251 -0.01959818 0.00803554 0.003813266 -0.01988691 0.007654786 0.003860354 -0.02005457 0.007369816 0.003869891 -0.01988452 0.007203042 0.004991829 -0.02004975 -0.002669155 0.007402002 -0.02062177 -0.00164169 0.005931377 -0.02088642 1.22862e-4 0.005132079 -0.0206784 0.001653134 0.005711436 -0.02100425 0.001904785 0.004306495 -0.0204246 0.005364835 0.004754602 -0.02060902 0.00541234 0.003827154 -0.02092289 0.00552231 9.28861e-4 -0.01982927 -0.003713428 0.007627844 -0.01995718 -0.004250824 0.007058739 -0.02137094 0.001879334 0.001750886 -0.02127712 -0.002406716 0.00225538 -0.0205987 -0.006263315 0.002693772 -0.02077066 -0.005418956 0.002797484 -0.02072685 -0.005012214 0.003616094 -0.02091336 -0.004669725 0.002774536 -0.02107167 -0.003789067 0.002648472 -0.02117371 -0.00251913 0.003005146 -0.02140867 -0.001154899 0.001762926 -0.02139055 1.06384e-4 0.002198934 -0.02142995 0.001934945 4.30018e-4 -0.02089673 0.005708396 -2.70199e-4 -0.02110582 0.004611909 -2.62169e-4 -0.0211302 0.004454731 4.79875e-4 -0.02129858 0.003343462 -3.42572e-5 -0.02016335 0.006460905 0.004822015 -0.02059376 0.004266977 0.004882216 -0.02068811 0.003103196 0.005179286 -0.02085638 0.003749728 0.004048228 -0.02052837 1.75963e-5 0.006404399 -0.02031421 -0.001324892 0.00695163 -0.01964563 -0.004605889 0.007721543 -0.01944321 -0.005704939 0.007665038 -0.01994287 -0.00523436 0.00658226 -0.02080577 0.005412697 0.002582848 -0.02110213 0.003748297 0.002474784 -0.02114981 0.002754032 0.003011226 -0.02147382 4.42644e-4 0.00105834 -0.02121859 0.003632009 0.001314282 -0.02115112 1.29503e-4 0.003875195 -0.02127039 0.001003205 0.003028333 -0.02046477 -0.003365457 0.005898952 -0.0210269 -0.001617193 0.00428611 -0.02127867 -7.43591e-4 0.003029525 -0.02086889 -0.003365457 0.004253685 -0.02041566 -0.005118906 0.005014419 0.01773715 0.001161396 -7.44291e-4 0.01773566 0.008412957 -7.69267e-4 0.01770657 0.009000897 -0.001256585 0.01774978 0.007347404 -1.56962e-4 0.01775091 0.00645256 1.42564e-4 0.01775151 0.002816438 -1.18324e-4 0.01775032 0.00415045 2.0391e-4 0.01774901 0.005421936 2.92743e-4 0.01766663 0.009000062 -0.00173825 0.01753532 -0.004555284 -0.002762973 0.01755261 -0.003808259 -0.002649962 0.01758629 -0.002911746 -0.002416133 0.01764041 -0.001721143 -0.001999199 0.01731377 -0.008999884 -0.00393033 0.01752924 -0.005235314 -0.002798199 0.01751649 0.009000062 -0.002877473 0.0173456 0.004792869 -0.003773272 0.01756685 -0.006807923 -0.00255382 0.01753914 -0.006013929 -0.00273782 0.01751673 -0.009000003 -0.002891361 0.0176177 -0.00773555 -0.002165257 0.01771545 -0.008999645 -0.00125724 0.01767492 -0.008503437 -0.001660764 0.01696604 -0.009001851 -0.005256116 0.01679277 -0.001211225 -0.005759656 0.01679956 -0.008367359 -0.005735397 0.0166639 -0.007718026 -0.006116747 0.01645696 -0.005985796 -0.006654381 0.01653188 -0.006859183 -0.006466627 0.01656067 -0.003038227 -0.006393671 0.01645904 -0.004316389 -0.006649255 0.0164358 -0.005194306 -0.006706416 0.0173214 0.003903508 -0.003882408 0.01726323 0.002903401 -0.004134714 0.01717078 0.001793384 -0.004509747 0.01731085 0.006576359 -0.003930449 0.01725906 0.009000122 -0.004152894 0.01723432 0.007486999 -0.004255235 0.01734626 0.005655229 -0.003771603 0.01696038 0.008998811 -0.005245923 0.01711535 0.008282065 -0.004708528 0.02008944 -0.006684839 -0.004898369 0.01991134 -0.007188141 -0.004926025 0.02024865 -0.00704813 -0.003607273 0.01766127 -0.00890851 -0.005565345 0.01808863 -0.008982598 -0.001271545 0.01873385 -0.008723437 -0.003346264 0.0185827 -0.008870899 -0.001369178 0.01843875 -0.008842051 -0.003299772 0.01812845 -0.008929193 -0.003251791 0.01918035 -0.008608877 -0.001582205 0.01972919 -0.008179426 -0.001890242 0.01934057 -0.008379042 -0.003107726 0.02007251 -0.007761657 -0.002143144 0.02042895 -0.007028996 -0.002480089 0.02038258 -0.006695628 -0.003468096 0.01918989 -0.007249355 -0.007171452 0.0195204 -0.007324099 -0.006087243 0.01847964 -0.008446812 -0.006218791 0.01878094 -0.008102238 -0.006563603 0.01920151 -0.007887542 -0.005892992 0.0190404 -0.00765717 -0.006918966 0.01882094 -0.00846666 -0.004990637 0.01808148 -0.008728861 -0.005860149 0.01725333 -0.008985102 -0.005362391 0.01903676 -0.008553802 -0.003354132 0.01954984 -0.008146405 -0.003449499 0.0197702 -0.007902026 -0.00349009 0.01995426 -0.007644355 -0.00353533 0.02010965 -0.007367074 -0.003580868 0.01918256 -0.008146405 -0.005111098 0.01954752 -0.007741451 -0.005106031 0.01961368 -0.007031857 -0.006204664 0.01930505 -0.006632864 -0.007434725 0.01966989 -0.006714224 -0.00635761 0.01776611 0.008981525 -0.003459692 0.02019739 0.007048606 -0.003882348 0.0205335 0.006727874 -0.002348423 0.02035063 0.007193028 -0.002546012 0.02064621 0.006730675 -8.34258e-4 0.02053791 0.007027506 -0.00121659 0.0184803 0.008908152 -0.001175582 0.02068549 0.00663805 9.27975e-5 0.02048563 0.007249712 -1.20807e-4 0.02040851 0.007322847 -0.001275897 0.02025556 0.007658183 -3.15068e-4 0.02004104 0.007886588 -0.001347601 0.01986259 0.00812745 -5.8795e-4 0.01946568 0.008457064 -8.14952e-4 0.01936137 0.008466124 -0.002074122 0.01897853 0.0087291 -0.001025438 0.01798635 0.008986949 -0.001244246 0.0172981 0.008981287 -0.005346 0.01782929 0.008870601 -0.005416333 0.01847183 0.008608818 -0.005401313 0.01903855 0.008236169 -0.005300462 0.01952207 0.007758975 -0.005152106 0.02028185 0.006710529 -0.003991723 0.02008128 0.007741153 -0.002222239 0.01974207 0.008146464 -0.002086222 0.01868623 0.008724033 -0.003600358 0.01839369 0.008842349 -0.003543019 0.01808649 0.008929371 -0.003479242 0.01910734 0.008466541 -0.003749251 0.01959818 0.00803554 -0.003813266 0.01988691 0.007654786 -0.003860354 0.02005457 0.007369816 -0.003869891 0.01988452 0.007203042 -0.004991829 0.02004975 -0.002669155 -0.007402002 0.02062177 -0.00164169 -0.005931377 0.02088642 1.22862e-4 -0.005132079 0.0206784 0.001653134 -0.005711436 0.02100425 0.001904785 -0.004306495 0.0204246 0.005364835 -0.004754602 0.02060902 0.00541234 -0.003827154 0.02092289 0.00552231 -9.28861e-4 0.01982927 -0.003713428 -0.007627844 0.01995718 -0.004250824 -0.007058739 0.02137094 0.001879334 -0.001750886 0.02127712 -0.002406716 -0.00225538 0.0205987 -0.006263315 -0.002693772 0.02077066 -0.005418956 -0.002797484 0.02072685 -0.005012214 -0.003616094 0.02091336 -0.004669725 -0.002774536 0.02107167 -0.003789067 -0.002648472 0.02117371 -0.00251913 -0.003005146 0.02140867 -0.001154899 -0.001762926 0.02139055 1.06384e-4 -0.002198934 0.02142995 0.001934945 -4.30018e-4 0.02089673 0.005708396 2.70199e-4 0.02110582 0.004611909 2.62169e-4 0.0211302 0.004454731 -4.79875e-4 0.02129858 0.003343462 3.42572e-5 0.02016335 0.006460905 -0.004822015 0.02059376 0.004266977 -0.004882216 0.02068811 0.003103196 -0.005179286 0.02085638 0.003749728 -0.004048228 0.02052837 1.75963e-5 -0.006404399 0.02031421 -0.001324892 -0.00695163 0.01964563 -0.004605889 -0.007721543 0.01944321 -0.005704939 -0.007665038 0.01994287 -0.00523436 -0.00658226 0.02080577 0.005412697 -0.002582848 0.02110213 0.003748297 -0.002474784 0.02114981 0.002754032 -0.003011226 0.02147382 4.42644e-4 -0.00105834 0.02121859 0.003632009 -0.001314282 0.02115112 1.29503e-4 -0.003875195 0.02127039 0.001003205 -0.003028333 0.02046477 -0.003365457 -0.005898952 0.0210269 -0.001617193 -0.00428611 0.02127867 -7.43591e-4 -0.003029525 0.02086889 -0.003365457 -0.004253685 0.02041566 -0.005118906 -0.005014419 0.0170992 0.001159787 0.004772543 0.01710534 0.008412837 0.004749059 0.01722824 0.009000897 0.004276454 0.0169295 0.007347166 0.005335807 0.01683801 0.006452083 0.005621016 0.01691931 0.002815246 0.005372583 0.01681858 0.004149377 0.005678892 0.01678985 0.005421102 0.005763173 0.01733916 0.009000062 0.003805875 0.01753085 -0.004552364 0.002791225 0.01751184 -0.003789901 0.002906918 0.01746994 -0.002872526 0.003148913 0.01739495 -0.00172156 0.003549218 0.01768094 -0.008999884 0.001612067 0.01753604 -0.005232453 0.002755522 0.01754838 0.009000062 0.002676188 0.01766264 0.004789531 0.001771152 0.01749634 -0.006805777 0.002998888 0.0175268 -0.006011307 0.002815663 0.01755291 -0.009000003 0.002662956 0.0174247 -0.007733464 0.003383755 0.01723688 -0.008999645 0.004278659 0.01732331 -0.008501887 0.003881156 0.01775985 -0.009001851 2.43875e-4 0.01775068 -0.001209735 -2.87895e-4 0.01774966 -0.00836718 -2.63474e-4 0.01773852 -0.007717788 -6.68119e-4 0.01770782 -0.00598526 -0.001243293 0.01772105 -0.006858766 -0.001041591 0.01772886 -0.00285387 -9.03505e-4 0.01770931 -0.004192352 -0.001222789 0.01770377 -0.005193531 -0.001299262 0.01767343 0.003900825 0.001659631 0.01769614 0.002899646 0.001401066 0.01772409 0.001790344 0.001015782 0.01767814 0.006574094 0.001611828 0.01769769 0.009000122 0.001383662 0.01770573 0.007484912 0.001279652 0.01766276 0.005652785 0.001773416 0.01775139 0.008998811 2.51911e-4 0.01773262 0.008280217 8.12103e-4 0.0206198 -0.006685197 0.001549124 0.02045905 -0.007188141 0.001468002 0.02037245 -0.007047891 0.002826392 0.01851671 -0.00890851 1.64678e-4 0.01759642 -0.008982539 0.004380404 0.01885128 -0.008723378 0.002605974 0.01809996 -0.008869826 0.004440367 0.01855599 -0.00884217 0.002557754 0.01824593 -0.008929252 0.002509713 0.01873338 -0.008607268 0.004421889 0.01934903 -0.008178293 0.004298567 0.01935452 -0.008378982 0.003020346 0.01975262 -0.007761299 0.004164338 0.02045655 -0.006696045 0.003000199 0.02046686 -0.007249176 -8.90534e-4 0.02044606 -0.007324099 2.42719e-4 0.01949703 -0.008446693 -2.03972e-4 0.01989012 -0.008102118 -4.38814e-4 0.02008277 -0.007887542 3.28945e-4 0.02024662 -0.00765711 -6.96595e-4 0.01944196 -0.00846666 0.001069545 0.01900744 -0.008728802 1.41191e-5 0.01806598 -0.008985102 2.31642e-4 0.01914149 -0.008553802 0.002692699 0.01965898 -0.008146405 0.002760529 0.01988106 -0.007902085 0.002790033 0.02007013 -0.007644355 0.002803802 0.0202319 -0.007367193 0.002808451 0.02010822 -0.007200539 0.0040012 0.01982313 -0.008146405 0.001066803 0.02016866 -0.007741451 0.001184344 0.02057105 -0.007031857 1.59836e-4 0.02065765 -0.006632804 -0.001105308 0.02067166 -0.006714522 3.18832e-5 0.01796549 0.008981525 0.002200365 0.02040868 0.007048368 0.002549052 0.02025419 0.006727874 0.004111647 0.02014136 0.007193028 0.003867208 0.01989352 0.006730675 0.005586564 0.0199086 0.007027566 0.005189538 0.01793909 0.008908152 0.004592657 0.01964443 0.00663793 0.006480455 0.0195204 0.007249534 0.006215631 0.01980388 0.007322907 0.005093097 0.01936155 0.007658064 0.005959689 0.01947665 0.007886588 0.004911303 0.01907217 0.008127391 0.005578756 0.01876485 0.008457005 0.005240201 0.01905477 0.008466124 0.004010319 0.01836663 0.00872904 0.004889428 0.01749056 0.008986949 0.004374682 0.01810514 0.008981108 2.61226e-4 0.01863396 0.008869588 3.59223e-4 0.01923954 0.008607149 5.72392e-4 0.01974552 0.008235394 8.42708e-4 0.02015936 0.007758021 0.001133203 0.02052271 0.006710588 0.00247097 0.0197851 0.007741153 0.004091918 0.0194205 0.008146464 0.004116415 0.0188843 0.008723914 0.002350926 0.01858782 0.008842408 0.002316057 0.01827639 0.008929371 0.002279639 0.01933073 0.008466541 0.002338707 0.01981735 0.00803554 0.002429723 0.02010649 0.007654666 0.002474188 0.02026885 0.007369816 0.002517044 0.02045488 0.007200658 0.001398086 0.02135586 -0.002668857 -8.43955e-4 0.02144527 -0.0016433 7.31361e-4 0.0214501 1.21667e-4 0.001573204 0.02143132 0.001652538 9.57807e-4 0.02130711 0.001903772 0.002394855 0.02089434 0.00536412 0.001789629 0.02078306 0.005412042 0.002728641 0.02018594 0.005522072 0.005582094 0.02121591 -0.003713309 -0.001126885 0.02116137 -0.004252791 -5.46111e-4 0.02086609 0.00187838 0.004938721 0.02093219 -0.002421319 0.004424929 0.02036875 -0.006485283 0.003830552 0.02061867 -0.00541836 0.003757894 0.02082943 -0.00501424 0.002965807 0.02074724 -0.004669249 0.003823876 0.02085888 -0.003787994 0.003992795 0.02106589 -0.002520918 0.003684997 0.02091062 -0.00127834 0.00488609 0.02076447 3.37476e-4 0.005584895 0.02102321 1.05473e-4 0.004518508 0.02051419 0.001933753 0.00621283 0.01979053 0.005707979 0.006714463 0.01999193 0.004611372 0.006771326 0.02024394 0.004455268 0.006074309 0.02024573 0.003342628 0.006614029 0.02066695 0.006458938 0.001645207 0.02109479 0.004265666 0.001720309 0.02127623 0.003102123 0.00146681 0.02108669 0.003748953 0.002594828 0.02150273 1.78237e-5 2.52764e-4 0.02146816 -0.001324892 -3.33997e-4 0.02107036 -0.004605293 -0.001272678 0.02086031 -0.005704462 -0.001281678 0.02100038 -0.005236506 -9.72986e-5 0.02058565 0.005412399 0.003972828 0.02083414 0.003747701 0.004167199 0.02104526 0.002753198 0.003671765 0.02058631 0.003631353 0.005306959 0.02131342 1.2806e-4 0.002850472 0.02116519 0.001002013 0.003692746 0.02128577 -0.003367602 7.13699e-4 0.02132219 -0.001618981 0.002421259 0.02117335 -7.45266e-4 0.003694176 0.02116167 -0.003367602 0.002403259 0.02096551 -0.005121469 0.001539707 -0.0170992 0.001159787 -0.004772543 -0.01710534 0.008412837 -0.004749059 -0.01722824 0.009000897 -0.004276454 -0.0169295 0.007347166 -0.005335807 -0.01683801 0.006452083 -0.005621016 -0.01691931 0.002815246 -0.005372583 -0.01681858 0.004149377 -0.005678892 -0.01678985 0.005421102 -0.005763173 -0.01733916 0.009000062 -0.003805875 -0.01753085 -0.004552364 -0.002791225 -0.01751184 -0.003789901 -0.002906918 -0.01746994 -0.002872526 -0.003148913 -0.01739495 -0.00172156 -0.003549218 -0.01768094 -0.008999884 -0.001612067 -0.01753604 -0.005232453 -0.002755522 -0.01754838 0.009000062 -0.002676188 -0.01766264 0.004789531 -0.001771152 -0.01749634 -0.006805777 -0.002998888 -0.0175268 -0.006011307 -0.002815663 -0.01755291 -0.009000003 -0.002662956 -0.0174247 -0.007733464 -0.003383755 -0.01723688 -0.008999645 -0.004278659 -0.01732331 -0.008501887 -0.003881156 -0.01775985 -0.009001851 -2.43875e-4 -0.01775068 -0.001209735 2.87895e-4 -0.01774966 -0.00836718 2.63474e-4 -0.01773852 -0.007717788 6.68119e-4 -0.01770782 -0.00598526 0.001243293 -0.01772105 -0.006858766 0.001041591 -0.01772886 -0.00285387 9.03505e-4 -0.01770931 -0.004192352 0.001222789 -0.01770377 -0.005193531 0.001299262 -0.01767343 0.003900825 -0.001659631 -0.01769614 0.002899646 -0.001401066 -0.01772409 0.001790344 -0.001015782 -0.01767814 0.006574094 -0.001611828 -0.01769769 0.009000122 -0.001383662 -0.01770573 0.007484912 -0.001279652 -0.01766276 0.005652785 -0.001773416 -0.01775139 0.008998811 -2.51911e-4 -0.01773262 0.008280217 -8.12103e-4 -0.0206198 -0.006685197 -0.001549124 -0.02045905 -0.007188141 -0.001468002 -0.02037245 -0.007047891 -0.002826392 -0.01851671 -0.00890851 -1.64678e-4 -0.01759642 -0.008982539 -0.004380404 -0.01885128 -0.008723378 -0.002605974 -0.01809996 -0.008869826 -0.004440367 -0.01855599 -0.00884217 -0.002557754 -0.01824593 -0.008929252 -0.002509713 -0.01873338 -0.008607268 -0.004421889 -0.01934903 -0.008178293 -0.004298567 -0.01935452 -0.008378982 -0.003020346 -0.01975262 -0.007761299 -0.004164338 -0.02045655 -0.006696045 -0.003000199 -0.02046686 -0.007249176 8.90534e-4 -0.02044606 -0.007324099 -2.42719e-4 -0.01949703 -0.008446693 2.03972e-4 -0.01989012 -0.008102118 4.38814e-4 -0.02008277 -0.007887542 -3.28945e-4 -0.02024662 -0.00765711 6.96595e-4 -0.01944196 -0.00846666 -0.001069545 -0.01900744 -0.008728802 -1.41191e-5 -0.01806598 -0.008985102 -2.31642e-4 -0.01914149 -0.008553802 -0.002692699 -0.01965898 -0.008146405 -0.002760529 -0.01988106 -0.007902085 -0.002790033 -0.02007013 -0.007644355 -0.002803802 -0.0202319 -0.007367193 -0.002808451 -0.02010822 -0.007200539 -0.0040012 -0.01982313 -0.008146405 -0.001066803 -0.02016866 -0.007741451 -0.001184344 -0.02057105 -0.007031857 -1.59836e-4 -0.02065765 -0.006632804 0.001105308 -0.02067166 -0.006714522 -3.18832e-5 -0.01796549 0.008981525 -0.002200365 -0.02040868 0.007048368 -0.002549052 -0.02025419 0.006727874 -0.004111647 -0.02014136 0.007193028 -0.003867208 -0.01989352 0.006730675 -0.005586564 -0.0199086 0.007027566 -0.005189538 -0.01793909 0.008908152 -0.004592657 -0.01964443 0.00663793 -0.006480455 -0.0195204 0.007249534 -0.006215631 -0.01980388 0.007322907 -0.005093097 -0.01936155 0.007658064 -0.005959689 -0.01947665 0.007886588 -0.004911303 -0.01907217 0.008127391 -0.005578756 -0.01876485 0.008457005 -0.005240201 -0.01905477 0.008466124 -0.004010319 -0.01836663 0.00872904 -0.004889428 -0.01749056 0.008986949 -0.004374682 -0.01810514 0.008981108 -2.61226e-4 -0.01863396 0.008869588 -3.59223e-4 -0.01923954 0.008607149 -5.72392e-4 -0.01974552 0.008235394 -8.42708e-4 -0.02015936 0.007758021 -0.001133203 -0.02052271 0.006710588 -0.00247097 -0.0197851 0.007741153 -0.004091918 -0.0194205 0.008146464 -0.004116415 -0.0188843 0.008723914 -0.002350926 -0.01858782 0.008842408 -0.002316057 -0.01827639 0.008929371 -0.002279639 -0.01933073 0.008466541 -0.002338707 -0.01981735 0.00803554 -0.002429723 -0.02010649 0.007654666 -0.002474188 -0.02026885 0.007369816 -0.002517044 -0.02045488 0.007200658 -0.001398086 -0.02135586 -0.002668857 8.43955e-4 -0.02144527 -0.0016433 -7.31361e-4 -0.0214501 1.21667e-4 -0.001573204 -0.02143132 0.001652538 -9.57807e-4 -0.02130711 0.001903772 -0.002394855 -0.02089434 0.00536412 -0.001789629 -0.02078306 0.005412042 -0.002728641 -0.02018594 0.005522072 -0.005582094 -0.02121591 -0.003713309 0.001126885 -0.02116137 -0.004252791 5.46111e-4 -0.02086609 0.00187838 -0.004938721 -0.02093219 -0.002421319 -0.004424929 -0.02036875 -0.006485283 -0.003830552 -0.02061867 -0.00541836 -0.003757894 -0.02082943 -0.00501424 -0.002965807 -0.02074724 -0.004669249 -0.003823876 -0.02085888 -0.003787994 -0.003992795 -0.02106589 -0.002520918 -0.003684997 -0.02091062 -0.00127834 -0.00488609 -0.02076447 3.37476e-4 -0.005584895 -0.02102321 1.05473e-4 -0.004518508 -0.02051419 0.001933753 -0.00621283 -0.01979053 0.005707979 -0.006714463 -0.01999193 0.004611372 -0.006771326 -0.02024394 0.004455268 -0.006074309 -0.02024573 0.003342628 -0.006614029 -0.02066695 0.006458938 -0.001645207 -0.02109479 0.004265666 -0.001720309 -0.02127623 0.003102123 -0.00146681 -0.02108669 0.003748953 -0.002594828 -0.02150273 1.78237e-5 -2.52764e-4 -0.02146816 -0.001324892 3.33997e-4 -0.02107036 -0.004605293 0.001272678 -0.02086031 -0.005704462 0.001281678 -0.02100038 -0.005236506 9.72986e-5 -0.02058565 0.005412399 -0.003972828 -0.02083414 0.003747701 -0.004167199 -0.02104526 0.002753198 -0.003671765 -0.02058631 0.003631353 -0.005306959 -0.02131342 1.2806e-4 -0.002850472 -0.02116519 0.001002013 -0.003692746 -0.02128577 -0.003367602 -7.13699e-4 -0.02132219 -0.001618981 -0.002421259 -0.02117335 -7.45266e-4 -0.003694176 -0.02116167 -0.003367602 -0.002403259 -0.02096551 -0.005121469 -0.001539707 0.004772543 0.001159787 -0.0170992 0.004749059 0.008412837 -0.01710534 0.004276454 0.009000897 -0.01722824 0.005335807 0.007347166 -0.0169295 0.005621016 0.006452083 -0.01683801 0.005372583 0.002815246 -0.01691931 0.005678892 0.004149377 -0.01681858 0.005763173 0.005421102 -0.01678985 0.003805875 0.009000062 -0.01733916 0.002791225 -0.004552364 -0.01753085 0.002906918 -0.003789901 -0.01751184 0.003148913 -0.002872526 -0.01746994 0.003549218 -0.00172156 -0.01739495 0.001612067 -0.008999884 -0.01768094 0.002755522 -0.005232453 -0.01753604 0.002676188 0.009000062 -0.01754838 0.001771152 0.004789531 -0.01766264 0.002998888 -0.006805777 -0.01749634 0.002815663 -0.006011307 -0.0175268 0.002662956 -0.009000003 -0.01755291 0.003383755 -0.007733464 -0.0174247 0.004278659 -0.008999645 -0.01723688 0.003881156 -0.008501887 -0.01732331 2.43875e-4 -0.009001851 -0.01775985 -2.87895e-4 -0.001209735 -0.01775068 -2.63474e-4 -0.00836718 -0.01774966 -6.68119e-4 -0.007717788 -0.01773852 -0.001243293 -0.00598526 -0.01770782 -0.001041591 -0.006858766 -0.01772105 -9.03505e-4 -0.00285387 -0.01772886 -0.001222789 -0.004192352 -0.01770931 -0.001299262 -0.005193531 -0.01770377 0.001659631 0.003900825 -0.01767343 0.001401066 0.002899646 -0.01769614 0.001015782 0.001790344 -0.01772409 0.001611828 0.006574094 -0.01767814 0.001383662 0.009000122 -0.01769769 0.001279652 0.007484912 -0.01770573 0.001773416 0.005652785 -0.01766276 2.51911e-4 0.008998811 -0.01775139 8.12103e-4 0.008280217 -0.01773262 0.001549124 -0.006685197 -0.0206198 0.001468002 -0.007188141 -0.02045905 0.002826392 -0.007047891 -0.02037245 1.64678e-4 -0.00890851 -0.01851671 0.004380404 -0.008982539 -0.01759642 0.002605974 -0.008723378 -0.01885128 0.004440367 -0.008869826 -0.01809996 0.002557754 -0.00884217 -0.01855599 0.002509713 -0.008929252 -0.01824593 0.004421889 -0.008607268 -0.01873338 0.004298567 -0.008178293 -0.01934903 0.003020346 -0.008378982 -0.01935452 0.004164338 -0.007761299 -0.01975262 0.003000199 -0.006696045 -0.02045655 -8.90534e-4 -0.007249176 -0.02046686 2.42719e-4 -0.007324099 -0.02044606 -2.03972e-4 -0.008446693 -0.01949703 -4.38814e-4 -0.008102118 -0.01989012 3.28945e-4 -0.007887542 -0.02008277 -6.96595e-4 -0.00765711 -0.02024662 0.001069545 -0.00846666 -0.01944196 1.41191e-5 -0.008728802 -0.01900744 2.31642e-4 -0.008985102 -0.01806598 0.002692699 -0.008553802 -0.01914149 0.002760529 -0.008146405 -0.01965898 0.002790033 -0.007902085 -0.01988106 0.002803802 -0.007644355 -0.02007013 0.002808451 -0.007367193 -0.0202319 0.0040012 -0.007200539 -0.02010822 0.001066803 -0.008146405 -0.01982313 0.001184344 -0.007741451 -0.02016866 1.59836e-4 -0.007031857 -0.02057105 -0.001105308 -0.006632804 -0.02065765 3.18832e-5 -0.006714522 -0.02067166 0.002200365 0.008981525 -0.01796549 0.002549052 0.007048368 -0.02040868 0.004111647 0.006727874 -0.02025419 0.003867208 0.007193028 -0.02014136 0.005586564 0.006730675 -0.01989352 0.005189538 0.007027566 -0.0199086 0.004592657 0.008908152 -0.01793909 0.006480455 0.00663793 -0.01964443 0.006215631 0.007249534 -0.0195204 0.005093097 0.007322907 -0.01980388 0.005959689 0.007658064 -0.01936155 0.004911303 0.007886588 -0.01947665 0.005578756 0.008127391 -0.01907217 0.005240201 0.008457005 -0.01876485 0.004010319 0.008466124 -0.01905477 0.004889428 0.00872904 -0.01836663 0.004374682 0.008986949 -0.01749056 2.61226e-4 0.008981108 -0.01810514 3.59223e-4 0.008869588 -0.01863396 5.72392e-4 0.008607149 -0.01923954 8.42708e-4 0.008235394 -0.01974552 0.001133203 0.007758021 -0.02015936 0.00247097 0.006710588 -0.02052271 0.004091918 0.007741153 -0.0197851 0.004116415 0.008146464 -0.0194205 0.002350926 0.008723914 -0.0188843 0.002316057 0.008842408 -0.01858782 0.002279639 0.008929371 -0.01827639 0.002338707 0.008466541 -0.01933073 0.002429723 0.00803554 -0.01981735 0.002474188 0.007654666 -0.02010649 0.002517044 0.007369816 -0.02026885 0.001398086 0.007200658 -0.02045488 -8.43955e-4 -0.002668857 -0.02135586 7.31361e-4 -0.0016433 -0.02144527 0.001573204 1.21667e-4 -0.0214501 9.57807e-4 0.001652538 -0.02143132 0.002394855 0.001903772 -0.02130711 0.001789629 0.00536412 -0.02089434 0.002728641 0.005412042 -0.02078306 0.005582094 0.005522072 -0.02018594 -0.001126885 -0.003713309 -0.02121591 -5.46111e-4 -0.004252791 -0.02116137 0.004938721 0.00187838 -0.02086609 0.004424929 -0.002421319 -0.02093219 0.003830552 -0.006485283 -0.02036875 0.003757894 -0.00541836 -0.02061867 0.002965807 -0.00501424 -0.02082943 0.003823876 -0.004669249 -0.02074724 0.003992795 -0.003787994 -0.02085888 0.003684997 -0.002520918 -0.02106589 0.00488609 -0.00127834 -0.02091062 0.005584895 3.37476e-4 -0.02076447 0.004518508 1.05473e-4 -0.02102321 0.00621283 0.001933753 -0.02051419 0.006714463 0.005707979 -0.01979053 0.006771326 0.004611372 -0.01999193 0.006074309 0.004455268 -0.02024394 0.006614029 0.003342628 -0.02024573 0.001645207 0.006458938 -0.02066695 0.001720309 0.004265666 -0.02109479 0.00146681 0.003102123 -0.02127623 0.002594828 0.003748953 -0.02108669 2.52764e-4 1.78237e-5 -0.02150273 -3.33997e-4 -0.001324892 -0.02146816 -0.001272678 -0.004605293 -0.02107036 -0.001281678 -0.005704462 -0.02086031 -9.72986e-5 -0.005236506 -0.02100038 0.003972828 0.005412399 -0.02058565 0.004167199 0.003747701 -0.02083414 0.003671765 0.002753198 -0.02104526 0.005306959 0.003631353 -0.02058631 0.002850472 1.2806e-4 -0.02131342 0.003692746 0.001002013 -0.02116519 7.13699e-4 -0.003367602 -0.02128577 0.002421259 -0.001618981 -0.02132219 0.003694176 -7.45266e-4 -0.02117335 0.002403259 -0.003367602 -0.02116167 0.001539707 -0.005121469 -0.02096551 -0.01112639 -0.007999956 0.007645368 -0.01112639 10e-4 0.007645368 -0.01071023 10e-4 0.008218228 -0.005813062 -0.007999956 0.01218432 -0.005813062 10e-4 0.01218432 -0.005166172 10e-4 0.01247233 0.001057863 -0.007999956 0.01345843 0.001057863 10e-4 0.01345843 0.001762092 10e-4 0.01338446 0.007645368 -0.007999956 0.01112639 0.007645368 10e-4 0.01112639 0.008218228 10e-4 0.01071023 0.01218432 -0.007999956 0.005813062 0.01218432 10e-4 0.005813062 0.01247233 10e-4 0.005166172 0.01345843 -0.007999956 -0.001057863 0.01345843 10e-4 -0.001057863 0.01338446 10e-4 -0.001762092 0.01112639 -0.007999956 -0.007645368 0.01112639 10e-4 -0.007645368 0.01071023 10e-4 -0.008218228 0.005813062 -0.007999956 -0.01218432 0.005813062 10e-4 -0.01218432 0.005166172 10e-4 -0.01247233 -0.001057863 -0.007999956 -0.01345843 -0.001057863 10e-4 -0.01345843 -0.001762092 10e-4 -0.01338446 -0.007645368 -0.007999956 -0.01112639 -0.007645368 10e-4 -0.01112639 -0.008218228 10e-4 -0.01071023 -0.01218432 -0.007999956 -0.005813062 -0.01218432 10e-4 -0.005813062 -0.01247233 10e-4 -0.005166172 -0.01345843 -0.007999956 0.001057863 -0.01345843 10e-4 0.001057863 -0.01338446 10e-4 0.001762092 -0.01260995 10e-4 0.004820644 -0.012618 -0.007999897 0.004826903 -0.01303994 -0.008999943 0.003494024 -0.01338446 -0.008999943 0.001762092 -0.01349997 -0.008999943 0 -0.01349997 -0.007999956 0 -0.013341 -0.007999897 -0.00212872 -0.01338446 -0.008999943 -0.001762092 -0.01303994 -0.008999943 -0.003494024 -0.01333087 10e-4 -0.002130091 -0.01247233 -0.008999943 -0.005166172 -0.01169133 -0.008999943 -0.006749987 -0.01169133 -0.007999956 -0.006749987 -0.01048928 -0.007999956 -0.008514046 -0.01071023 -0.008999943 -0.008218228 -0.009545922 -0.008999943 -0.009545922 -0.0104798 10e-4 -0.008510172 -0.008218228 -0.008999943 -0.01071023 -0.006749987 -0.008999943 -0.01169133 -0.006749987 -0.007999956 -0.01169133 -0.004826903 -0.007999897 -0.012618 -0.005166172 -0.008999943 -0.01247233 -0.003494024 -0.008999943 -0.01303994 -0.004820644 10e-4 -0.01260995 -0.001762092 -0.008999943 -0.01338446 0 -0.008999943 -0.01349997 0 -0.007999956 -0.01349997 0.00212872 -0.007999897 -0.013341 0.001762092 -0.008999943 -0.01338446 0.003494024 -0.008999943 -0.01303994 0.002130091 10e-4 -0.01333087 0.005166172 -0.008999943 -0.01247233 0.006749987 -0.008999943 -0.01169133 0.006749987 -0.007999956 -0.01169133 0.008514046 -0.007999897 -0.01048928 0.008218228 -0.008999943 -0.01071023 0.009545922 -0.008999943 -0.009545922 0.008510172 10e-4 -0.0104798 0.01071023 -0.008999943 -0.008218228 0.01169133 -0.008999943 -0.006749987 0.01169133 -0.007999956 -0.006749987 0.012618 -0.007999897 -0.004826903 0.01247233 -0.008999943 -0.005166172 0.01303994 -0.008999943 -0.003494024 0.01260995 10e-4 -0.004820644 0.01338446 -0.008999943 -0.001762092 0.01349997 -0.008999943 0 0.01349997 -0.007999956 0 0.013341 -0.007999897 0.00212872 0.01338446 -0.008999943 0.001762092 0.01303994 -0.008999943 0.003494024 0.01333087 10e-4 0.002130091 0.01247233 -0.008999943 0.005166172 0.01169133 -0.008999943 0.006749987 0.01169133 -0.007999956 0.006749987 0.01048928 -0.007999956 0.008514046 0.01071023 -0.008999943 0.008218228 0.009545922 -0.008999943 0.009545922 0.0104798 10e-4 0.008510172 0.008218228 -0.008999943 0.01071023 0.006749987 -0.008999943 0.01169133 0.006749987 -0.007999956 0.01169133 0.004826903 -0.007999897 0.012618 0.005166172 -0.008999943 0.01247233 0.003494024 -0.008999943 0.01303994 0.004820644 10e-4 0.01260995 0.001762092 -0.008999943 0.01338446 0 -0.008999943 0.01349997 0 -0.007999956 0.01349997 -0.00212872 -0.007999897 0.013341 -0.001762092 -0.008999943 0.01338446 -0.003494024 -0.008999943 0.01303994 -0.002130091 10e-4 0.01333087 -0.005166172 -0.008999943 0.01247233 -0.006749987 -0.008999943 0.01169133 -0.006749987 -0.007999956 0.01169133 -0.008514046 -0.007999897 0.01048928 -0.008218228 -0.008999943 0.01071023 -0.009545922 -0.008999943 0.009545922 -0.008510172 10e-4 0.0104798 -0.01247233 -0.008999943 0.005166172 -0.01169133 -0.008999943 0.006749987 -0.01169133 -0.007999956 0.006749987 -0.01071023 -0.008999943 0.008218228 0.01303994 10e-4 -0.003494024 0.009545922 10e-4 -0.009545922 0.003494024 10e-4 -0.01303994 -0.003494024 10e-4 -0.01303994 -0.009545922 10e-4 -0.009545922 -0.01303994 10e-4 -0.003494024 -0.01303994 10e-4 0.003494024 -0.009545922 10e-4 0.009545922 -0.003494024 10e-4 0.01303994 0.003494024 10e-4 0.01303994 0.009545922 10e-4 0.009545922 0.01303994 10e-4 0.003494024 -0.007806181 10e-4 0.0094406 -0.00836122 10e-4 0.008952736 -0.00950241 10e-4 0.007730782 -0.01009619 10e-4 0.006937503 -0.005274772 10e-4 0.01105612 -0.00410223 10e-4 0.01154267 -0.002044022 9.99975e-4 0.01209157 9.59957e-4 10e-4 0.01221227 0.002492308 10e-4 0.01199376 0.004273772 9.99994e-4 0.01148509 0.00836122 10e-4 0.008952736 0.0094406 10e-4 0.007806181 0.006938874 9.99993e-4 0.01009565 0.01207894 10e-4 0.002040028 0.01179569 10e-4 0.003304958 0.01106035 9.9997e-4 0.005271852 0.01148068 10e-4 -0.004272699 0.01179569 10e-4 -0.003304958 0.01213586 10e-4 -0.001668035 0.01221227 10e-4 -9.59957e-4 0.007806181 10e-4 -0.0094406 0.00836122 10e-4 -0.008952736 0.00950241 10e-4 -0.007730782 0.01009619 10e-4 -0.006937503 0.005274772 10e-4 -0.01105612 0.00410223 10e-4 -0.01154267 0.002044022 9.99975e-4 -0.01209157 -9.59957e-4 10e-4 -0.01221227 -0.002492308 10e-4 -0.01199376 -0.004273772 9.99994e-4 -0.01148509 -0.00836122 10e-4 -0.008952736 -0.0094406 10e-4 -0.007806181 -0.006938874 9.99993e-4 -0.01009565 -0.01207894 10e-4 -0.002040028 -0.01179569 10e-4 -0.003304958 -0.01106035 9.9997e-4 -0.005271852 -0.01148068 10e-4 0.004272699 -0.01179569 10e-4 0.003304958 -0.01213586 10e-4 0.001668035 -0.01221227 10e-4 9.59957e-4 0.0068717 4.45763e-4 0.01771801 0.00666207 -0.008999943 0.01779371 -0.01425647 0.00550884 -0.01256006 -0.01427775 0.004506647 -0.01253575 -0.0144034 0.003465652 -0.01239418 0.01715916 -0.007087826 -0.008158624 0.01710915 -0.003468453 -0.00826323 0.01725959 -0.002310454 -0.00794357 -0.007247567 -4.73705e-4 -0.01756334 -0.006349444 0.001733243 -0.01791042 -0.005671739 -0.008999943 -0.01813369 -0.005858302 0.003287732 -0.01807445 -0.005682766 0.004145979 -0.01813048 -0.007632195 -0.008999943 -0.01739966 -0.009499967 -0.008999943 -0.01645445 -0.009185433 -0.00872606 -0.01664441 -0.01125246 -0.008999943 -0.01530951 -0.01116061 -0.008729517 -0.01538175 -0.01286834 -0.008999943 -0.01397871 -0.01234161 -0.008726954 -0.01444512 -0.01317226 -0.008728027 -0.01369839 -0.01213854 -0.006084859 -0.01461702 -0.01275783 -0.007935047 -0.01407766 -0.01219594 -0.005067348 -0.0145691 -0.01205193 -0.003620147 -0.0146889 -0.01287692 -0.002260625 -0.01397514 -0.0116474 -0.001989841 -0.01500934 -0.01223993 -2.40731e-4 -0.0145325 -0.01110488 -3.7455e-4 -0.01542139 -0.01149201 0.002009451 -0.01513123 -0.01197296 -0.006925046 -0.01475143 -0.01161652 -0.007926642 -0.01503658 -0.01077967 0.008727788 -0.01564598 -0.01125246 0.008999943 -0.01530951 -0.009577214 0.008727848 -0.01641136 -0.009499967 0.008999943 -0.01645445 -0.01116675 0.003237426 -0.01537132 -0.01018214 0.002262055 -0.01604336 -0.009705662 0.004505217 -0.01633477 -0.01101785 0.004078209 -0.0154792 -0.009860396 0.003501117 -0.01624202 -0.01101344 0.006275415 -0.01548027 -0.009807527 0.006520807 -0.01627343 -0.01092982 0.0050686 -0.01554054 -0.009677529 0.005507707 -0.01635092 -0.01040816 0.008108794 -0.01589554 -0.01130241 0.007360279 -0.01527482 -0.01014846 0.007579803 -0.01606357 -0.008133649 0.008726239 -0.01717644 -0.007632195 0.008999943 -0.01739966 -0.005874872 0.006953656 -0.01806902 -0.005671739 0.008999943 -0.01813369 -0.006346404 0.008009374 -0.0179097 -0.006837844 0.008727908 -0.01772826 -0.005592942 0.005092978 -0.01815825 -0.003642499 0.008999943 -0.01864755 -0.005664706 0.00608766 -0.01813584 -0.00826323 -0.003468453 -0.01710915 -0.007936239 -0.002287566 -0.01726377 -0.007767438 -0.00796622 -0.01734119 -0.008462667 -0.005482912 -0.01701122 -0.008436143 -0.004517197 -0.01702445 -0.008158743 -0.007087707 -0.01715928 -0.008371412 -0.006281435 -0.01705634 -0.00726813 -0.008729517 -0.01755797 0.0179705 -0.008999943 -0.006169259 0.01718276 -0.008999943 -0.008108735 0.01755523 -0.008727788 -0.007267177 0.01707249 -0.008727908 -0.008345603 0.01731258 -0.007837295 -0.00782901 0.01618641 -0.008999943 -0.009949743 0.01628112 -0.008728027 -0.009799242 0.0150513 -0.007968425 -0.01159816 0.01499366 -0.008999943 -0.01166999 0.0153824 -0.008727729 -0.01115858 0.01361882 -0.008999943 -0.01324862 0.01357567 -0.008727788 -0.01329427 0.01445037 -0.008727788 -0.01233637 0.0145691 -0.005067348 -0.01219594 0.01461678 -0.00608623 -0.01213812 0.01363456 -0.006281971 -0.01323223 0.01455295 -1.70397e-4 -0.01221758 0.01506704 -0.001751363 -0.01158183 0.01396739 -0.002284228 -0.01288187 0.01468855 -0.003617107 -0.0120508 0.01371967 -0.003462493 -0.01314502 0.01358515 -0.00451523 -0.01328444 0.0137965 -0.00708431 -0.01306229 0.01475107 -0.006917774 -0.01197576 0.01405185 -0.007848441 -0.01279181 0.01499366 0.008999943 -0.01166999 0.01618641 0.008999943 -0.009949743 0.01564598 0.008727788 -0.01077967 0.01630663 0.008727908 -0.00975722 0.01554119 0.005069196 -0.01093029 0.0154981 0.006085336 -0.01099127 0.01606249 0.007576704 -0.01014566 0.01543247 0.003625392 -0.01108056 0.0162422 0.003491103 -0.009863495 0.01604312 0.002265274 -0.01018053 0.01512497 0.001983165 -0.01149845 0.015634 4.73705e-4 -0.01079708 0.01633435 0.004507005 -0.009705126 0.01627331 0.006519496 -0.00980699 0.01635074 0.005507707 -0.00967741 0.01718276 0.008999943 -0.008108735 0.01710093 0.008728027 -0.008286595 0.0179705 0.008999943 -0.006169259 0.01791429 0.007994592 -0.006337523 0.01772952 0.008727729 -0.00683844 0.01813608 0.006085336 -0.005664169 0.01806902 0.006953775 -0.005874872 0.01854008 0.008999943 -0.00415492 0.01815795 0.005069255 -0.005592763 0.01791363 0.001752495 -0.006342291 0.01854008 -0.008999943 -0.00415492 0.01810342 0.003631114 -0.005768656 0.01701122 -0.005482912 -0.008462667 0.01702445 -0.004517197 -0.008436143 0.01705634 -0.006281435 -0.008371412 0.01756334 -4.73705e-4 -0.007247567 0.0120787 -0.008999943 -0.01466637 0.01238089 -0.008728265 -0.01441806 0.01039201 -0.008999943 -0.01590615 0.01072943 -0.007968187 -0.01568174 0.01118046 -0.008727967 -0.01536476 0.01008713 -0.005067408 -0.01610094 0.01015055 -0.006084918 -0.0160613 0.008579134 -0.008999943 -0.01695281 0.008579134 0.008999943 -0.01695281 0.01024532 -0.003618299 -0.01599985 0.01032871 -0.006918489 -0.01594799 0.01066976 -0.002011358 -0.01572185 0.01039201 0.008999943 -0.01590615 0.012111 0.002260029 -0.01464188 0.01139271 7.65865e-5 -0.01520746 0.01240062 0.0035066 -0.01439547 0.01214087 0.00757873 -0.01461416 0.01256 0.005507767 -0.01425641 0.01253581 0.004507005 -0.01427769 0.01190125 0.008108794 -0.01481074 0.0124464 0.006519436 -0.01435583 0.01154911 0.008727788 -0.015087 0.0120787 0.008999943 -0.01466637 0.01242882 0.008727967 -0.01437669 0.01536905 0.006953775 -0.01117092 0.01589554 0.008108794 -0.01040816 0.01507443 0.008004546 -0.01156896 0.01474899 0.008728563 -0.01198405 0.01361882 0.008999943 -0.01324862 0.01362276 0.008727788 -0.01324456 0.01356351 -0.005482912 -0.01330524 -0.01559656 -0.00818932 -0.01085311 -0.01536661 -0.00872755 -0.01118212 -0.01561373 -0.008999943 -0.01082634 -0.014328 -0.008999943 -0.01247829 -0.01606136 -0.006084322 -0.01015049 -0.01670998 -0.008999943 -0.009042978 -0.01594746 -0.006919682 -0.01032888 -0.01571112 -0.001965403 -0.01068329 -0.01600122 -0.003620326 -0.01024568 -0.01670998 0.008999943 -0.009042978 -0.01561373 0.008999943 -0.01082634 -0.01610094 -0.00506699 -0.01008719 -0.01579064 -0.007583677 -0.01056665 -0.01426678 0.008727788 -0.01255041 -0.014328 0.008999943 -0.01247829 -0.01508289 0.008726954 -0.01155507 -0.01463878 0.002269566 -0.01211309 -0.01519399 1.2772e-4 -0.01141065 -0.01435595 0.006519854 -0.01244634 -0.01459801 0.00752145 -0.01216167 -0.01481062 0.008108437 -0.01190143 -0.01311665 0.008728206 -0.01375174 -0.01286834 0.008999943 -0.01397871 -0.01167041 0.008195698 -0.01499384 -0.01198196 0.008727908 -0.01474791 -0.01314598 -0.003469288 -0.01371812 -0.01306122 -0.007088482 -0.01379781 -0.01330524 -0.005483806 -0.01356351 -0.01328402 -0.004516661 -0.01358437 -0.0132324 -0.006281554 -0.01363468 -0.01429951 -0.008727848 -0.01251202 -0.01561373 -0.008999943 0.01082634 -0.014328 -0.008999943 0.01247829 -0.01445108 -0.00872904 0.01233661 -0.0154981 0.006085276 0.01099127 -0.01536923 0.006953656 0.01117098 -0.01561373 0.008999943 0.01082634 -0.0145691 -0.00506699 0.01219588 -0.0146169 -0.006084322 0.0121386 -0.01412582 -0.008048892 0.01271086 -0.01475131 -0.006919562 0.0119751 -0.01554119 0.005069196 0.01093029 -0.0154348 0.003631174 0.01108062 -0.0155884 2.9705e-4 0.01086258 -0.01500588 -0.002011358 0.01165527 -0.01446408 -4.73705e-4 0.01232022 -0.0146889 -0.003620326 0.01205193 -0.01507139 0.001731693 0.01157385 -0.01492905 -0.007583677 0.01175248 -0.01514351 -0.008195698 0.0114755 -0.01507198 0.008009374 0.01157021 -0.0147491 0.008728444 0.01198625 -0.014328 0.008999943 0.01247829 -0.01538634 -0.008727371 0.01115787 -0.01670998 0.008999943 0.009042978 -0.01672929 0.008728921 0.009036779 -0.01562988 0.004560589 0.01080298 -0.01633429 0.004506647 0.009705185 -0.01624232 0.003507614 0.009858667 -0.01604384 0.002269506 0.01017916 -0.01565045 0.008726954 0.01077395 -0.01589572 0.008108437 0.01040798 -0.01607745 0.00752145 0.01012533 -0.01627337 0.006519794 0.009807169 -0.01635074 0.00550878 0.00967741 -0.01760333 0.008999943 0.007149875 -0.01806902 0.006953895 0.005874991 -0.01818573 0.009000122 0.005507409 -0.01815819 0.005068838 0.005592823 -0.01813614 0.00608474 0.00566405 -0.01794451 0.002029657 0.006246328 -0.01821911 -0.008999943 0.005397379 -0.01810342 0.003631174 0.005768656 -0.01790964 0.008009314 0.006346344 -0.01773095 0.008727431 0.006841003 -0.01670998 -0.008999943 0.009042978 -0.01670014 -0.008728921 0.009089887 -0.01768624 2.5897e-4 0.006948292 -0.01760333 -0.008999943 0.007149875 -0.01757937 -0.004481732 0.007208585 -0.01702445 -0.004516661 0.008436083 -0.01710903 -0.003469347 0.008263409 -0.01726382 -0.002287209 0.00793612 -0.01755285 -0.008726954 0.007274031 -0.01733338 -0.007937371 0.007782399 -0.01715922 -0.007087528 0.008158802 -0.01705634 -0.006281495 0.008371412 -0.01701116 -0.005483806 0.008462667 -0.01253581 0.004507064 0.01427769 -0.01240062 0.0035066 0.01439547 -0.01125246 0.008999943 0.01530951 -0.01286834 0.008999943 0.01397871 -0.01154911 0.008727788 0.015087 -0.01190125 0.008108794 0.01481074 -0.0121414 0.00757867 0.01461493 -0.0124464 0.006519377 0.01435577 -0.01256 0.005507767 0.01425647 -0.01211315 0.002269804 0.01463872 -0.0130642 0.008727967 0.01381558 -0.0137183 -0.003468453 0.0131458 -0.01396638 -0.002287566 0.01288259 -0.01356351 -0.005482912 0.01330524 -0.01358431 -0.004517197 0.01328408 -0.01379823 -0.007087707 0.01306194 -0.01363462 -0.006281435 0.0132324 -0.01303499 -0.008725941 0.01384055 -0.01286834 -0.008999943 0.01397871 -0.01125246 -0.008999943 0.01530951 -0.01118379 -0.008728563 0.0153656 -0.01015055 -0.006084859 0.0160613 -0.009499967 -0.008999943 0.01645445 -0.01024568 -0.003620326 0.01600122 -0.01008719 -0.005067348 0.016101 -0.009499967 0.008999943 0.01645445 -0.01066982 -0.002011179 0.01572185 -0.01135241 -3.91846e-5 0.01523852 -0.01032882 -0.006919562 0.01594746 -0.01072949 -0.007968187 0.01568174 0.01233637 -0.008727788 0.01445037 0.0120787 -0.008999943 0.01466637 0.01377797 -0.008727729 0.01310408 0.01361882 -0.008999943 0.01324862 0.01205372 -0.003627002 0.0146892 0.01314514 -0.00346142 0.01372027 0.01288264 -0.002287626 0.01396638 0.01218414 -0.00484544 0.0145784 0.01328438 -0.004515945 0.01358491 0.01279568 -0.007837295 0.01404589 0.01206618 -0.006526887 0.01467788 0.01306217 -0.007084846 0.01379668 0.01323235 -0.006282627 0.01363492 0.01217377 -0.00571829 0.0145874 0.01330536 -0.005482912 0.01356363 0.01499366 -0.008999943 0.01166999 0.0160613 -0.006084799 0.01015055 0.01594746 -0.006919503 0.01032876 0.01618641 -0.008999943 0.009949743 0.01600122 -0.003620326 0.01024568 0.01618641 0.008999943 0.009949743 0.01572185 -0.002011239 0.01066982 0.01517742 1.88846e-4 0.01143127 0.01610112 -0.005067348 0.01008725 0.01568168 -0.007968246 0.01072949 0.01536601 -0.008728444 0.01118457 0.01439547 0.0035066 0.01240062 0.01463872 0.002269804 0.01211315 0.01463562 0.007647335 0.01211506 0.01425641 0.005507767 0.01256 0.01427769 0.004507005 0.01253581 0.01508361 0.008728682 0.01155394 0.01435583 0.006519377 0.0124464 0.01499366 0.008999943 0.01166999 0.01374113 0.008725881 0.01314073 0.01361882 0.008999943 0.01324862 0.0120787 0.008999943 0.01466637 0.011985 0.008728802 0.01474767 0.01078093 0.008730471 0.01564747 0.01039201 0.008999943 0.01590615 0.01099127 0.006085276 0.0154981 0.01117098 0.006953716 0.01536923 0.01040816 0.008108794 0.01589554 0.01093018 0.005069196 0.01554107 0.01108062 0.003631174 0.0154348 0.01084029 3.60507e-4 0.01560384 0.01148599 0.002028882 0.01513588 0.01165515 -0.00201112 0.01500594 0.01213759 6.77064e-5 0.0146203 0.01156866 0.00800395 0.01507556 0.008929014 0.00872606 0.01678317 0.008579134 0.008999943 0.01695281 0.006826937 0.008728086 0.01773589 0.00666207 0.008999943 0.01779371 0.005592763 0.005069255 0.01815801 0.004664182 0.008999943 0.01841861 0.005664169 0.006085276 0.01813608 0.005768656 0.003631174 0.01810342 0.004664182 -0.008999943 0.01841861 0.006238996 0.002050817 0.01794695 0.005874872 0.006953716 0.01806902 0.006237983 0.007797539 0.01794713 0.008579134 -0.008999943 0.01695281 0.008527874 -0.008727848 0.01697975 0.008436143 -0.004517257 0.01702445 0.00826323 -0.003468513 0.01710915 0.007936239 -0.002287626 0.01726377 0.007267177 -0.008727788 0.01755523 0.007829248 -0.007836699 0.01731199 0.008158743 -0.007087647 0.01715928 0.008371412 -0.006281435 0.01705634 0.008462667 -0.005482912 0.01701116 0.009942829 -0.008726298 0.01619642 0.01039201 -0.008999943 0.01590615 0.01183873 -0.007366299 0.0148611 0.01147538 -0.008195877 0.01514363 0.01115763 -0.008727967 0.01538085 0.009858846 0.0035066 0.01624214 0.0101791 0.002269804 0.0160439 0.0101478 0.007579803 0.01606255 0.00967741 0.005507707 0.01635074 0.009705126 0.004507005 0.01633435 0.00980705 0.006519436 0.01627343 -0.007632195 -0.008999943 0.01739966 -0.007632195 0.008999943 0.01739966 -0.005671739 -0.008999943 0.01813369 -0.005671739 0.008999943 0.01813369 -0.003642499 -0.008999943 0.01864755 -0.003642499 0.008999943 0.01864755 -0.001568973 -0.008999943 0.01893508 -0.001568973 0.008999943 0.01893508 5.23532e-4 -0.008999943 0.01899278 5.23532e-4 0.008999943 0.01899278 0.00260967 -0.008999943 0.01881986 0.00260967 0.008999943 0.01881986 -0.01760333 -0.008999943 -0.007149875 -0.01760333 0.008999943 -0.007149875 -0.01828306 -0.008999943 -0.005169928 -0.01828306 0.008999943 -0.005169928 -0.01874083 -0.008999943 -0.003127276 -0.01874083 0.008999943 -0.003127276 -0.01897114 -0.008999943 -0.001046657 -0.01897114 0.008999943 -0.001046657 -0.01897114 -0.008999943 0.001046657 -0.01897114 0.008999943 0.001046657 -0.01874083 -0.008999943 0.003127276 -0.01874083 0.008999943 0.003127276 -0.003642499 -0.008999943 -0.01864755 -0.001568973 0.008999943 -0.01893508 -0.001568973 -0.008999943 -0.01893508 5.23532e-4 0.008999943 -0.01899278 5.23532e-4 -0.008999943 -0.01899278 0.00260967 0.008999943 -0.01881986 0.00260967 -0.008999943 -0.01881986 0.004664182 0.008999943 -0.01841861 0.004664182 -0.008999943 -0.01841861 0.00666207 0.008999943 -0.01779371 0.00666207 -0.008999943 -0.01779371 0.01718276 -0.008999943 0.008108735 0.01718276 0.008999943 0.008108735 0.0179705 -0.008999943 0.006169259 0.0179705 0.008999943 0.006169259 0.01854008 -0.008999943 0.00415492 0.01854008 0.008999943 0.00415492 0.01888465 -0.008999943 0.002090156 0.01888465 0.008999943 0.002090156 0.01899999 -0.008999943 0 0.01899999 0.008999943 0 0.01888465 -0.008999943 -0.002090156 0.01888465 0.008999943 -0.002090156 -0.01408392 -0.008515775 -0.01333558 -0.01698088 -0.007408499 -0.01132285 -0.01620846 -0.007550716 -0.01225423 -0.0152083 -0.008229732 -0.01262682 -0.01640754 -0.008054435 -0.01133829 -0.01600128 -0.007916092 -0.01209753 -0.01577848 -0.008517742 -0.01127666 -0.01284098 -0.008414804 -0.01473468 -0.01385712 -0.008238673 -0.01407051 -0.01349192 -0.007813811 -0.01497024 -0.01407557 -0.007916092 -0.01429229 -0.01425784 -0.007550716 -0.01447737 -0.01439988 -0.007150769 -0.01462161 -0.01496243 -0.006691396 -0.01426583 -0.01401984 -0.007019996 -0.01506966 -0.01507842 -0.007916092 -0.01323002 -0.01527369 -0.007550716 -0.01340132 -0.01636993 -0.007150769 -0.0123763 -0.0154258 -0.007150769 -0.01353484 -0.01576292 -0.006723225 -0.01336717 -0.01739156 -0.006562054 -0.01123934 -0.01672214 -0.006686151 -0.01215827 -0.0120756 0.006567299 -0.01682007 -0.01312685 0.006736934 -0.01595652 -0.01317942 0.007150769 -0.01573055 -0.01213073 0.007159531 -0.01654815 -0.01304942 0.007550716 -0.0155754 -0.0121631 0.007784426 -0.01609748 -0.01288264 0.007916092 -0.01537626 -0.01214241 0.008263528 -0.01555788 -0.01208126 0.008524596 -0.01515549 -0.01538795 0.008399844 -0.01207882 -0.01404917 0.008522987 -0.01335865 -0.01477468 0.008238673 -0.01310378 -0.01563006 0.007814049 -0.01272135 -0.01500755 0.007916092 -0.01331031 -0.01520192 0.007550716 -0.01348268 -0.01418972 0.006732404 -0.01502341 -0.01495873 0.006725072 -0.01425385 -0.01574283 0.007115304 -0.0132088 -0.01574832 0.006706655 -0.01338696 -0.01430547 0.007150769 -0.01471394 -0.01376628 0.008238673 -0.01415938 -0.0139833 0.007916092 -0.0143826 -0.01416438 0.007550716 -0.01456886 -0.01451933 -0.005004763 -0.01522469 -0.01208162 0.005484938 -0.01710814 -0.01223021 0.004417538 -0.01724296 -0.01254403 0.00316286 -0.01723569 -0.01295214 0.001925706 -0.01708364 -0.0133965 6.72382e-4 -0.01681065 -0.01425898 -0.002091884 -0.01598817 -0.0138818 -7.45775e-4 -0.01640766 -0.01447093 -0.003248512 -0.01563817 -0.01454025 -0.004182517 -0.0153954 -0.01436513 -0.005972206 -0.01509863 -0.01778727 -0.004641115 -0.01135241 -0.01767265 -0.005480527 -0.01124167 -0.01782882 -0.003739058 -0.01154971 -0.01764678 -0.001757144 -0.01219367 -0.01778173 -0.002813696 -0.01182442 -0.01742345 -6.872e-4 -0.01258426 -0.01659655 0.00225079 -0.01352697 -0.01692968 0.001159906 -0.0132336 -0.01630258 0.003277003 -0.01371049 -0.01605188 0.004281282 -0.0137906 -0.01585727 0.005328476 -0.0137307 -0.01577591 0.00607711 -0.01358044 -0.01539266 -0.003586351 -0.01466727 -0.01522237 -0.005055844 -0.01450502 -0.01550483 -0.002120018 -0.0147742 -0.01454281 -6.54687e-4 -0.01582443 -0.01453995 8.11891e-4 -0.01582127 -0.01330363 0.003757238 -0.0165556 -0.01314884 0.005240261 -0.01636296 -0.01519691 0.005240261 -0.01448076 -0.01537585 0.003757238 -0.01465123 -0.0154953 0.002281785 -0.01476508 -0.01650744 -6.54687e-4 -0.01376265 -0.01719683 -0.003586351 -0.01250332 -0.01700657 -0.005055844 -0.01236498 -0.01420408 0.005240261 -0.01545584 -0.01437133 0.003757238 -0.01563781 -0.01448297 0.002281785 -0.01575928 -0.01555931 -6.54687e-4 -0.01482611 -0.01555627 8.11891e-4 -0.01482319 -0.01644963 -0.002120018 -0.01371443 -0.01633059 -0.003586351 -0.01361519 -0.01614999 -0.005055844 -0.01346462 -0.01601606 -0.007408499 0.01265084 -0.01666313 -0.007550716 0.01162838 -0.01670843 -0.008229732 0.010562 -0.01585376 -0.00805366 0.01210176 -0.01645016 -0.007916092 0.01147973 -0.01560109 -0.008516907 0.01152265 -0.01704096 -0.008522331 0.009242475 -0.01799434 -0.008399724 0.007674515 -0.01766395 -0.008238673 0.008830845 -0.01840674 -0.007813811 0.008205533 -0.01794242 -0.007916092 0.008970081 -0.01817476 -0.007550716 0.009086251 -0.01835578 -0.007150769 0.009176731 -0.01819127 -0.006691455 0.009821712 -0.01866447 -0.007019996 0.008676826 -0.01724201 -0.007916092 0.01025211 -0.01746529 -0.007550716 0.01038485 -0.01682913 -0.007150769 0.01174426 -0.01763927 -0.007150769 0.01048833 -0.01758396 -0.006723225 0.01086068 -0.01606357 -0.006562054 0.01306718 -0.01673066 -0.006686151 0.01214659 -0.01703947 0.008523166 0.009243011 -0.01972842 0.006567299 0.006286859 -0.01923197 0.006736934 0.007553517 -0.01903331 0.007150769 0.007673382 -0.01948684 0.007159531 0.006423354 -0.01884555 0.007550716 0.007597684 -0.01906824 0.007784426 0.006593346 -0.01860469 0.007916092 0.007500588 -0.0185486 0.008263528 0.00674045 -0.01814591 0.008525252 0.00680679 -0.0162428 0.008399844 0.01090228 -0.01702803 0.008238673 0.01000225 -0.01692873 0.007814049 0.01093399 -0.01729649 0.007916092 0.0101599 -0.01752042 0.007550716 0.01029151 -0.01867294 0.006732404 0.008852779 -0.0181787 0.006725072 0.009821951 -0.01742708 0.007115304 0.01089054 -0.01759827 0.006706655 0.01084077 -0.01841443 0.007150769 0.009058415 -0.01823282 0.007550716 0.008969068 -0.01799976 0.007916092 0.008854448 -0.0177204 0.008238673 0.008717 -0.01896631 -0.005004763 0.009104013 -0.02000421 0.005484938 0.006203591 -0.02017843 0.004417538 0.00630325 -0.02026844 0.003167033 0.006602525 -0.02024996 0.001925706 0.00703907 -0.01989412 -7.47059e-4 0.008132576 -0.02012765 6.7241e-4 0.007546007 -0.01961195 -0.002091825 0.0086205 -0.01934456 -0.003248512 0.008930206 -0.01913511 -0.004182517 0.009071111 -0.0187987 -0.005972206 0.008996307 -0.01615262 -0.005480527 0.01333379 -0.01629334 -0.004641115 0.0134086 -0.01649385 -0.003739058 0.01338714 -0.01674056 -0.002813696 0.0132575 -0.01705008 -0.001756906 0.01301503 -0.0173518 -6.89498e-4 0.01268279 -0.0179935 0.00225079 0.01160418 -0.01781737 0.001158952 0.01201182 -0.01807725 0.003277003 0.0112679 -0.01807594 0.004281282 0.01100468 -0.01795887 0.005328476 0.01083815 -0.01779079 0.00607711 0.01080721 -0.01870602 -0.003586351 0.0101068 -0.01849913 -0.005055844 0.009995043 -0.01884233 -0.002120018 0.01018047 -0.01954394 -6.54687e-4 0.008941054 -0.01954007 8.11891e-4 0.008939266 -0.01985639 0.003757238 0.00753653 -0.01962536 0.005240261 0.007448852 -0.0184682 0.005240261 0.009978294 -0.01868557 0.003757238 0.01009577 -0.01883077 0.002281785 0.01017421 -0.01819014 -6.54687e-4 0.01144665 -0.01720547 -0.003586351 0.0124914 -0.01701515 -0.005055844 0.01235324 -0.01908868 0.005240261 0.008732795 -0.01931339 0.003757238 0.008835554 -0.01946347 0.002281785 0.008904218 -0.01890861 -6.54687e-4 0.01021629 -0.01890486 8.11891e-4 0.01021426 -0.01812642 -0.002120018 0.01140654 -0.01799529 -0.003586351 0.01132398 -0.01779621 -0.005055844 0.01119875 0 -0.008999943 0.01349997 -0.01349997 -0.008999943 0 0 -0.008999943 -0.01349997 0.01349997 -0.008999943 0 0.01899999 -0.008999943 0 0.01219844 0.008999943 0.006870031 0.01297682 0.008999943 0.005253732 0.01354211 0.008999943 0.003551125 0.01388502 0.008999943 0.001790225 0.01399999 0.008999943 0 0.01899999 0.008999943 0 0.01388502 0.008999943 -0.001790225 0.01354211 0.008999943 -0.003551125 0.01297682 0.008999943 -0.005253732 0.01219844 0.008999943 -0.006870031 0.01121973 0.008999943 -0.008373498 0.01005685 0.008999943 -0.009739518 0.008728802 0.008999943 -0.01094561 0.007257461 0.008999943 -0.01197195 0.005666911 0.008999943 -0.01280176 -0.01328676 0.008999943 0.004411458 -0.01374179 0.008999943 0.002676188 -0.01261353 0.008999943 -0.006074368 -0.01328676 0.008999943 -0.004411458 -0.01374179 0.008999943 -0.002676188 -0.0139712 0.008999943 -8.96983e-4 -0.0139712 0.008999943 8.96983e-4 0.003983378 0.008999943 0.01342129 0.005666911 0.008999943 0.01280176 0.007257461 0.008999943 0.01197195 0.008728802 0.008999943 0.01094561 0.01005685 0.008999943 0.009739518 0.01121973 0.008999943 0.008373498 -0.006475508 0.008999943 0.01241236 -0.004835069 0.008999943 0.01313853 -0.003115236 0.008999943 0.01364898 -0.001344263 0.008999943 0.01393526 4.48722e-4 0.008999943 0.01399278 0.002234339 0.008999943 0.01382052 -0.01261353 0.008999943 0.006074368 -0.01173323 0.008999943 0.007637441 -0.01066023 0.008999943 0.009075164 -0.009412169 0.008999943 0.01036387 -0.008009612 0.008999943 0.01148235 -0.004835069 0.008999943 -0.01313853 -0.006475508 0.008999943 -0.01241236 -0.008009612 0.008999943 -0.01148235 -0.009412169 0.008999943 -0.01036387 -0.01066023 0.008999943 -0.009075164 -0.01173323 0.008999943 -0.007637441 0.003983378 0.008999943 -0.01342129 0.002234339 0.008999943 -0.01382052 4.48722e-4 0.008999943 -0.01399278 -0.001344263 0.008999943 -0.01393526 -0.003115236 0.008999943 -0.01364898 -0.01330268 -0.008523523 0.01410001 -0.01132994 -0.008262157 0.01616138 -0.01134067 -0.007766246 0.01670032 -0.01225423 -0.007550716 0.01620846 -0.01473331 -0.008417665 0.01283723 -0.01407051 -0.008238673 0.01385712 -0.01497024 -0.007813811 0.01349192 -0.01429229 -0.007916092 0.01407557 -0.01447737 -0.007550716 0.01425784 -0.01462161 -0.007150769 0.01439988 -0.01426583 -0.006691396 0.01496243 -0.01506966 -0.007020056 0.01401978 -0.01209753 -0.007916092 0.01600128 -0.01127481 -0.008524119 0.01576638 -0.01302468 -0.008238673 0.01484441 -0.01323002 -0.007916092 0.01507842 -0.01340132 -0.007550716 0.01527369 -0.01130062 -0.007159531 0.01712578 -0.0123763 -0.007150769 0.01636993 -0.01353484 -0.007150769 0.0154258 -0.01336717 -0.006723225 0.01576292 -0.01123934 -0.006562173 0.0173915 -0.01215827 -0.006686151 0.01672214 -0.01335024 0.008522093 0.01405733 -0.01202809 0.00843662 0.0153675 -0.01310378 0.008238673 0.01477468 -0.01272112 0.007814884 0.01562947 -0.01331031 0.007916092 0.01500755 -0.01348268 0.007550716 0.01520192 -0.01502341 0.006732404 0.01418972 -0.01425385 0.006725072 0.01495873 -0.0132088 0.007115304 0.01574283 -0.0133869 0.006706774 0.01574832 -0.01682001 0.006567418 0.0120756 -0.01595652 0.006736993 0.01312685 -0.01573055 0.007150769 0.01317942 -0.01654815 0.007159531 0.01213073 -0.0155754 0.007550716 0.01304942 -0.01609742 0.007784485 0.0121631 -0.01537626 0.007916092 0.01288264 -0.01555788 0.008263528 0.01214241 -0.01515144 0.0085271 0.01208072 -0.01471394 0.007150769 0.01430547 -0.01456886 0.007550716 0.01416438 -0.0143826 0.007916092 0.0139833 -0.01415938 0.008238673 0.01376628 -0.01124167 -0.005480468 0.01767265 -0.01135241 -0.004641056 0.01778727 -0.01154971 -0.003739118 0.01782882 -0.01182442 -0.002813696 0.01778173 -0.01219379 -0.001756787 0.01764678 -0.01258271 -6.91564e-4 0.01742446 -0.01352697 0.00225073 0.01659655 -0.01323354 0.001159489 0.0169298 -0.01371049 0.003277063 0.01630258 -0.0137906 0.004281342 0.01605182 -0.0137307 0.005328595 0.01585727 -0.01358044 0.00607711 0.01577591 -0.01522469 -0.005004882 0.01451933 -0.01710814 0.005484879 0.01208162 -0.01724302 0.004417359 0.01223027 -0.01723611 0.003167152 0.01254266 -0.01708364 0.001925706 0.01295214 -0.01681065 6.72382e-4 0.0133965 -0.01598817 -0.002091884 0.01425898 -0.01640766 -7.45774e-4 0.0138818 -0.01563817 -0.003248453 0.01447093 -0.01539546 -0.004182457 0.01454025 -0.01509863 -0.005972087 0.01436519 -0.01448076 0.005240261 0.01519691 -0.01465123 0.003757238 0.01537585 -0.01476508 0.002281785 0.0154953 -0.01376265 -6.54687e-4 0.01650744 -0.01250332 -0.003586351 0.01719683 -0.01236498 -0.005055844 0.01700657 -0.01466727 -0.003586351 0.01539266 -0.01450502 -0.005055844 0.01522237 -0.0147742 -0.002120018 0.01550483 -0.01582443 -6.54687e-4 0.01454281 -0.01582127 8.11891e-4 0.01453995 -0.0165556 0.003757238 0.01330363 -0.01636296 0.005240261 0.01314884 -0.01545584 0.005240261 0.01420408 -0.01563781 0.003757238 0.01437133 -0.01575928 0.002281785 0.01448297 -0.01482611 -6.54687e-4 0.01555931 -0.01482319 8.11891e-4 0.01555627 -0.01371443 -0.002120018 0.01644963 -0.01361519 -0.003586351 0.01633059 -0.01346462 -0.005055844 0.01614999 0.01132285 -0.00740844 -0.01698088 0.01225423 -0.007550716 -0.01620846 0.01472264 -0.008436441 -0.01280963 0.01333785 -0.00852251 -0.01406961 0.01407051 -0.008238673 -0.01385712 0.01496958 -0.007814645 -0.01349163 0.01429229 -0.007916092 -0.01407557 0.01447737 -0.007550716 -0.01425784 0.01462161 -0.007150769 -0.01439988 0.01426583 -0.006691396 -0.01496243 0.01506966 -0.007020056 -0.01401978 0.01262682 -0.008229732 -0.0152083 0.01133817 -0.00805366 -0.0164085 0.01209753 -0.007916092 -0.01600128 0.01127725 -0.008515 -0.01578277 0.01323002 -0.007916092 -0.01507842 0.01340132 -0.007550716 -0.01527369 0.0123763 -0.007150769 -0.01636993 0.01353484 -0.007150769 -0.0154258 0.01336717 -0.006723225 -0.01576292 0.01123934 -0.006562173 -0.0173915 0.01215827 -0.006686151 -0.01672214 0.01340782 0.008523583 -0.01400142 0.01202374 0.008440256 -0.01536566 0.01310378 0.008238673 -0.01477468 0.01272112 0.007814884 -0.01562947 0.01331031 0.007916092 -0.01500755 0.01348268 0.007550716 -0.01520192 0.01502341 0.006732404 -0.01418972 0.01425385 0.006725072 -0.01495873 0.0132088 0.007115304 -0.01574283 0.0133869 0.006706774 -0.01574832 0.01682001 0.006567418 -0.0120756 0.01595652 0.006736993 -0.01312685 0.01573055 0.007150769 -0.01317942 0.01639908 0.007408916 -0.01214987 0.0155754 0.007550716 -0.01304942 0.01537626 0.007916092 -0.01288264 0.01591533 0.007956087 -0.01215887 0.0155577 0.008263528 -0.01214253 0.01515716 0.008523464 -0.01208144 0.01471394 0.007150769 -0.01430547 0.01456886 0.007550716 -0.01416438 0.0143826 0.007916092 -0.0139833 0.01415938 0.008238673 -0.01376628 0.01522469 -0.005004882 -0.01451933 0.01724302 0.004417359 -0.01223027 0.01710814 0.005484879 -0.01208162 0.01723611 0.003167152 -0.01254266 0.01680999 6.70483e-4 -0.01339739 0.01708322 0.001922726 -0.01295298 0.01598817 -0.002091884 -0.01425898 0.01640766 -7.45774e-4 -0.0138818 0.01563817 -0.003248453 -0.01447093 0.01539546 -0.004182457 -0.01454025 0.01509863 -0.005972087 -0.01436519 0.01124167 -0.005480468 -0.01767265 0.01135241 -0.004641056 -0.01778727 0.01154971 -0.003739118 -0.01782882 0.01182442 -0.002813696 -0.01778173 0.01219379 -0.001756787 -0.01764678 0.01258337 -6.89471e-4 -0.01742404 0.01352697 0.00225073 -0.01659655 0.0132336 0.001159906 -0.01692968 0.01371049 0.003277063 -0.01630258 0.0137906 0.004281342 -0.01605182 0.0137307 0.005328595 -0.01585727 0.01358044 0.00607711 -0.01577591 0.01466727 -0.003586351 -0.01539266 0.01450502 -0.005055844 -0.01522237 0.0147742 -0.002120018 -0.01550483 0.01582443 -6.54687e-4 -0.01454281 0.01582127 8.11891e-4 -0.01453995 0.0165556 0.003757238 -0.01330363 0.01636296 0.005240261 -0.01314884 0.01448076 0.005240261 -0.01519691 0.01465123 0.003757238 -0.01537585 0.01476508 0.002281785 -0.0154953 0.01376265 -6.54687e-4 -0.01650744 0.01250332 -0.003586351 -0.01719683 0.01236498 -0.005055844 -0.01700657 0.01545584 0.005240261 -0.01420408 0.01563781 0.003757238 -0.01437133 0.01575928 0.002281785 -0.01448297 0.01482611 -6.54687e-4 -0.01555931 0.01482319 8.11891e-4 -0.01555627 0.01371443 -0.002120018 -0.01644963 0.01361519 -0.003586351 -0.01633059 0.01346462 -0.005055844 -0.01614999 0.01698088 -0.00740844 0.01132285 0.01620846 -0.007550716 0.01225423 0.01405674 -0.008521676 0.01335155 0.01280963 -0.008436441 0.01472264 0.01385712 -0.008238673 0.01407051 0.01349163 -0.007814645 0.01496958 0.01407557 -0.007916092 0.01429229 0.01425784 -0.007550716 0.01447737 0.01439988 -0.007150769 0.01462161 0.01496243 -0.006691396 0.01426583 0.01401978 -0.007020056 0.01506966 0.0152083 -0.008229732 0.01262682 0.0164085 -0.00805366 0.01133817 0.01600128 -0.007916092 0.01209753 0.01577788 -0.008518159 0.01127666 0.01507842 -0.007916092 0.01323002 0.01527369 -0.007550716 0.01340132 0.01636993 -0.007150769 0.0123763 0.0154258 -0.007150769 0.01353484 0.01576292 -0.006723225 0.01336717 0.0173915 -0.006562173 0.01123934 0.01672214 -0.006686151 0.01215827 0.01536494 0.008441925 0.0120216 0.01400947 0.008524358 0.01339638 0.01477468 0.008238673 0.01310378 0.01562947 0.007814884 0.01272112 0.01500755 0.007916092 0.01331031 0.01520192 0.007550716 0.01348268 0.01418972 0.006732404 0.01502341 0.01495873 0.006725072 0.01425385 0.01574283 0.007115304 0.0132088 0.01574832 0.006706774 0.0133869 0.01304942 0.007550716 0.0155754 0.01213073 0.007159531 0.01654815 0.01317942 0.007150769 0.01573055 0.0120756 0.006567418 0.01682001 0.01312685 0.006736993 0.01595652 0.01288264 0.007916092 0.01537626 0.0121631 0.007784485 0.01609742 0.01214241 0.008263528 0.01555788 0.01208108 0.008525133 0.0151546 0.01430547 0.007150769 0.01471394 0.01416438 0.007550716 0.01456886 0.0139833 0.007916092 0.0143826 0.01376628 0.008238673 0.01415938 0.01451933 -0.005004882 0.01522469 0.01208162 0.005484879 0.01710814 0.01223027 0.004417359 0.01724302 0.01254266 0.003167152 0.01723611 0.01295214 0.001925706 0.01708364 0.01425898 -0.002091884 0.01598817 0.01388156 -7.44899e-4 0.0164079 0.0133962 6.73605e-4 0.01681083 0.01447093 -0.003248453 0.01563817 0.01454025 -0.004182457 0.01539546 0.01436519 -0.005972087 0.01509863 0.01778727 -0.004641056 0.01135241 0.01767265 -0.005480468 0.01124167 0.01782882 -0.003739118 0.01154971 0.01764678 -0.001756787 0.01219379 0.01778173 -0.002813696 0.01182442 0.01742404 -6.8948e-4 0.01258337 0.01692968 0.001159906 0.0132336 0.01659655 0.00225073 0.01352697 0.01630258 0.003277063 0.01371049 0.01605182 0.004281342 0.0137906 0.01585727 0.005328595 0.0137307 0.01577591 0.00607711 0.01358044 0.01539266 -0.003586351 0.01466727 0.01522237 -0.005055844 0.01450502 0.01550483 -0.002120018 0.0147742 0.01454281 -6.54687e-4 0.01582443 0.01453995 8.11891e-4 0.01582127 0.01330363 0.003757238 0.0165556 0.01314884 0.005240261 0.01636296 0.01519691 0.005240261 0.01448076 0.01537585 0.003757238 0.01465123 0.0154953 0.002281785 0.01476508 0.01650744 -6.54687e-4 0.01376265 0.01719683 -0.003586351 0.01250332 0.01700657 -0.005055844 0.01236498 0.01420408 0.005240261 0.01545584 0.01437133 0.003757238 0.01563781 0.01448297 0.002281785 0.01575928 0.01555931 -6.54687e-4 0.01482611 0.01555627 8.11891e-4 0.01482319 0.01644963 -0.002120018 0.01371443 0.01633059 -0.003586351 0.01361519 0.01614999 -0.005055844 0.01346462 0.01601558 -0.00740987 -0.01265019 0.01666313 -0.007550716 -0.01162838 0.01796048 -0.008436441 -0.00763309 0.01704967 -0.008522629 -0.009228289 0.01766395 -0.008238673 -0.008830845 0.01840603 -0.007814645 -0.008205413 0.01794242 -0.007916092 -0.008970081 0.01817476 -0.007550716 -0.009086251 0.01835578 -0.007150769 -0.009176731 0.01819127 -0.006691455 -0.009821712 0.01866447 -0.007020056 -0.008676826 0.01670843 -0.008229732 -0.010562 0.0158534 -0.008055329 -0.01209968 0.01645016 -0.007916092 -0.01147973 0.01560139 -0.008516609 -0.01152318 0.01724201 -0.007916092 -0.01025211 0.01746529 -0.007550716 -0.01038485 0.01682913 -0.007150769 -0.01174426 0.01763927 -0.007150769 -0.01048833 0.01758396 -0.006723225 -0.01086068 0.01606357 -0.006562173 -0.01306712 0.01673066 -0.006686151 -0.01214659 0.01618826 0.00843662 -0.01089847 0.01703482 0.008523106 -0.009254574 0.01702803 0.008238673 -0.01000225 0.01692825 0.007814884 -0.01093345 0.01729649 0.007916092 -0.0101599 0.01752042 0.007550716 -0.01029151 0.01867294 0.006732404 -0.008852779 0.0181787 0.006725072 -0.009821951 0.01742708 0.007115304 -0.01089054 0.01759821 0.006706774 -0.01084077 0.01972836 0.006567418 -0.006286919 0.01923197 0.006736934 -0.007553517 0.01903331 0.007150769 -0.007673382 0.01948684 0.007159531 -0.006423354 0.01884555 0.007550716 -0.007597684 0.019068 0.007784605 -0.006593525 0.01860469 0.007916092 -0.007500588 0.0185486 0.008263528 -0.00674045 0.01814532 0.008525669 -0.00680691 0.01841443 0.007150769 -0.009058415 0.0177204 0.008238673 -0.008717 0.01799976 0.007916092 -0.008854448 0.01823282 0.007550716 -0.008969068 0.01896625 -0.005004882 -0.009104013 0.02000421 0.005484879 -0.006203591 0.02017843 0.004417359 -0.00630331 0.02026844 0.003167152 -0.006602525 0.02025038 0.00193119 -0.007036685 0.02012765 6.72408e-4 -0.007546007 0.01961195 -0.002091884 -0.0086205 0.01989436 -7.4581e-4 -0.008132159 0.01934456 -0.003248453 -0.008930206 0.01913511 -0.004182457 -0.009071111 0.0187987 -0.005972087 -0.008996367 0.0162934 -0.004641056 -0.0134086 0.01615262 -0.005480468 -0.01333385 0.01649385 -0.003739118 -0.01338714 0.01704823 -0.001763105 -0.01301681 0.01674056 -0.002813696 -0.0132575 0.0173518 -6.89497e-4 -0.01268279 0.0179935 0.00225079 -0.01160418 0.01781749 0.001159906 -0.01201164 0.01807725 0.003277063 -0.0112679 0.01807594 0.004281342 -0.01100468 0.01795881 0.005328595 -0.01083815 0.01779079 0.00607711 -0.01080721 0.01870602 -0.003586351 -0.0101068 0.01849913 -0.005055844 -0.009995043 0.01884233 -0.002120018 -0.01018047 0.01954394 -6.54687e-4 -0.008941054 0.01954007 8.11891e-4 -0.008939266 0.01985639 0.003757238 -0.00753653 0.01962536 0.005240261 -0.007448852 0.0184682 0.005240261 -0.009978294 0.01868557 0.003757238 -0.01009577 0.01883077 0.002281785 -0.01017421 0.01819014 -6.54687e-4 -0.01144665 0.01720547 -0.003586351 -0.0124914 0.01701515 -0.005055844 -0.01235324 0.01908868 0.005240261 -0.008732795 0.01931339 0.003757238 -0.008835554 0.01946347 0.002281785 -0.008904218 0.01890861 -6.54687e-4 -0.01021629 0.01890486 8.11891e-4 -0.01021426 0.01812642 -0.002120018 -0.01140654 0.01799529 -0.003586351 -0.01132398 0.01779621 -0.005055844 -0.01119875 0.01265084 -0.00740844 0.01601606 0.01162838 -0.007550716 0.01666313 0.009243905 -0.008519768 0.01704454 0.00763309 -0.008436441 0.01796048 0.008830845 -0.008238673 0.01766395 0.008205413 -0.007814645 0.01840603 0.008970081 -0.007916092 0.01794242 0.009086251 -0.007550716 0.01817476 0.009176731 -0.007150769 0.01835578 0.009821712 -0.006691455 0.01819127 0.008676826 -0.007020056 0.01866447 0.010562 -0.008229732 0.01670843 0.0121017 -0.00805366 0.01585376 0.01147973 -0.007916092 0.01645016 0.01151871 -0.008519828 0.01559942 0.01025211 -0.007916092 0.01724201 0.01038485 -0.007550716 0.01746529 0.01174426 -0.007150769 0.01682913 0.01048833 -0.007150769 0.01763927 0.01086068 -0.006723225 0.01758396 0.01306724 -0.006560206 0.0160641 0.01214659 -0.006686151 0.01673066 0.01089799 0.008440613 0.01618307 0.009180188 0.008523166 0.01707458 0.01000225 0.008238673 0.01702803 0.01093345 0.007814884 0.01692825 0.0101599 0.007916092 0.01729649 0.01029151 0.007550716 0.01752042 0.008852779 0.006732404 0.01867294 0.009821951 0.006725072 0.0181787 0.01089054 0.007115304 0.01742708 0.01084077 0.006706774 0.01759821 0.006286919 0.006567418 0.01972836 0.007553517 0.006736934 0.01923197 0.007673382 0.007150769 0.01903331 0.006423354 0.007159531 0.01948684 0.007597684 0.007550716 0.01884555 0.006593406 0.007784485 0.01906818 0.007500588 0.007916092 0.01860469 0.006740093 0.008264064 0.01854813 0.006806313 0.008523523 0.01814866 0.009058415 0.007150769 0.01841443 0.008969068 0.007550716 0.01823282 0.008854448 0.007916092 0.01799976 0.008717 0.008238673 0.0177204 0.01333385 -0.005480468 0.01615262 0.0134086 -0.004641056 0.0162934 0.01338744 -0.003742039 0.01649308 0.0132575 -0.002813696 0.01674056 0.01301503 -0.001756846 0.01705008 0.01268279 -6.89497e-4 0.0173518 0.01160418 0.00225079 0.0179935 0.01201164 0.001159906 0.01781749 0.0112679 0.003277063 0.01807725 0.01100468 0.004281342 0.01807594 0.01083815 0.005328595 0.01795881 0.01080721 0.00607711 0.01779079 0.009104013 -0.005004882 0.01896625 0.006203591 0.005484879 0.02000421 0.00630331 0.004417359 0.02017843 0.006602525 0.003167152 0.02026844 0.00703907 0.001925706 0.02024996 0.0086205 -0.002091884 0.01961195 0.008132159 -7.4581e-4 0.01989436 0.007542729 6.80799e-4 0.02012866 0.008930206 -0.003248453 0.01934456 0.009071111 -0.004182457 0.01913511 0.008996367 -0.005972087 0.0187987 0.009978294 0.005240261 0.0184682 0.01009577 0.003757238 0.01868557 0.01017421 0.002281785 0.01883077 0.01144665 -6.54687e-4 0.01819014 0.0124914 -0.003586351 0.01720547 0.01235324 -0.005055844 0.01701515 0.0101068 -0.003586351 0.01870602 0.009995043 -0.005055844 0.01849913 0.01018047 -0.002120018 0.01884233 0.008941054 -6.54687e-4 0.01954394 0.008939266 8.11891e-4 0.01954007 0.00753653 0.003757238 0.01985639 0.007448852 0.005240261 0.01962536 0.008732795 0.005240261 0.01908868 0.008835554 0.003757238 0.01931339 0.008904218 0.002281785 0.01946347 0.01021629 -6.54687e-4 0.01890861 0.01021426 8.11891e-4 0.01890486 0.01140654 -0.002120018 0.01812642 0.01132398 -0.003586351 0.01799529 0.01119875 -0.005055844 0.01779621 -0.009303271 -0.008522868 -0.01700812 -0.01265084 -0.00740844 -0.01601606 -0.01162838 -0.007550716 -0.01666313 -0.007650434 -0.008421719 -0.01797544 -0.008830845 -0.008238673 -0.01766395 -0.008205533 -0.007813811 -0.01840674 -0.008970081 -0.007916092 -0.01794242 -0.009086251 -0.007550716 -0.01817476 -0.009176731 -0.007150769 -0.01835578 -0.009821712 -0.006691455 -0.01819127 -0.008676826 -0.007020056 -0.01866447 -0.010562 -0.008229732 -0.01670843 -0.0121017 -0.00805366 -0.01585376 -0.01147973 -0.007916092 -0.01645016 -0.01152741 -0.00851345 -0.01560342 -0.01025211 -0.007916092 -0.01724201 -0.01038485 -0.007550716 -0.01746529 -0.01174426 -0.007150769 -0.01682913 -0.01048833 -0.007150769 -0.01763927 -0.01086068 -0.006723225 -0.01758396 -0.01306712 -0.006562173 -0.01606357 -0.01214659 -0.006686151 -0.01673066 -0.009245097 0.008520781 -0.01704239 -0.01089847 0.00843656 -0.01618826 -0.01000225 0.008238673 -0.01702803 -0.01093345 0.007814884 -0.01692825 -0.0101599 0.007916092 -0.01729649 -0.01029151 0.007550716 -0.01752042 -0.008852779 0.006732404 -0.01867294 -0.009821951 0.006725072 -0.0181787 -0.01089054 0.007115304 -0.01742708 -0.01084077 0.006706774 -0.01759821 -0.006288707 0.006575524 -0.01972556 -0.007553517 0.006736934 -0.01923197 -0.007673382 0.007150769 -0.01903331 -0.006423354 0.007159531 -0.01948684 -0.007597684 0.007550716 -0.01884555 -0.006593406 0.007784485 -0.01906818 -0.007500588 0.007916092 -0.01860469 -0.00674045 0.008263528 -0.0185486 -0.006807744 0.008528232 -0.01814138 -0.009058415 0.007150769 -0.01841443 -0.008969068 0.007550716 -0.01823282 -0.008854448 0.007916092 -0.01799976 -0.008717 0.008238673 -0.0177204 -0.009104013 -0.005004882 -0.01896625 -0.006202101 0.005521953 -0.01999688 -0.006303548 0.00441581 -0.02017861 -0.006602525 0.003167152 -0.02026844 -0.00703907 0.001925706 -0.02024996 -0.007546007 6.72408e-4 -0.02012765 -0.0086205 -0.002091884 -0.01961195 -0.008132159 -7.4581e-4 -0.01989436 -0.008930206 -0.003248453 -0.01934456 -0.009071111 -0.004182457 -0.01913511 -0.008996367 -0.005972087 -0.0187987 -0.01333385 -0.005480468 -0.01615262 -0.0134086 -0.004641056 -0.0162934 -0.01338714 -0.003739118 -0.01649385 -0.0132575 -0.002813696 -0.01674056 -0.01301503 -0.001756846 -0.01705008 -0.01268565 -6.98747e-4 -0.01734942 -0.01160418 0.00225079 -0.0179935 -0.01201164 0.001159906 -0.01781749 -0.0112679 0.003277063 -0.01807725 -0.01100468 0.004281342 -0.01807594 -0.01083815 0.005328595 -0.01795881 -0.01080721 0.00607711 -0.01779079 -0.0101068 -0.003586351 -0.01870602 -0.009995043 -0.005055844 -0.01849913 -0.01018047 -0.002120018 -0.01884233 -0.008941054 -6.54687e-4 -0.01954394 -0.008939266 8.11891e-4 -0.01954007 -0.00753653 0.003757238 -0.01985639 -0.007448852 0.005240261 -0.01962536 -0.009978294 0.005240261 -0.0184682 -0.01009577 0.003757238 -0.01868557 -0.01017421 0.002281785 -0.01883077 -0.01144665 -6.54687e-4 -0.01819014 -0.0124914 -0.003586351 -0.01720547 -0.01235324 -0.005055844 -0.01701515 -0.008732795 0.005240261 -0.01908868 -0.008835554 0.003757238 -0.01931339 -0.008904218 0.002281785 -0.01946347 -0.01021629 -6.54687e-4 -0.01890861 -0.01021426 8.11891e-4 -0.01890486 -0.01140654 -0.002120018 -0.01812642 -0.01132398 -0.003586351 -0.01799529 -0.01119875 -0.005055844 -0.01779621 -0.01374179 0.006199955 -0.002676188 -0.0139712 0.006199955 -8.96983e-4 -0.01349997 0.006199955 0 -0.0139712 0.006199955 8.96983e-4 -0.01338446 0.006199955 0.001762092 -0.01374179 0.006199955 0.002676188 -0.01303994 0.006199955 0.003494024 -0.01328676 0.006199955 0.004411458 -0.01247233 0.006199955 0.005166172 -0.01261353 0.006199955 0.006074368 -0.01169133 0.006199955 0.006749987 -0.01173323 0.006199955 0.007637441 -0.01071023 0.006199955 0.008218228 -0.01066023 0.006199955 0.009075164 -0.009545922 0.006199955 0.009545922 -0.009412169 0.006199955 0.01036387 -0.008218228 0.006199955 0.01071023 -0.008009612 0.006199955 0.01148235 -0.006749987 0.006199955 0.01169133 -0.006475508 0.006199955 0.01241236 -0.005166172 0.006199955 0.01247233 -0.004835069 0.006199955 0.01313853 -0.003494024 0.006199955 0.01303994 -0.003115236 0.006199955 0.01364898 -0.001762092 0.006199955 0.01338446 -0.001344263 0.006199955 0.01393526 0 0.006199955 0.01349997 4.48722e-4 0.006199955 0.01399278 0.001762092 0.006199955 0.01338446 0.002234339 0.006199955 0.01382052 0.003494024 0.006199955 0.01303994 0.003983378 0.006199955 0.01342129 0.005166172 0.006199955 0.01247233 0.005666911 0.006199955 0.01280176 0.006749987 0.006199955 0.01169133 0.007257461 0.006199955 0.01197195 0.008218228 0.006199955 0.01071023 0.008728802 0.006199955 0.01094561 0.009545922 0.006199955 0.009545922 0.01005685 0.006199955 0.009739518 0.01071023 0.006199955 0.008218228 0.01121973 0.006199955 0.008373498 0.01169133 0.006199955 0.006749987 0.01219844 0.006199955 0.006870031 0.01247233 0.006199955 0.005166172 0.01297682 0.006199955 0.005253732 0.01303994 0.006199955 0.003494024 0.01354211 0.006199955 0.003551125 0.01338446 0.006199955 0.001762092 0.01388502 0.006199955 0.001790225 0.01349997 0.006199955 0 0.01399999 0.006199955 0 0.01338446 0.006199955 -0.001762092 0.01388502 0.006199955 -0.001790225 0.01303994 0.006199955 -0.003494024 0.01354211 0.006199955 -0.003551125 0.01247233 0.006199955 -0.005166172 0.01297682 0.006199955 -0.005253732 0.01169133 0.006199955 -0.006749987 0.01219844 0.006199955 -0.006870031 0.01071023 0.006199955 -0.008218228 0.01121973 0.006199955 -0.008373498 0.009545922 0.006199955 -0.009545922 0.01005685 0.006199955 -0.009739518 0.008218228 0.006199955 -0.01071023 0.008728802 0.006199955 -0.01094561 0.006749987 0.006199955 -0.01169133 0.007257461 0.006199955 -0.01197195 0.005166172 0.006199955 -0.01247233 0.005666911 0.006199955 -0.01280176 0.003494024 0.006199955 -0.01303994 0.003983378 0.006199955 -0.01342129 0.001762092 0.006199955 -0.01338446 0.002234339 0.006199955 -0.01382052 0 0.006199955 -0.01349997 4.48722e-4 0.006199955 -0.01399278 -0.001762092 0.006199955 -0.01338446 -0.001344263 0.006199955 -0.01393526 -0.003494024 0.006199955 -0.01303994 -0.003115236 0.006199955 -0.01364898 -0.005166172 0.006199955 -0.01247233 -0.004835069 0.006199955 -0.01313853 -0.006749987 0.006199955 -0.01169133 -0.006475508 0.006199955 -0.01241236 -0.008218228 0.006199955 -0.01071023 -0.008009612 0.006199955 -0.01148235 -0.009545922 0.006199955 -0.009545922 -0.009412169 0.006199955 -0.01036387 -0.01071023 0.006199955 -0.008218228 -0.01066023 0.006199955 -0.009075164 -0.01169133 0.006199955 -0.006749987 -0.01173323 0.006199955 -0.007637441 -0.01247233 0.006199955 -0.005166172 -0.01261353 0.006199955 -0.006074368 -0.01303994 0.006199955 -0.003494024 -0.01328676 0.006199955 -0.004411458 -0.01338446 0.006199955 -0.001762092 0.01399999 0.008999943 0 0.008192479 0.005999982 0.00734049 0.01071023 0.005999982 0.008218228 0.009173929 0.005999982 0.006069421 0.01169133 0.005999982 0.006749987 0.009959876 0.005999982 0.00466901 0.01247233 0.005999982 0.005166172 0.01053357 0.005999982 0.003169059 0.01303994 0.005999982 0.003494024 0.01088273 0.005999982 0.001601576 0.01338446 0.005999982 0.001762092 0.01099997 0.005999982 0 0.01349997 0.005999982 0 0.01088273 0.005999982 -0.001601576 0.01338446 0.005999982 -0.001762092 0.01053357 0.005999982 -0.003169059 0.01303994 0.005999982 -0.003494024 0.009959876 0.005999982 -0.00466901 0.01247233 0.005999982 -0.005166172 0.009173929 0.005999982 -0.006069421 0.01169133 0.005999982 -0.006749987 0.01071023 0.005999982 -0.008218228 0.008192479 0.005999982 -0.00734049 0.009545922 0.005999982 -0.009545922 0.007036387 0.005999982 -0.008455097 0.008218228 0.005999982 -0.01071023 0.00573033 0.005999982 -0.009389519 0.006749987 0.005999982 -0.01169133 0.004302144 0.005999982 -0.01012378 0.005166172 0.005999982 -0.01247233 0.002782225 0.005999982 -0.01064229 0.003494024 0.005999982 -0.01303994 0.00120306 0.005999982 -0.01093399 0.001762092 0.005999982 -0.01338446 -4.01742e-4 0.005999982 -0.01099264 0 0.005999982 -0.01349997 -0.001997947 0.005999982 -0.01081699 -0.01097065 0.005999982 -8.02948e-4 -0.01349997 0.005999982 0 -0.01097065 0.005999982 8.02948e-4 -0.01338446 0.005999982 0.001762092 -0.01073682 0.005999982 0.002391695 -0.01303994 0.005999982 0.003494024 -0.01027417 0.005999982 0.003929495 -0.01247233 0.005999982 0.005166172 -0.009592533 0.005999982 0.005383551 -0.01169133 0.005999982 0.006749987 -0.00870645 0.005999982 0.006722867 -0.01071023 0.005999982 0.008218228 -0.007634758 0.005999982 0.007918894 -0.009545922 0.005999982 0.009545922 -0.006400406 0.005999982 0.00894618 -0.008218228 0.005999982 0.01071023 -0.005029618 0.005999982 0.009782731 -0.006749987 0.005999982 0.01169133 -0.003551661 0.005999982 0.01041078 -0.001762092 0.005999982 -0.01338446 -0.003494024 0.005999982 -0.01303994 -0.003551661 0.005999982 -0.01041078 -0.005166172 0.005999982 -0.01247233 -0.005029618 0.005999982 -0.009782731 -0.006749987 0.005999982 -0.01169133 -0.006400406 0.005999982 -0.00894618 -0.008218228 0.005999982 -0.01071023 -0.007634758 0.005999982 -0.007918894 -0.009545922 0.005999982 -0.009545922 -0.00870645 0.005999982 -0.006722867 -0.01071023 0.005999982 -0.008218228 -0.009592533 0.005999982 -0.005383551 -0.01169133 0.005999982 -0.006749987 -0.01027417 0.005999982 -0.003929495 -0.01247233 0.005999982 -0.005166172 -0.01073682 0.005999982 -0.002391695 -0.01303994 0.005999982 -0.003494024 -0.01338446 0.005999982 -0.001762092 -0.005166172 0.005999982 0.01247233 -0.003494024 0.005999982 0.01303994 -0.001997947 0.005999982 0.01081699 -0.001762092 0.005999982 0.01338446 -4.01742e-4 0.005999982 0.01099264 0 0.005999982 0.01349997 0.00120306 0.005999982 0.01093399 0.001762092 0.005999982 0.01338446 0.002782225 0.005999982 0.01064229 0.003494024 0.005999982 0.01303994 0.004302144 0.005999982 0.01012378 0.005166172 0.005999982 0.01247233 0.00573033 0.005999982 0.009389519 0.006749987 0.005999982 0.01169133 0.007036387 0.005999982 0.008455097 0.008218228 0.005999982 0.01071023 0.009545922 0.005999982 0.009545922 0.01349997 0.006199955 0 -0.01105612 -0.007999956 -0.005274772 -0.01046663 -0.007999956 -0.006364881 -9.59842e-4 -0.007999956 -0.01221597 0.005282163 -0.007999956 -0.01106762 0.01009619 -0.007999956 -0.006937503 0.01046663 -0.007999956 -0.006364881 0.01221227 -0.007999956 -9.59957e-4 0.01224994 -0.007999956 0 0.01105612 -0.007999956 0.005274772 0.01046663 -0.007999956 0.006364881 9.59842e-4 -0.007999956 0.01221597 -0.005282163 -0.007999956 0.01106762 -0.01009619 -0.007999956 0.006937503 -0.01046663 -0.007999956 0.006364881 -0.01221227 -0.007999956 9.59957e-4 -0.01224994 -0.007999956 0 -0.01123583 0.003999948 0.004880368 -0.01179569 0.003999948 0.003304958 -0.01213586 0.003999948 0.001668035 -0.01224994 0.003999948 0 -0.007064282 0.003999948 0.01000785 -0.00836122 0.003999948 0.008952736 -0.00950241 0.003999948 0.007730782 -0.01046663 0.003999948 0.006364881 -0.005635738 0.003999948 0.01087659 -0.00410223 0.003999948 0.01154267 -0.002492308 0.003999948 0.01199376 -8.3597e-4 0.003999948 0.01222139 -0.002040028 -0.007999956 0.01207894 0.005635738 -0.007999956 0.01087659 0.004272699 -0.007999956 0.01148068 0.005635738 0.003999948 0.01087659 0.00410223 0.003999948 0.01154267 0.002492308 0.003999948 0.01199376 8.3597e-4 0.003999948 0.01222139 0.006937503 -0.007999956 0.01009619 0.007064282 0.003999948 0.01000785 0.00836122 0.003999948 0.008952736 0.00950241 0.003999948 0.007730782 0.01213586 0.003999948 0.001668035 0.01179569 0.003999948 0.003304958 0.01123583 0.003999948 0.004880368 0.01046663 0.003999948 0.006364881 0.01123583 0.003999948 -0.004880368 0.01179569 0.003999948 -0.003304958 0.01213586 0.003999948 -0.001668035 0.01224994 0.003999948 0 0.007064282 0.003999948 -0.01000785 0.00836122 0.003999948 -0.008952736 0.00950241 0.003999948 -0.007730782 0.01046663 0.003999948 -0.006364881 0.005635738 0.003999948 -0.01087659 0.00410223 0.003999948 -0.01154267 0.002492308 0.003999948 -0.01199376 8.3597e-4 0.003999948 -0.01222139 0.002040028 -0.007999956 -0.01207894 -0.005635738 -0.007999956 -0.01087659 -0.004272699 -0.007999956 -0.01148068 -0.005635738 0.003999948 -0.01087659 -0.00410223 0.003999948 -0.01154267 -0.002492308 0.003999948 -0.01199376 -8.3597e-4 0.003999948 -0.01222139 -0.006937503 -0.007999956 -0.01009619 -0.007064282 0.003999948 -0.01000785 -0.00836122 0.003999948 -0.008952736 -0.00950241 0.003999948 -0.007730782 -0.01213586 0.003999948 -0.001668035 -0.01179569 0.003999948 -0.003304958 -0.01123583 0.003999948 -0.004880368 -0.01046663 0.003999948 -0.006364881 0.01149296 -0.007999956 -0.004283547 0.007806181 -0.007999956 -0.0094406 0.007064282 -0.007999956 -0.01000785 8.3597e-4 -0.007999956 -0.01222139 -0.009442329 -0.007999956 -0.007806837 -0.01208704 -0.007999956 -0.002038657 -0.01149296 -0.007999956 0.004283547 -0.007806181 -0.007999956 0.0094406 -0.007064282 -0.007999956 0.01000785 -8.3597e-4 -0.007999956 0.01222139 0.009442329 -0.007999956 0.007806837 0.01208704 -0.007999956 0.002038657 -0.001390039 -0.001999974 -0.003750681 -7.2e-4 -0.001999974 -0.003934621 -7.23451e-4 -0.001999974 -0.001325428 -7.07238e-4 -0.001999974 0.003936946 -0.00137782 -0.001999974 0.003755152 -0.001209318 -0.001999974 8.87431e-4 -0.002006888 -0.001999974 0.003460049 0.001388311 -0.001999974 5.8042e-4 0.003046512 -0.001999974 0.002592027 0.001209318 -0.001999974 8.87431e-4 0.002551972 -0.001999974 0.003080129 0.001980423 -0.001999974 0.003475248 0.001349151 -0.001999974 0.003765583 6.77179e-4 -0.001999974 0.003942251 -1.52598e-5 -0.001999974 0.003999948 -0.002575397 -0.001999974 0.003060519 -0.003066182 -0.001999974 0.002568662 -0.001407146 -0.001999974 5.33545e-4 -0.00346446 -0.001999974 0.001999318 -0.003758192 -0.001999974 0.001369595 -0.00150454 -0.001999974 3.27709e-5 -0.003938496 -0.001999974 6.986e-4 -0.003999948 -0.001999974 6.48517e-6 -0.001429021 -0.001999974 -4.7177e-4 -0.003940761 -0.001999974 -6.85825e-4 -0.003762602 -0.001999974 -0.001357436 -0.001189291 -0.001999974 -9.22095e-4 -0.003470897 -0.001999974 -0.001988053 -0.003074526 -0.001999974 -0.002558708 -0.002585291 -0.001999974 -0.003052175 -0.002018094 -0.001999974 -0.003453552 7.5e-4 -0.001999974 -0.003929018 0.00141859 -0.001999974 -0.003739953 7.5e-4 -0.001999974 -0.001299023 0.002044379 -0.001999974 -0.003438055 0.001069545 -0.001999974 -0.001058459 0.002608537 -0.001999974 -0.003032386 0.003093957 -0.001999974 -0.002535223 0.001358747 -0.001999974 -6.46582e-4 0.003485977 -0.001999974 -0.001961529 0.003772854 -0.001999974 -0.001328647 0.001495957 -0.001999974 -1.62338e-4 0.003945827 -0.001999974 -6.55737e-4 0.003999829 -0.001999974 3.70044e-5 0.001487493 -0.001999974 1.92946e-4 0.003933072 -0.001999974 7.2863e-4 0.003747642 -0.001999974 0.001398265 0.003449082 -0.001999974 0.002025663 7.5e-4 0.003999948 -0.003929018 0.00141859 0.003999948 -0.003739953 0.002044379 0.003999948 -0.003438055 0.002608537 0.003999948 -0.003032386 0.003093957 0.003999948 -0.002535223 0.003485977 0.003999948 -0.001961529 0.003772854 0.003999948 -0.001328647 0.003945827 0.003999948 -6.55737e-4 0.003999829 0.003999948 3.70044e-5 0.003933072 0.003999948 7.2863e-4 0.003747642 0.003999948 0.001398265 0.003449082 0.003999948 0.002025663 0.003046512 0.003999948 0.002592027 0.002551972 0.003999948 0.003080129 0.001980423 0.003999948 0.003475248 0.001349151 0.003999948 0.003765583 6.77179e-4 0.003999948 0.003942251 -1.52598e-5 0.003999948 0.003999948 -7.07238e-4 0.003999948 0.003936946 -0.00137782 0.003999948 0.003755152 -0.002006888 0.003999948 0.003460049 -0.002575397 0.003999948 0.003060519 -0.003066182 0.003999948 0.002568662 -0.00346446 0.003999948 0.001999318 -0.003758192 0.003999948 0.001369595 -0.003938496 0.003999948 6.986e-4 -0.003999948 0.003999948 6.48517e-6 -0.003940761 0.003999948 -6.85825e-4 -0.003762602 0.003999948 -0.001357436 -0.003470897 0.003999948 -0.001988053 -0.003074526 0.003999948 -0.002558708 -0.002585291 0.003999948 -0.003052175 -0.002018094 0.003999948 -0.003453552 -0.001390039 0.003999948 -0.003750681 -7.2e-4 0.003999948 -0.003934621 7.5e-4 0.003999948 -0.005412578 -7.2e-4 0.003999948 -0.005412578 0.01224994 0.003999948 0 0.01099997 0.004999995 0 0.01099997 0.005999982 0 0.01088273 0.004999995 -0.001601576 0.01053357 0.004999995 -0.003169059 0.009959876 0.004999995 -0.00466901 0.009173929 0.004999995 -0.006069421 0.008192479 0.004999995 -0.00734049 0.007036387 0.004999995 -0.008455097 0.00573033 0.004999995 -0.009389519 0.004302144 0.004999995 -0.01012378 0.002782225 0.004999995 -0.01064229 0.00120306 0.004999995 -0.01093399 -4.01742e-4 0.004999995 -0.01099264 -0.001997947 0.004999995 -0.01081699 -0.003551661 0.004999995 -0.01041078 -0.005029618 0.004999995 -0.009782731 -0.006400406 0.004999995 -0.00894618 -0.007634758 0.004999995 -0.007918894 -0.00870645 0.004999995 -0.006722867 -0.009592533 0.004999995 -0.005383551 -0.01027417 0.004999995 -0.003929495 -0.01073682 0.004999995 -0.002391695 -0.01097065 0.004999995 -8.02948e-4 -0.01097065 0.004999995 8.02948e-4 -0.01073682 0.004999995 0.002391695 -0.01027417 0.004999995 0.003929495 -0.009592533 0.004999995 0.005383551 -0.00870645 0.004999995 0.006722867 -0.007634758 0.004999995 0.007918894 -0.006400406 0.004999995 0.00894618 -0.005029618 0.004999995 0.009782731 -0.003551661 0.004999995 0.01041078 -0.001997947 0.004999995 0.01081699 -4.01742e-4 0.004999995 0.01099264 0.00120306 0.004999995 0.01093399 0.002782225 0.004999995 0.01064229 0.004302144 0.004999995 0.01012378 0.00573033 0.004999995 0.009389519 0.007036387 0.004999995 0.008455097 0.008192479 0.004999995 0.00734049 0.009173929 0.004999995 0.006069421 0.009959876 0.004999995 0.00466901 0.01053357 0.004999995 0.003169059 0.01088273 0.004999995 0.001601576 7.5e-4 0.004999995 -0.003418684 7.5e-4 0.004999995 -0.005412578 -7.2e-4 0.004999995 -0.005412578 -7.2e-4 0.004999995 -0.003425121 -0.001296699 0.004999995 -0.003250896 -0.001835048 0.004999995 -0.002980351 -0.002318978 0.004999995 -0.002621471 -0.002734243 0.004999995 -0.002184867 -0.003068447 0.004999995 -0.001683592 -0.003311693 0.004999995 -0.001132369 -0.00345683 0.004999995 -5.4768e-4 0.00132519 0.004999995 -0.003239393 0.001861095 0.004999995 -0.002964138 0.002341866 0.004999995 -0.002601027 0.002753257 0.004999995 -0.002160847 0.00308305 0.004999995 -0.001656651 0.003264784 0.004999995 0.001261413 0.003432691 0.004999995 6.82814e-4 0.003498971 0.004999995 8.39746e-5 0.003461539 0.004999995 -5.17353e-4 0.003321528 0.004999995 -0.001103341 5.85136e-4 0.004999995 0.003450691 0.001168251 0.004999995 0.003299236 0.001716792 0.004999995 0.003049969 0.002214431 0.004999995 0.002710342 0.002646446 0.004999995 0.002290427 0.00300002 0.004999995 0.001802623 -0.002666413 0.004999995 0.002267122 -0.002238094 0.004999995 0.002690851 -0.001743435 0.004999995 0.00303483 -0.001197099 0.004999995 0.003288865 -6.15365e-4 0.004999995 0.003445446 -1.53421e-5 0.004999995 0.003499925 -0.003499567 0.004999995 5.32963e-5 -0.003438591 0.004999995 6.52693e-4 -0.003275692 0.004999995 0.001232743 -0.003015756 0.004999995 0.001776218 -7.2e-4 0.00575 -0.003425121 -0.001296699 0.00575 -0.003250896 -0.001835048 0.00575 -0.002980351 -0.002318978 0.00575 -0.002621471 -0.002734243 0.00575 -0.002184867 -0.003068447 0.00575 -0.001683592 -0.003311693 0.00575 -0.001132369 -0.00345683 0.00575 -5.4768e-4 -0.003499567 0.00575 5.32963e-5 -0.003438591 0.00575 6.52693e-4 -0.003275692 0.00575 0.001232743 -0.003015756 0.00575 0.001776218 -0.002666413 0.00575 0.002267122 -0.002238094 0.00575 0.002690851 -0.001743435 0.00575 0.00303483 -0.001197099 0.00575 0.003288865 -6.15365e-4 0.00575 0.003445446 -1.53421e-5 0.00575 0.003499925 5.85136e-4 0.00575 0.003450691 0.001168251 0.00575 0.003299236 0.001716792 0.00575 0.003049969 0.002214431 0.00575 0.002710342 0.002646446 0.00575 0.002290427 0.00300002 0.00575 0.001802623 0.003264784 0.00575 0.001261413 0.003432691 0.00575 6.82814e-4 0.003498971 0.00575 8.39746e-5 0.003461539 0.00575 -5.17353e-4 0.003321528 0.00575 -0.001103341 0.00308305 0.00575 -0.001656651 0.002753257 0.00575 -0.002160847 0.002341866 0.00575 -0.002601027 0.001861095 0.00575 -0.002964138 0.00132519 0.00575 -0.003239393 7.5e-4 0.00575 -0.003418684 -0.001209318 0.00575 8.87431e-4 7.5e-4 0.00575 -0.001299023 -0.001390278 0.00575 5.75977e-4 0.00123167 0.00575 8.82915e-4 -7.25678e-4 0.00575 -0.001331627 -0.001216709 0.00575 -8.856e-4 -0.00144267 0.00575 -4.28211e-4 -0.001502811 0.00575 7.83872e-5 0.001475334 0.00575 2.96064e-4 0.001498818 0.00575 -5.85429e-5 0.001434803 0.00575 -4.53362e-4 0.001284122 0.00575 -7.75212e-4 0.001037359 0.00575 -0.00108999</float_array>
          <technique_common>
            <accessor source="#Nano_Atom_Left_Rubber_Wheel_001-mesh-positions-array" count="3729" stride="3">
              <param name="X" type="float"/>
              <param name="Y" type="float"/>
              <param name="Z" type="float"/>
            </accessor>
          </technique_common>
        </source>
        <source id="Nano_Atom_Left_Rubber_Wheel_001-mesh-normals">
          <float_array id="Nano_Atom_Left_Rubber_Wheel_001-mesh-normals-array" count="20904">0.2602847 -0.01679617 0.9653859 0.1362363 -0.2431765 0.9603672 0.1347057 -0.1336306 0.9818337 0.08272582 -0.02338296 0.9962981 0.005812406 0.2035694 0.9790434 0.001634776 0.1728813 0.9849414 0.02349752 0.232387 0.9723395 0.01275449 0.2269743 0.9738172 0.2063608 0.2329277 0.9503473 0.3179278 -0.01754325 0.9479526 0.2950361 -0.09522509 0.9507292 0.1925951 0.1981397 0.961066 0.1823081 0.2230882 0.9575989 0.1733319 0.2278373 0.9581474 0.2036386 0.1614741 0.9656384 0.188837 0.1741049 0.9664513 0.1367561 0.2249188 0.9647328 0.1295045 0.2281197 0.9649819 0.2240201 0.117429 0.9674841 0.210596 0.1228382 0.9698249 0.1385502 0.1599584 0.9773521 0.09552776 0.2246466 0.9697466 0.08489263 0.2291858 0.9696737 0.05714446 0.09780496 0.9935637 0.2666335 0.0540089 0.9622836 0.2271433 0.05756586 0.9721586 0.1789969 0.1121346 0.9774385 0.150421 0.1212491 0.9811586 0.1364104 0.1579219 0.9779841 0.09486919 0.159338 0.9826553 0.05428034 0.2199124 0.9740084 0.2226799 0.05534654 0.9733193 0.180939 0.05547046 0.9819288 0.09230482 0.158202 0.9830829 0.06709402 0.1590282 0.9849917 0.03849196 0.186368 0.9817258 0.0164175 0.1862792 0.9823597 0.04307913 0.03162097 0.9985712 0.09693586 0.02131867 0.9950623 0.2664488 -0.01352953 0.9637541 0.2246364 -0.01416575 0.9743398 0.1804914 0.05524313 0.982024 0.1543056 0.0552566 0.9864769 0.1193372 0.08999013 0.9887672 0.09310072 0.08996999 0.9915835 0.1333923 -0.09889417 0.9861169 0.3369748 -0.1250711 0.9331695 0.3198994 -0.1202096 0.9397947 0.3065925 -0.08377563 0.9481471 0.2661811 -0.08382779 0.9602712 0.2239042 -0.01454192 0.9745027 0.1807537 -0.01454067 0.9834209 0.09309452 0.08996367 0.9915847 0.04962694 0.08951818 0.9947481 0.03313535 0.1257479 0.9915088 0.01751607 0.1302273 0.9913294 0.3489041 -0.1616076 0.9231192 0.2657155 -0.08406901 0.960379 0.2231308 -0.08406823 0.9711567 0.1807513 -0.01454102 0.9834214 0.1550192 -0.01454442 0.9878044 0.1195155 0.01989984 0.9926329 0.09370553 0.01972168 0.9954046 0.329427 -0.1820415 0.9264658 0.3225269 -0.1858154 0.9281429 0.288782 -0.1524326 0.9451822 0.2635379 -0.152409 0.9525332 0.2231335 -0.08406871 0.9711561 0.1801285 -0.0840674 0.9800442 0.3272454 -0.2179455 0.919462 0.3151006 -0.2069407 0.926222 0.2635711 -0.1523915 0.9525268 0.2213119 -0.1524084 0.9632201 0.1789632 -0.08465236 0.9802072 0.1448019 -0.08467274 0.9858312 0.1188365 -0.05169749 0.9915671 0.128628 -0.05312043 0.9902693 0.2145107 -0.2203504 0.9515413 0.1669716 -0.2062522 0.9641476 0.1640996 -0.2079621 0.9642734 0.170279 -0.1583288 0.972593 0.168396 -0.1577768 0.9730104 0.2186159 -0.2173261 0.9513025 0.1793369 -0.1524105 0.9719102 0.2213537 -0.1523898 0.9632133 0.2608085 -0.2088337 0.9425325 0.2895491 -0.2196196 0.9316269 0.00525707 0.998276 0.05845832 -0.01487147 0.9973497 0.07122033 -0.0850957 0.9106447 0.4043329 0.03350645 0.5321715 0.8459734 0.03497689 0.7075007 0.7058467 -0.05377984 0.6341628 0.771327 -0.0648505 0.6986229 0.7125451 -0.3042243 0.3208157 0.8969531 -0.2471984 0.3884333 0.8877007 -0.2428032 0.4879551 0.8384191 -0.1309106 0.8583844 0.4960229 -0.07023364 0.9577372 0.2789384 0.01111805 0.9984388 0.05473899 0.06719636 0.9575882 0.2801958 0.03919333 0.9847186 0.1696859 0.03303331 0.9935399 0.1085698 0.1025956 0.912835 0.3952298 0.1080258 0.9318605 0.346362 0.1311987 0.8459014 0.5169505 0.2034635 0.3908634 0.8976795 -0.1852804 0.3277033 0.9264349 0.2191952 0.4231931 0.8791252 0.1678463 0.3778496 0.9105259 0.124204 0.4223293 0.8978927 0.1214152 0.4137465 0.9022595 0.07197636 0.373098 0.9249958 0.02241182 0.374861 0.9268101 0.04510998 0.4088456 0.9114881 0.04208976 0.5027675 0.8633965 0.1160219 0.5165776 0.8483434 0.1167911 0.5238545 0.8437633 0.1828248 0.5254983 0.8309192 0.1900326 0.5770676 0.7942801 -0.2364654 0.3723353 0.897469 -0.2047902 0.5576323 0.8044298 -0.19766 0.6026926 0.7731056 -0.1908969 0.6183252 0.762386 -0.1701999 0.7146709 0.6784377 -0.1747598 0.7085934 0.6836333 -0.1387741 0.7871112 0.6009973 -0.1274139 0.860895 0.4925702 -0.1410521 0.2685191 0.9528914 -0.109255 0.3298427 0.9376925 -0.1013746 0.3991171 0.9112787 -0.1000836 0.4026046 0.9098863 -0.09089106 0.5214934 0.8484007 -0.08782631 0.5253502 0.8463415 0.002070248 0.9206638 0.3903509 0.01154494 0.9480497 0.3179129 0.01211225 0.943169 0.3320929 0.006443977 0.9895468 0.1440688 0.1222271 0.7343246 0.6677034 0.1007542 0.7881507 0.6071797 0.09856092 0.8561062 0.5073145 0.09603267 0.8504512 0.5172142 0.0699402 0.9223925 0.379869 0.06981551 0.9140155 0.3996268 0.05803513 0.9417879 0.331161 -0.01443433 0.9970649 0.07518821 -0.02593767 0.9852468 0.1691624 -0.05000162 0.9644316 0.2595607 -0.1749867 0.4710317 0.8645859 -0.1791283 0.4223705 0.8885474 -0.1876482 0.3937271 0.8998707 -0.1252657 0.5642527 0.8160438 -0.1278786 0.6181709 0.775572 -0.1067023 0.7076923 0.698417 -0.107086 0.7069938 0.6990655 -0.09428513 0.7878427 0.6086167 -0.09275734 0.790942 0.6048197 -0.079804 0.8535189 0.5149145 -0.07698404 0.8580871 0.5077007 -0.06279611 0.9110165 0.4075604 -0.06137418 0.9127795 0.4038155 -0.047513 0.9498458 0.3090885 -0.005557537 0.9986149 0.05232197 -0.02142691 0.9490723 0.3143291 -0.0268858 0.9151275 0.4022673 -0.02837485 0.9120438 0.40911 -0.02422195 0.8709337 0.4908034 -0.03482049 0.8559896 0.5158191 -0.04505318 0.7907887 0.6104291 -0.03775292 0.7636554 0.6445193 -0.005849182 0.9633084 0.2683334 -0.004480779 0.9783381 0.2069652 -3.91493e-4 0.9983655 0.05715101 0.003608286 0.9968459 0.07928061 0.02073067 0.9797607 0.1990963 0.02733212 0.9650904 0.260487 0.0439915 0.904852 0.4234474 0.04264277 0.8564679 0.514436 0.04159694 0.8542149 0.5182537 0.05996268 0.7882554 0.6124197 0.05715996 0.7363184 0.6742166 0.09964841 0.6755302 0.7305677 0.01105439 0.9984462 0.05461895 0.127985 0.8407862 0.5260214 0.1647123 0.7230421 0.67088 0.1584319 0.7116053 0.6844833 0.1701738 0.6289231 0.758615 0.1074618 0.6208956 0.7764925 0.1062287 0.6082791 0.7865826 0.04975992 0.6156245 0.7864671 -0.03655755 -0.2698979 0.9621948 -0.09202122 -0.2869255 0.9535229 0.01480299 -0.9985088 0.05254572 -0.007923841 -0.9984542 0.05501508 -0.05374151 -0.9563947 0.2870905 -0.02974241 -0.9848859 0.1706318 -0.0269742 -0.9935659 0.1099966 -0.08129394 -0.9129134 0.3999758 -0.08878439 -0.9320693 0.3512323 -0.124453 -0.8280116 0.546725 -0.1003124 -0.8573846 0.5048062 -0.148288 -0.3000645 0.9423227 -0.1564797 -0.3943766 0.9055282 -0.1597275 -0.4015761 0.9017892 9.74492e-4 -0.7094026 0.7048028 -0.008242487 -0.6157418 0.7879049 0.09765863 -0.6182286 0.7799079 0.09613633 -0.7097816 0.6978309 -0.00831443 -0.9984038 0.05586487 0.007829546 -0.9985821 0.05265706 6.2819e-4 -0.9966798 0.08141875 0.001167953 -0.9904158 0.1381132 0.005545139 -0.9360446 0.3518378 0.005017459 -0.9472193 0.3205474 0.01902616 -0.9184666 0.3950408 0.00305289 -0.9983465 0.05740213 0.02457034 -0.9713376 0.2364311 0.02530866 -0.9675512 0.2514045 0.04972511 -0.9113547 0.4086077 0.04962933 -0.8708582 0.4890224 0.06148135 -0.8560118 0.5132875 0.07653629 -0.7908121 0.6072549 0.07081812 -0.7634358 0.6419897 -0.1105098 -0.7711629 0.6269733 -0.124813 -0.7142969 0.688623 -0.1235797 -0.7080686 0.695246 -0.1320833 -0.6181511 0.7748829 -0.1466837 -0.5743843 0.8053364 -0.1399345 -0.5273038 0.8380746 0.1492323 -0.8561064 0.4947844 0.1629704 -0.8453294 0.5087819 0.1722413 -0.7884706 0.5904633 0.2091504 -0.7048298 0.6778431 0.2026718 -0.7120894 0.6722001 0.2414305 -0.6053048 0.7584968 0.2436726 -0.5592233 0.792397 0.01405894 -0.9978609 0.0638445 0.03910905 -0.9840437 0.1735759 0.08418309 -0.9450005 0.3160496 0.08913582 -0.923876 0.3721669 0.2107693 -0.5192285 0.828238 0.2124666 -0.5169159 0.8292503 0.2236961 -0.4217365 0.8786914 0.01617968 -0.5215091 0.8530924 0.01224118 -0.5114232 0.8592418 9.82923e-6 -0.4155214 0.9095835 0.05505692 -0.924043 0.3783032 0.1250447 -0.5836001 0.8023558 0.138755 -0.5190131 0.843429 0.1363204 -0.4331963 0.8909309 0.1484394 -0.3997876 0.9045085 0.2897319 -0.4091666 0.8652388 0.3226324 -0.3114517 0.8938156 -0.07536274 -0.8088764 0.5831291 -0.06376278 -0.8448875 0.5311303 -0.066073 -0.8579601 0.5094498 -0.04917311 -0.9223721 0.3831604 -0.04794061 -0.9138275 0.4032632 -0.03771358 -0.9482789 0.3151903 -0.07421183 -0.3373926 0.9384343 -0.07224404 -0.4026761 0.9124872 -0.07529711 -0.4207735 0.9040355 -0.0700193 -0.5144097 0.8546813 -0.07077515 -0.5197022 0.851411 -0.06394469 -0.6093357 0.7903298 -0.06558209 -0.6197318 0.7820689 -0.05719965 -0.7099151 0.7019607 -0.05618357 -0.7083253 0.7036467 -0.01928859 -0.9661197 0.2573731 -0.01639932 -0.9755562 0.2191377 -0.003762781 -0.998503 0.05456751 -0.0213114 -0.9052091 0.4244317 -0.01454424 -0.8535116 0.5208708 -0.01514554 -0.8542382 0.5196613 -0.02288955 -0.737371 0.6751002 0.04054534 -0.2821701 0.9585073 0.00972104 -0.3333891 0.9427393 0.1556953 -0.3332509 0.929894 0.2125371 -0.2573393 0.9426582 0.1545298 -0.6555883 0.7391377 0.1515632 -0.6915839 0.7062155 0.1412201 -0.7139505 0.6858074 0.1253451 -0.7866441 0.6045492 0.1230584 -0.7907433 0.5996513 0.1055303 -0.854162 0.5091864 0.1028069 -0.8580192 0.5032234 0.08201235 -0.9137765 0.3978524 0.03983151 -0.9827765 0.1804545 0.01280236 -0.9980797 0.06060636 0.2841109 -0.4879059 0.825366 0.2317954 -0.396402 0.8883335 0.2367288 -0.345669 0.9080047 0.3430022 -0.3972188 0.8512149 0.2854683 -0.2665745 0.9205684 0.193345 -5.53856e-4 -0.9811307 0.2024039 -0.001447021 -0.9793012 0.2413442 6.34179e-4 -0.9704394 0.2593453 -5.40874e-4 -0.9657846 0.2529916 1.90087e-5 -0.9674685 0.2863337 0.00180149 -0.9581283 0.2939373 0.003632962 -0.9558179 0.2958881 0.005258619 -0.9552081 0.2757474 -3.54463e-4 -0.9612302 0.2911571 -0.003485202 -0.956669 0.2929483 -0.004703283 -0.9561168 0.2919001 -0.001045823 -0.9564483 0.1536631 0.004197895 -0.9881144 0.140896 6.88814e-4 -0.9900242 0.1596638 3.9662e-4 -0.9871715 0.1643224 3.83755e-4 -0.9864067 0.17834 1.60299e-4 -0.9839689 0.1910759 -0.00220263 -0.9815728 0.1454222 -8.5711e-4 -0.9893693 0.2122549 0.01373779 -0.9771178 0.2068564 0.003869056 -0.9783637 -0.2493864 -9.77567e-5 -0.968404 -0.2834386 0.001267313 -0.9589896 -0.2685447 -0.001088261 -0.9632667 -0.315916 7.13044e-4 -0.948787 -0.3119798 3.58614e-4 -0.9500887 -0.3434821 -0.002627015 -0.9391556 -0.3479149 -0.003643274 -0.9375191 -0.3498082 -0.005247175 -0.9368067 -0.3286361 2.81686e-5 -0.9444567 -0.3452735 0.003538787 -0.9384955 -0.3469542 0.004720211 -0.9378702 -0.3459153 0.001056551 -0.9382652 -0.2023518 -0.003386914 -0.9793071 -0.1957798 -8.44818e-4 -0.9806476 -0.2040531 4.50789e-4 -0.9789598 -0.2085984 7.08574e-4 -0.9780012 -0.2234325 1.71564e-4 -0.9747195 -0.2548509 0.001293838 -0.9669796 -0.1988629 0.002705156 -0.9800237 -0.2091434 -0.007242262 -0.9778582 -0.267265 -0.01029056 -0.9635682 0.06804156 0.001114428 -0.9976819 0.1059346 -0.001103758 -0.9943726 0.1390298 3.38107e-4 -0.9902882 -0.08873206 -0.001101613 -0.996055 -0.05393034 0.001326858 -0.9985439 0.008985638 -0.00156784 -0.9999584 -0.1931238 -5.82313e-5 -0.9811745 -0.1449541 0.001242101 -0.9894376 -0.9345399 0.3556045 0.01344794 -0.9177692 0.3970848 -0.004848718 -0.8691222 0.4945593 -0.006147682 -0.8499456 0.5266292 0.01595211 -0.7990409 0.6012763 8.15225e-4 -0.8216052 0.5700302 -0.005542278 -0.9676814 0.2517851 -0.01404154 -0.9830258 0.1831471 0.01084506 -0.9995976 0.02774959 -0.005892455 -0.9987856 0.04890406 0.005977213 -0.9964825 -0.08357512 -0.006153941 -0.9915998 -0.1290357 0.008929073 -0.9775753 -0.2104653 -0.007144391 -0.9639806 -0.2659241 0.005068063 -0.9543223 -0.2987498 -0.004209101 -0.9382942 -0.3458107 0.004388272 -0.932644 -0.3607943 -0.001685082 -0.9181892 -0.3961371 0.002077043 -0.9166625 -0.3996617 -6.22475e-4 -0.9167503 -0.3994601 -7.57024e-4 -0.9418591 -0.3359951 0.00300312 -0.9493547 -0.3141151 -0.007589936 -0.9943236 -0.1063948 -9.88669e-4 -0.9686015 -0.2484642 0.008764863 -0.9781971 -0.2076044 -0.005570292 -0.9994876 0.03125953 -0.006890475 -0.9966797 -0.08082729 0.009822368 -0.9964258 0.08430445 0.005342662 -0.9879715 0.1545374 -0.005523085 -0.9731928 0.2296871 0.01181322 -0.9503455 0.3108836 -0.01395851 -0.9248062 0.380355 0.007983803 -0.8899113 0.456108 0.004861474 -0.8745233 0.4847851 -0.01387482 -0.8339126 0.5518037 0.01012837 -0.8049613 0.5932199 -0.01128804 0.8047378 -0.593522 -0.01134723 0.8743485 -0.4850993 -0.01390898 0.8332606 -0.5527995 0.009454071 0.9504434 -0.3108979 -2.67225e-4 0.9516046 -0.3073151 -0.002495706 0.8928437 -0.4502664 0.009509384 0.9940015 -0.1090599 0.008190155 0.9907417 -0.1356388 -0.005754292 0.9982974 0.05796903 -0.006489157 0.996772 0.0800966 0.005487442 0.9717973 0.2357538 -0.005496323 0.9659935 0.2584325 0.008324205 0.9362168 0.3513554 -0.006881594 0.9254975 0.3786599 0.008427262 0.9154496 0.4024255 -0.002432227 0.9150528 0.4033298 -0.00186038 0.9305729 0.3660922 0.003267884 0.931384 0.3640317 0.002153992 0.9589636 0.2835096 0.003358781 0.9521067 0.3057429 -0.003755152 0.9811074 0.1934013 0.004921376 0.9757203 0.2189679 -0.004817605 0.9993366 0.03583347 0.006503462 0.9982245 0.05930179 -0.005590915 0.9554093 -0.2951865 0.007620155 0.9670791 -0.2543914 -0.00656116 0.987411 -0.1579836 0.00780946 0.9933295 -0.1151099 -0.006802558 0.9231303 -0.3844599 -0.004591464 0.8983902 -0.4391626 0.005607128 0.8982974 -0.4393509 0.005712747 0.8652484 -0.5013299 -0.003683388 0.8413142 -0.5404696 0.009106874 0.7985863 -0.6018798 9.37581e-4 0.8215277 -0.5701419 -0.005546271 -0.1434495 0.2242545 0.963915 -0.2972294 0.1819303 0.9373133 -0.1072288 0.2166956 0.9703325 -0.08757948 0.2430686 0.9660474 -0.09749513 0.1727666 0.9801257 -0.09851264 0.1288524 0.9867585 -0.1026066 0.1241158 0.9869484 -0.0730592 0.05547404 0.9957836 -0.0321809 0.01761031 0.9993269 0.02069175 -0.04980361 0.9985448 0.0374577 -0.1235635 0.9916294 0.04399824 -0.1728422 0.9839664 0.03313189 -0.1808635 0.98295 0.04262024 -0.2059003 0.9776445 0.02407801 -0.2233837 0.9744331 -0.1613667 -0.2351875 0.9584611 -0.166569 -0.204451 0.9646008 -0.1490509 -0.2150095 0.9651709 -0.1512969 -0.1546031 0.9763234 -0.166484 -0.1628775 0.9724989 -0.1874588 -0.1145275 0.9755731 -0.2083881 -0.05064362 0.9767343 -0.2333201 0.01752471 0.9722421 -0.2729007 0.06462377 0.9598693 -0.2794239 0.1241437 0.9521086 -0.3054329 0.151857 0.9400267 -0.2899066 0.1872504 0.9385582 -0.2976394 0.2116064 0.9309316 -0.2738099 0.2305952 0.9337313 -0.247252 0.2265416 0.9420962 -0.2093691 0.2223328 0.9522252 -0.2465515 0.2258197 0.9424532 -0.2673577 0.1870478 0.9452688 -0.2418792 0.1589032 0.9572065 -0.2779785 0.1238923 0.9525643 -0.254362 0.08930146 0.9629773 -0.2107455 0.2235753 0.9516304 -0.2152642 0.1589256 0.9635372 -0.2171713 0.1580729 0.9632496 -0.2190431 0.08997356 0.971558 -0.2193493 0.0898208 0.9715031 -0.2192845 0.01995068 0.975457 -0.224096 0.01747769 0.9744104 -0.1719641 0.2139646 0.9615859 -0.1722695 0.1616277 0.9716994 -0.1750077 0.1580188 0.9718037 -0.1571924 0.1252739 0.9795903 -0.1932839 0.08999305 0.977007 -0.159299 0.05525648 0.9856828 -0.1939308 0.02028483 0.9808056 -0.158901 -0.01454532 0.9871874 -0.1963108 -0.05192309 0.979166 -0.1649151 -0.08480882 0.9826548 -0.1300336 -0.2089538 0.9692418 -0.1336855 -0.1543642 0.978928 -0.1299321 -0.1524134 0.9797387 -0.1348686 -0.08510893 0.9872016 -0.1328027 -0.08406847 0.9875707 -0.1332602 -0.01454293 0.9909744 -0.1332554 -0.01454091 0.9909751 -0.1330713 0.05524295 0.9895657 -0.1327189 0.05541729 0.9896034 -0.1329 0.1176651 0.9841202 -0.1166285 0.1877112 0.9752756 -0.1177914 0.2113191 0.9702935 -0.09283959 -0.2182147 0.9714748 -0.08737349 -0.2150524 0.9726862 -0.08843117 -0.1523908 0.9843561 -0.0884633 -0.1524074 0.9843507 -0.08919531 -0.08407002 0.9924598 -0.08919179 -0.08406877 0.9924603 -0.08949917 -0.01454192 0.9958807 -0.08779162 -0.01368159 0.9960449 -0.09146034 0.05527514 0.9942735 -0.08654057 0.05770772 0.9945756 -0.08031731 0.09554463 0.9921796 -0.03726059 -0.2139286 0.9761385 -0.04442685 -0.2196737 0.9745613 -0.04500108 -0.1523898 0.9872955 -0.0450446 -0.1524072 0.9872909 -0.04541164 -0.08406996 0.9954246 -0.04509019 -0.08390796 0.9954529 -0.04537272 -0.01324695 0.9988824 -0.05624914 -0.01862061 0.9982431 -0.005972385 -0.2102789 0.9776232 0.01025676 -0.1805995 0.9835032 -0.01909023 -0.1524319 0.9881297 0.01365345 -0.1192788 0.9927669 -0.008534133 -0.08370685 0.996454 0.07123184 -8.22705e-4 0.9974595 0.06953257 1.12739e-4 0.9975797 0.06339138 0.001615703 0.9979875 0.05457311 -0.001747429 0.9985083 0.05561 0.007493376 0.9984245 0.06389963 -0.00298196 0.997952 0.04281932 -0.009996771 0.9990328 0.06063342 0.02561092 0.9978316 0.05493819 -0.01052725 0.9984344 -0.0217548 2.05297e-4 0.9997633 -0.0175991 9.39683e-4 0.9998447 -0.01439428 -1.48938e-4 0.9998965 -0.01027828 -8.04908e-4 0.999947 -0.001530945 -0.003383338 0.9999932 -0.004671812 0.001786649 0.9999876 -0.01068198 0.002968788 0.9999386 -0.001707732 0.01049149 0.9999435 -0.007446825 -0.02570348 0.999642 -0.07267731 8.03273e-4 0.9973552 -0.07908123 0.001488447 0.9968671 -0.07483828 6.75711e-4 0.9971956 -0.02266067 -0.01826924 0.9995763 -0.05381745 -0.005834221 0.9985339 -0.05735033 2.59136e-4 0.9983542 -0.05801969 2.21748e-4 0.9983154 -0.0200113 4.32948e-4 0.9997997 0.01042336 0.009853899 0.9998971 0.1273544 -5.35353e-4 0.9918572 0.1291943 -5.75439e-4 0.9916192 0.1351974 -0.00122255 0.9908179 0.1268546 5.37946e-4 0.9919212 0.1042184 0.007215201 0.9945283 0.1138206 -0.001325786 0.9935005 0.0734905 -4.78067e-4 0.9972958 -0.943669 0.1223253 -0.3074499 -0.9423715 0.1487689 -0.299673 -0.950766 -0.03869324 -0.3074848 -0.9503214 -0.03025287 -0.309797 -0.9380709 -0.1641682 -0.3050769 -0.9358819 -0.1731685 -0.3068187 -0.9166933 -0.2717149 -0.2929925 -0.9048063 -0.3033325 -0.2988563 -0.8841719 -0.3703156 -0.2847921 -0.8811032 -0.3764301 -0.2862825 -0.8704096 -0.402652 -0.2832996 -0.8696621 -0.4060639 -0.2807133 -0.914411 -0.2674947 -0.3038077 -0.9091025 -0.2959308 -0.2931854 -0.8865232 -0.3627744 -0.2871786 -0.8804972 -0.374862 -0.290178 -0.9343602 -0.1925214 -0.2998443 -0.9510557 0.05415135 -0.3042381 -0.9463591 -0.09566771 -0.3086295 -0.9436677 -0.110262 -0.3119835 -0.9477361 0.0761888 -0.3098253 -0.8484081 0.4550983 -0.2703502 -0.8797335 0.3758907 -0.2911622 -0.9179182 0.2704097 -0.2903532 -0.9241427 0.2308886 -0.3043859 -0.8391459 0.4710782 -0.2718816 -0.7369643 0.6331605 -0.2366252 -0.7647863 0.5939877 -0.249561 -0.7826735 0.57004 -0.2499532 -0.7986403 0.5420529 -0.2614431 -0.7351143 0.6365994 -0.2331272 -0.9080951 0.2890523 -0.3030054 -0.8971087 0.3357862 -0.2871302 -0.8560788 0.4365715 -0.2766488 -0.8353853 0.4736127 -0.2789669 -0.7949379 0.5513415 -0.2531723 -0.8288975 0.4884801 -0.2726103 -0.7150909 0.6616442 -0.2255483 -0.7558686 0.6056459 -0.248708 -0.7476003 0.6141397 -0.2528364 0.943229 -0.1221692 -0.308859 0.9408075 -0.1575313 -0.3001084 0.9491292 0.03054714 -0.3134018 0.9519137 -0.01566666 -0.3059656 0.9446123 0.1288132 -0.3018524 0.9353624 0.1725813 -0.3087279 0.9199294 0.2601941 -0.2933069 0.9055535 0.3012667 -0.2986828 0.8943276 0.3424906 -0.2878862 0.8781171 0.3809478 -0.2894639 0.8719947 0.4009193 -0.280872 0.871536 0.4017958 -0.281043 0.8796455 0.3758969 -0.2914197 0.8914922 0.3512588 -0.2861102 0.9182312 0.2549127 -0.3031022 0.9248633 0.2367632 -0.297609 0.9458602 0.09604042 -0.3100403 0.9489104 0.07722973 -0.3059489 0.9507925 -0.05225586 -0.3053902 0.9502336 -0.03052729 -0.3100391 0.9293715 -0.2043084 -0.307452 0.9286553 -0.2116439 -0.304641 0.880469 -0.3756197 -0.2892821 0.8980965 -0.3338409 -0.2863094 0.8318949 -0.4895812 -0.2612686 0.8401663 -0.469756 -0.2710169 0.7407932 -0.629202 -0.235224 0.7570693 -0.6035111 -0.2502412 0.7912921 -0.5518156 -0.263356 0.7403923 -0.630295 -0.2335542 0.9107305 -0.2806674 -0.3029783 0.8972124 -0.3356667 -0.2869458 0.8510851 -0.4433205 -0.2812851 0.8550431 -0.4319359 -0.2869371 0.8283277 -0.4934824 -0.265233 0.7968552 -0.5489965 -0.25224 0.7177099 -0.657979 -0.2279388 0.6900941 -0.6921118 -0.2115454 0.7605589 -0.5987489 -0.251098 0.7509091 -0.6084808 -0.2566841 0.5083485 -6.15158e-4 -0.8611513 0.5524665 -1.6599e-4 -0.8335351 0.5741921 1.06508e-4 -0.8187206 0.5683874 0.001474499 -0.8227599 0.5770958 0.004082322 -0.8166664 0.5776947 0.004503309 -0.8162406 0.5728958 -0.003418624 -0.8196211 0.5741274 -0.004589319 -0.8187532 0.5371197 0.001378417 -0.8435049 0.5263814 2.23057e-4 -0.8502486 0.5466717 -4.01522e-6 -0.8373472 0.5574741 6.0917e-5 -0.8301944 0.4543275 0.002691328 -0.8908308 0.4517401 -0.004367947 -0.892139 0.4619874 0.006086945 -0.8868656 0.4488483 0.00129354 -0.8936071 0.4528013 -2.4572e-4 -0.8916115 0.4615608 -6.07481e-4 -0.8871085 0.4562059 -9.06466e-4 -0.8898739 0.4811789 2.23135e-5 -0.8766224 0.4969516 4.70501e-4 -0.8677781 0.502511 0.006255686 -0.8645483 0.3620158 -1.85078e-4 -0.932172 0.346634 9.2404e-4 -0.938 0.2863645 -2.34949e-4 -0.9581208 0.2699168 -7.2361e-4 -0.9628834 0.270642 -0.003053545 -0.9626753 0.2670201 -0.004090666 -0.9636823 0.266167 -0.004597067 -0.963916 0.2726427 0.003365993 -0.9621095 0.2700136 0.004895746 -0.9628441 0.2709522 0.002996265 -0.9625881 0.3111748 -1.93533e-4 -0.9503527 0.3117737 -1.4632e-4 -0.9501565 0.2985395 -0.001922249 -0.9543954 0.4046422 -0.0021106 -0.9144726 0.3698697 0.00211668 -0.9290813 0.4055662 0.001365005 -0.9140647 0.3959127 -0.005400002 -0.9182723 0.4097295 -9.13466e-4 -0.9122067 0.4150937 3.87185e-6 -0.9097786 0.441988 1.22137e-4 -0.8970211 0.4420579 1.2909e-4 -0.8969866 0.4094491 2.14661e-4 -0.912333 0.4018999 5.22817e-4 -0.9156835 0.3885878 0.001273214 -0.9214109 0.4009736 6.70372e-5 -0.9160897 0.3518609 -0.003628551 -0.9360454 -0.02306628 -0.9986764 0.04597371 -0.05003255 -0.9956177 0.0790081 -0.07687014 -0.9867314 0.1430112 -0.1284194 -0.9662703 0.2232267 -0.2279095 -0.8942271 0.3852469 -0.2306003 -0.8875009 0.3989558 -0.4382097 -0.3612927 0.8230673 -0.2752103 -0.3943332 0.87679 -0.265156 -0.3037115 0.9151238 -0.2509562 -0.4990224 0.8294563 -0.1120989 -0.9374097 0.3296922 -0.01818412 -0.9987726 0.04607218 -0.02379083 -0.9986304 0.04659992 -0.1447199 -0.9507496 0.274101 -0.1535351 -0.9444206 0.2906833 -0.2829533 -0.8008779 0.5277613 -0.304655 -0.7771497 0.5506575 -0.3427402 -0.6920244 0.63532 -0.3426181 -0.688702 0.6389855 -0.3766278 -0.5898932 0.7142671 -0.398952 -0.5468647 0.7360546 -0.3979842 -0.4432672 0.8031954 -0.3943589 -0.4590308 0.7960979 -0.1753861 -0.8128923 0.5553792 -0.2139514 -0.7656057 0.6066901 -0.2347744 -0.6756452 0.6988452 -0.2342581 -0.6705172 0.7039389 -0.2634891 -0.5902695 0.7629912 -0.2687337 -0.5335367 0.8019483 -0.4349883 -0.3002057 0.848918 -0.3892461 -0.3035695 0.8696742 -0.373827 -0.3580973 0.8555816 -0.3363981 -0.5379306 0.7729599 -0.3218718 -0.5899489 0.7405126 -0.3216791 -0.5923419 0.7386837 -0.2944269 -0.675423 0.676104 -0.2926077 -0.689453 0.6625974 -0.2519406 -0.7629579 0.5953329 -0.2403724 -0.8147246 0.5276789 -0.2028896 -0.862176 0.4642076 -0.02161008 -0.9985424 0.04945755 -0.3282688 -0.2835432 0.9010233 -0.328396 -0.3879097 0.8612098 -0.3308113 -0.397197 0.8560366 -0.3204522 -0.4534663 0.8316723 -0.1794667 -0.8797733 0.4402168 -0.1613894 -0.9012731 0.4020702 -0.09732186 -0.9668948 0.235888 -0.05766612 -0.9880911 0.1426554 -0.05971026 -0.9865766 0.1519909 -0.02185744 -0.9984557 0.05107343 -0.264339 -0.3057031 0.9146971 -0.5602077 0.3094995 0.7683603 -0.5137642 0.3733143 0.7724525 -0.4930672 0.4795286 0.7259044 -0.4381495 0.6342326 0.6370041 -0.1746344 0.9432684 0.2823963 -0.02415293 0.9987874 0.04290038 -0.09230047 0.9662302 0.2405828 -0.06232184 0.9867434 0.1498451 -0.02858012 0.9958365 0.08656221 -0.02125662 0.9984347 0.05173391 -0.1506651 0.9048792 0.3981128 -0.3492641 0.3981994 0.848205 -0.3428571 0.4956964 0.7979562 -0.3681403 0.3717679 0.8522096 -0.4695389 0.3060556 0.8281687 -0.5064989 0.3600325 0.7834765 -0.4514231 0.5373882 0.7123422 -0.4487647 0.5464841 0.7070823 -0.3844351 0.6901495 0.6131096 -0.3487062 0.7570006 0.5525886 -0.3385912 0.7657884 0.5467396 -0.2594584 0.8678554 0.4236841 -0.3996003 0.3657319 0.8405711 -0.02544701 0.9984979 0.04852426 -0.08025085 0.9866237 0.1418925 -0.07485663 0.9879889 0.1351835 -0.1220485 0.9667638 0.2246597 -0.2145119 0.8984823 0.3830332 -0.2279811 0.8845481 0.4069388 -0.3821781 0.654537 0.6523199 -0.4408534 0.4815102 0.7574934 -0.4777565 0.377384 0.7933034 -0.456169 0.3049573 0.8360089 -0.4135782 0.3870844 0.8240867 -0.4025323 0.495707 0.7695729 -0.4000684 0.5002189 0.7679365 -0.3594653 0.606717 0.7089987 -0.3535984 0.6586286 0.6642113 -0.2933256 0.7616314 0.5778216 -0.3015 0.7539599 0.5836458 -0.2330846 0.8628677 0.4484764 -0.02480959 0.9985481 0.04781472 -0.02107512 0.9986369 0.04775351 -0.1220721 0.9503607 0.2862048 -0.1283914 0.9448871 0.3011713 -0.1942198 0.8646164 0.463376 -0.2125298 0.8181968 0.5342145 -0.2618106 0.7527455 0.6040112 -0.2665159 0.6997678 0.6627928 -0.315836 0.6085572 0.7279462 -0.3194257 0.5363481 0.7812159 -0.3449105 -0.02988046 0.9381599 -0.3922834 0.07597571 0.9167015 -0.4001919 0.1789649 0.898787 -0.4723943 -0.1344883 0.8710664 -0.5141535 -0.04897779 0.8562986 -0.5694801 0.1873157 0.8003782 -0.5786521 0.1541613 0.800872 -0.5514547 0.233578 0.8008366 -0.5677464 0.2200088 0.7932593 -0.3860065 0.237459 0.8914102 -0.3814357 0.1065257 0.918237 -0.3563111 0.05616217 0.932678 -0.3037832 -0.04282057 0.9517785 -0.3132727 -0.1002566 0.9443563 -0.2589771 -0.1668387 0.9513652 -0.2682799 -0.2015829 0.9420139 -0.396218 0.2117157 0.8934137 -0.404497 0.225488 0.8863055 -0.4163912 0.2305168 0.8794773 -0.4409695 0.2250353 0.8688528 -0.4093847 0.13496 0.9023248 -0.4118218 0.1359784 0.901062 -0.420206 0.1575598 0.8936453 -0.4503287 0.165951 0.8773052 -0.4670428 0.1992684 0.8614889 -0.4804114 0.2001577 0.853898 -0.5052156 0.2254957 0.8330119 -0.5268518 0.2265421 0.8192106 -0.5283769 0.2284896 0.817686 -0.539241 0.1151062 0.834248 -0.4166269 0.06736755 0.9065781 -0.4439656 0.100719 0.8903654 -0.455959 0.1007187 0.8842834 -0.4810056 0.1327413 0.8666102 -0.492585 0.1327426 0.8600811 -0.5165088 0.1644679 0.8403387 -0.527105 0.1648264 0.8336622 -0.5455976 0.1892593 0.8163971 -0.5671319 0.1890274 0.8016422 -0.5050737 0.009017407 0.8630291 -0.34568 -7.19765e-4 0.9383522 -0.3653389 0.01382112 0.930772 -0.3831237 0.008273541 0.92366 -0.4316015 0.03629148 0.9013342 -0.3509126 -0.03441196 0.9357758 -0.4010486 -0.03440183 0.9154107 -0.432081 0.03600436 0.9011158 -0.4581601 0.03601288 0.8881399 -0.4839366 0.06844431 0.8724225 -0.4954226 0.06844407 0.8659515 -0.5207819 0.1005921 0.8477427 -0.5530298 0.0999422 0.8271455 -0.5536783 0.1335597 0.8219503 -0.4583712 -0.08229768 0.8849424 -0.2781948 -0.1307165 0.9515887 -0.2930848 -0.1261835 0.9477232 -0.3076778 -0.09306138 0.9469288 -0.3495793 -0.09365892 0.9322137 -0.3919351 -0.02899754 0.9195359 -0.4321746 -0.02899736 0.9013236 -0.3495255 -0.09362781 0.9322371 -0.3903757 -0.09362745 0.9158825 -0.4321894 -0.0289992 0.9013166 -0.4584749 -0.0290057 0.888234 -0.4855982 0.002731561 0.8741779 -0.5096936 0.002934515 0.8603511 -0.522217 0.03693306 0.8520126 -0.5535892 0.04839968 0.8313824 -0.2714708 -0.1804879 0.9453718 -0.3188796 -0.1560549 0.9348598 -0.3463919 -0.1627175 0.92387 -0.3903784 -0.09362947 0.9158812 -0.4304642 -0.0936284 0.8977385 -0.2750203 -0.2202631 0.9358675 -0.2764846 -0.2178367 0.936004 -0.3393914 -0.1570781 0.9274374 -0.3872352 -0.1571293 0.9084929 -0.4313251 -0.0941478 0.8972708 -0.4691297 -0.09397071 0.8781155 -0.4804902 -0.05871665 0.8750323 -0.433485 -0.2075095 0.876944 -0.450533 -0.2302942 0.8625454 -0.4322531 -0.2066333 0.8777585 -0.3873907 -0.2210448 0.8950239 -0.4398407 -0.1603931 0.8836369 -0.4347585 -0.1620703 0.8858433 -0.3826013 -0.2184671 0.8977129 -0.3428491 -0.2202298 0.9132105 -0.4267026 -0.1571303 0.8906375 -0.3871968 -0.1571123 0.9085122 -0.3388768 -0.2164708 0.9155889 -0.7917144 -0.2084978 -0.5742099 -0.7975754 0.159052 -0.5818727 -0.8104809 -0.007934093 -0.5857113 -0.8083287 0.003613948 -0.5887203 -0.7978894 -0.166742 -0.5792838 -0.7966851 -0.1701945 -0.5799369 -0.7711747 -0.3010101 -0.5609657 -0.771385 -0.3005908 -0.5609017 -0.7462054 -0.3863547 -0.5421325 -0.7492334 -0.3817067 -0.5412479 -0.7405218 -0.4017651 -0.5387136 -0.7403318 -0.4074009 -0.5347274 -0.7459381 -0.3806608 -0.5465106 -0.765811 -0.3191019 -0.5583078 -0.7635211 -0.3404061 -0.5487799 -0.790804 -0.2108471 -0.5746065 -0.8046506 -0.0873692 -0.5872854 -0.8061581 -0.08051389 -0.5861968 -0.8022992 0.1488767 -0.5780587 -0.8075528 0.01836335 -0.5895095 -0.810672 0.04213958 -0.5839824 -0.7867151 0.2118052 -0.5798431 -0.7812656 0.2689402 -0.5632898 -0.7523553 0.3633185 -0.5495099 -0.7415264 0.4079721 -0.5326325 -0.7178125 0.4561882 -0.5259636 -0.6878891 0.5274679 -0.4985843 -0.685117 0.5359031 -0.4933788 -0.6623774 0.5724465 -0.4832817 -0.6018075 0.6646224 -0.4428374 -0.6351624 0.625846 -0.4526428 -0.63721 0.6177679 -0.4607887 -0.7975856 0.186997 -0.5734888 -0.7653732 0.3152027 -0.5611159 -0.7638305 0.3284612 -0.5555865 -0.7321988 0.4306257 -0.5276805 -0.7071707 0.4798844 -0.51925 -0.6998899 0.5027621 -0.5073308 -0.6656379 0.568265 -0.4837366 -0.6581936 0.5781253 -0.4822369 -0.6151885 0.6466844 -0.450935 -0.6167166 0.6459342 -0.449922 -0.6390565 0.6157 -0.4609993 -0.6199513 0.6422801 -0.4507069 0.9498522 0.03068453 0.3111905 0.9470304 -0.07240313 0.3128759 0.9400501 -0.1589751 0.3017166 0.9520024 -0.02166986 0.3053228 0.9444707 0.1057873 0.3111019 0.9467667 0.09377205 0.3079605 0.9199946 0.2495182 0.3022426 0.9276419 0.2244204 0.2985231 0.8974508 0.3291041 0.2937219 0.9054528 0.3085547 0.2914608 0.8756498 0.3923549 0.2815939 0.8767259 0.3907051 0.2805373 0.8688416 0.4062237 0.2830138 0.8807763 0.3764955 0.2872009 0.8814134 0.373555 0.28908 0.9138092 0.2751289 0.2987589 0.9123339 0.2840738 0.2948712 0.9387893 0.1529325 0.3086848 0.9365408 0.176416 0.3029338 0.9505538 0.05974686 0.3047587 0.9465692 -0.1028009 0.3056776 0.9457449 -0.1074394 0.3066323 0.9279181 -0.2233926 0.2984354 0.9218428 -0.2427318 0.302138 0.8500084 -0.4493167 0.2749547 0.8882705 -0.3561875 0.2900103 0.8859329 -0.3614578 0.2906392 0.8399859 -0.4670001 0.2762874 0.8020928 -0.5388172 0.2575328 0.7615757 -0.5949282 0.2570274 0.7757323 -0.5661606 0.2787503 0.6822741 -0.7042073 0.1964543 0.7428709 -0.6245965 0.2408779 0.9297779 -0.2048822 0.3058376 0.9082869 -0.299533 0.292053 0.8974776 -0.3288363 0.29394 0.867358 -0.4124759 0.2784845 0.7629075 -0.5944817 0.2540938 0.8537709 -0.4390096 0.2799035 0.803008 -0.5367656 0.2589614 0.8178926 -0.5159633 0.2546246 0.7307881 -0.6417719 0.2325457 0.7307164 -0.6409754 0.2349556 0.7323114 -0.6386857 0.2362215 0.861152 -6.15476e-4 0.5083474 0.8335363 -1.66297e-4 0.5524647 0.8187199 1.06152e-4 0.5741932 0.8227596 0.001475334 0.5683878 0.8166677 0.004083156 0.5770937 0.816239 0.004502356 0.5776969 0.8196218 -0.003418862 0.5728949 0.8187533 -0.00459063 0.5741272 0.8435069 0.00137943 0.5371167 0.8502488 2.22942e-4 0.526381 0.8373557 -3.81771e-6 0.5466585 0.8301932 6.16337e-5 0.557476 0.8908349 0.002693653 0.4543192 0.892139 -0.004369378 0.4517401 0.8868655 0.006087601 0.4619875 0.8935993 0.001291871 0.4488639 0.8916169 -2.45897e-4 0.4527906 0.8871077 -6.0751e-4 0.4615622 0.8898745 -9.06542e-4 0.4562048 0.8766202 2.23135e-5 0.4811831 0.8677773 4.69751e-4 0.4969531 0.8645483 0.006254196 0.5025109 0.9321725 -1.85275e-4 0.3620144 0.9380007 9.24014e-4 0.3466322 0.9581222 -2.35673e-4 0.2863598 0.9628832 -7.24418e-4 0.2699173 0.9626761 -0.00305593 0.2706391 0.9636822 -0.004090964 0.2670204 0.9639168 -0.004596829 0.2661641 0.962108 0.003366947 0.272648 0.9628448 0.004896163 0.270011 0.9625878 0.002995491 0.2709536 0.9503523 -1.93393e-4 0.311176 0.9501582 -1.45518e-4 0.3117682 0.9543951 -0.001921713 0.2985404 0.9144728 -0.002109944 0.4046421 0.9290804 0.002113044 0.3698719 0.9140656 0.001366078 0.405564 0.9182729 -0.005400538 0.3959115 0.9122102 -9.11411e-4 0.4097218 0.9097808 3.80231e-6 0.4150892 0.8970186 1.22005e-4 0.441993 0.896995 1.29088e-4 0.4420408 0.9123457 2.12781e-4 0.4094206 0.9156817 5.23135e-4 0.4019038 0.9214102 0.001273036 0.3885895 0.9160883 6.71466e-5 0.4009767 0.9360451 -0.003627836 0.3518615 -0.04597306 -0.9986765 -0.02306365 -0.07900708 -0.9956178 -0.0500338 -0.1430145 -0.9867309 -0.07686948 -0.223228 -0.96627 -0.1284195 -0.3852454 -0.8942273 -0.2279117 -0.3989511 -0.8875045 -0.2305944 -0.8230664 -0.3612955 -0.4382094 -0.8767938 -0.3943244 -0.2752109 -0.9151228 -0.3037139 -0.2651569 -0.8294548 -0.4990228 -0.2509603 -0.3296909 -0.9374101 -0.1120988 -0.0460788 -0.9987725 -0.01817798 -0.0465973 -0.9986305 -0.02378958 -0.2740989 -0.9507501 -0.1447207 -0.2906892 -0.9444191 -0.1535331 -0.5277653 -0.8008759 -0.2829515 -0.5506525 -0.7771531 -0.3046559 -0.635321 -0.6920242 -0.3427387 -0.6389846 -0.6887013 -0.342621 -0.7142741 -0.5898851 -0.3766275 -0.7360521 -0.5468682 -0.3989519 -0.8031933 -0.4432694 -0.3979859 -0.7960996 -0.4590284 -0.3943585 -0.5553809 -0.8128909 -0.1753867 -0.6066882 -0.7656072 -0.2139508 -0.6988493 -0.6756401 -0.2347769 -0.7039363 -0.67052 -0.2342575 -0.7629927 -0.5902666 -0.2634911 -0.8019469 -0.5335387 -0.2687332 -0.8489162 -0.3002092 -0.4349895 -0.8696763 -0.3035648 -0.3892451 -0.8555813 -0.3580996 -0.3738254 -0.7729575 -0.5379365 -0.3363944 -0.7405152 -0.5899456 -0.3218718 -0.7386853 -0.5923391 -0.3216807 -0.6761053 -0.6754202 -0.2944302 -0.6625971 -0.6894544 -0.292605 -0.5953325 -0.7629581 -0.2519412 -0.5276765 -0.8147262 -0.2403726 -0.4642146 -0.8621723 -0.202889 -0.04946148 -0.9985423 -0.0216102 -0.901021 -0.2835513 -0.3282679 -0.8612116 -0.3879016 -0.3284009 -0.8560384 -0.3971924 -0.3308118 -0.8316703 -0.4534723 -0.3204489 -0.440215 -0.8797744 -0.1794654 -0.4020721 -0.9012721 -0.1613893 -0.2358899 -0.9668945 -0.0973199 -0.1426547 -0.9880912 -0.05766755 -0.1519901 -0.9865768 -0.05971014 -0.051072 -0.9984557 -0.02185928 -0.9146949 -0.305709 -0.2643396 -0.7683587 0.3094978 -0.5602108 -0.7724543 0.3733143 -0.5137614 -0.725906 0.4795291 -0.4930642 -0.6370042 0.6342327 -0.438149 -0.2823942 0.9432688 -0.1746351 -0.04290306 0.9987872 -0.02415335 -0.2405807 0.9662306 -0.09230065 -0.1498479 0.9867429 -0.06232351 -0.08656191 0.9958364 -0.02857995 -0.05173885 0.9984345 -0.02125698 -0.3981102 0.9048806 -0.1506633 -0.8482093 0.3981934 -0.3492609 -0.7979584 0.4956939 -0.3428555 -0.8522078 0.3717716 -0.368141 -0.8281679 0.3060576 -0.4695389 -0.7834762 0.3600325 -0.5064994 -0.712341 0.5373902 -0.4514224 -0.707077 0.5464944 -0.4487606 -0.61311 0.6901488 -0.384436 -0.5525896 0.7570005 -0.3487049 -0.5467357 0.7657915 -0.3385904 -0.4236875 0.8678541 -0.2594575 -0.8405718 0.3657267 -0.3996035 -0.04852753 0.9984976 -0.02544844 -0.1418908 0.9866239 -0.08025181 -0.1351832 0.9879889 -0.07485771 -0.2246581 0.9667643 -0.1220479 -0.3830344 0.8984816 -0.2145129 -0.4069405 0.8845477 -0.22798 -0.6523222 0.6545361 -0.3821758 -0.7574918 0.48151 -0.4408563 -0.7933042 0.3773798 -0.4777584 -0.8360078 0.3049556 -0.4561722 -0.8240862 0.3870882 -0.4135754 -0.7695772 0.4957014 -0.4025311 -0.7679308 0.5002257 -0.4000709 -0.7090008 0.6067148 -0.359465 -0.6642116 0.6586275 -0.3535999 -0.5778167 0.761635 -0.2933258 -0.5836471 0.7539591 -0.3014995 -0.4484768 0.8628674 -0.2330848 -0.04781508 0.9985482 -0.02480721 -0.04774808 0.998637 -0.0210762 -0.2862076 0.9503598 -0.122071 -0.3011721 0.9448866 -0.1283935 -0.4633778 0.8646149 -0.1942219 -0.5342131 0.8181981 -0.2125287 -0.604013 0.7527432 -0.2618132 -0.6627893 0.6997721 -0.2665135 -0.727946 0.6085578 -0.3158357 -0.7812167 0.5363471 -0.3194253 -0.9381599 -0.02988123 -0.3449106 -0.9167013 0.07597577 -0.3922836 -0.8987868 0.178965 -0.4001922 -0.8710663 -0.1344867 -0.4723947 -0.8562977 -0.04897928 -0.514155 -0.8003778 0.1873126 -0.5694818 -0.8008704 0.1541644 -0.5786536 -0.8008365 0.2335776 -0.551455 -0.7932588 0.2200101 -0.5677465 -0.8914117 0.2374589 -0.3860035 -0.9182379 0.1065272 -0.3814333 -0.9326791 0.05616158 -0.3563086 -0.9517782 -0.04282021 -0.3037841 -0.9443576 -0.1002542 -0.31327 -0.9513648 -0.1668359 -0.2589804 -0.9420142 -0.2015833 -0.2682787 -0.8934125 0.2117109 -0.3962229 -0.8863064 0.2254907 -0.4044935 -0.879476 0.2305159 -0.4163945 -0.8688539 0.2250356 -0.440967 -0.9023244 0.1349559 -0.4093869 -0.9010616 0.1359797 -0.4118223 -0.8936457 0.1575625 -0.4202044 -0.8773046 0.1659491 -0.4503306 -0.8614885 0.1992689 -0.4670433 -0.8538984 0.2001587 -0.4804103 -0.8330128 0.2254964 -0.5052141 -0.8192101 0.2265422 -0.5268525 -0.8176862 0.2284877 -0.5283774 -0.8342475 0.1151075 -0.5392416 -0.9065781 0.06736731 -0.4166269 -0.8903657 0.100718 -0.4439651 -0.8842835 0.1007174 -0.4559593 -0.8666115 0.1327406 -0.4810037 -0.8600808 0.1327427 -0.4925855 -0.840339 0.1644667 -0.5165087 -0.8336617 0.1648289 -0.527105 -0.8163961 0.1892573 -0.5455998 -0.8016446 0.1890255 -0.567129 -0.8630271 0.009024918 -0.505077 -0.9383524 -7.21528e-4 -0.3456793 -0.9307711 0.01382088 -0.3653414 -0.9236613 0.008271813 -0.3831206 -0.9013349 0.03629094 -0.4316 -0.9357768 -0.03441536 -0.3509092 -0.9154094 -0.03439962 -0.4010515 -0.9011142 0.0360071 -0.4320841 -0.8881415 0.03601235 -0.458157 -0.8724226 0.06844323 -0.4839364 -0.8659512 0.06844586 -0.4954228 -0.847743 0.1005912 -0.5207813 -0.8271449 0.09994286 -0.5530307 -0.8219513 0.1335561 -0.5536777 -0.8849415 -0.08229875 -0.4583727 -0.9515893 -0.1307166 -0.2781923 -0.9477227 -0.1261829 -0.2930864 -0.9469292 -0.09306174 -0.3076764 -0.9322139 -0.09365767 -0.3495792 -0.919537 -0.02899801 -0.3919323 -0.9013207 -0.02899843 -0.4321807 -0.9322371 -0.09362787 -0.3495252 -0.915883 -0.0936284 -0.3903741 -0.9013196 -0.02899974 -0.432183 -0.8882325 -0.0290057 -0.4584777 -0.8741778 0.002732098 -0.4855984 -0.860351 0.0029338 -0.5096938 -0.8520113 0.03693097 -0.5222193 -0.8313828 0.04839968 -0.5535884 -0.9453721 -0.1804894 -0.2714687 -0.9348591 -0.1560574 -0.3188802 -0.9238708 -0.1627174 -0.3463897 -0.9158813 -0.09362751 -0.3903786 -0.8977375 -0.09362727 -0.4304665 -0.9358692 -0.2202593 -0.2750177 -0.9360041 -0.217836 -0.276485 -0.9274356 -0.1570791 -0.3393959 -0.9084953 -0.1571275 -0.3872303 -0.8972704 -0.09415054 -0.4313255 -0.8781168 -0.09397035 -0.4691275 -0.8750312 -0.05871856 -0.480492 -0.8769422 -0.2075093 -0.4334883 -0.8625458 -0.2302902 -0.4505344 -0.8777585 -0.2066336 -0.4322529 -0.8950252 -0.2210446 -0.3873878 -0.8836396 -0.1603947 -0.4398348 -0.8858429 -0.1620709 -0.434759 -0.8977131 -0.2184659 -0.3826013 -0.9132103 -0.2202292 -0.3428502 -0.8906383 -0.1571264 -0.4267022 -0.9085103 -0.1571131 -0.3872008 -0.9155889 -0.2164688 -0.3388779 0.5742098 -0.2084993 -0.7917141 0.5818725 0.1590535 -0.7975753 0.5857114 -0.007935225 -0.8104808 0.5887205 0.003613948 -0.8083287 0.5792837 -0.1667429 -0.7978892 0.5799373 -0.1701936 -0.796685 0.5609655 -0.301012 -0.7711743 0.5609017 -0.3005902 -0.7713851 0.5421324 -0.3863544 -0.7462056 0.5412487 -0.3817065 -0.749233 0.5387133 -0.4017652 -0.7405219 0.5347273 -0.4074 -0.7403323 0.5465108 -0.3806602 -0.7459382 0.5583083 -0.3190997 -0.7658116 0.5487797 -0.3404076 -0.7635205 0.5746058 -0.2108479 -0.7908043 0.5872851 -0.08737081 -0.8046506 0.5861971 -0.08051162 -0.8061581 0.5780576 0.1488783 -0.8022996 0.5895104 0.01836669 -0.8075519 0.5839827 0.04213994 -0.8106716 0.5798432 0.2118053 -0.786715 0.5632903 0.2689381 -0.781266 0.5495091 0.3633205 -0.752355 0.5326332 0.4079717 -0.7415262 0.5259637 0.4561904 -0.717811 0.4985833 0.5274686 -0.6878892 0.4933776 0.5359031 -0.6851179 0.483282 0.5724471 -0.6623767 0.442842 0.6646137 -0.6018137 0.4526431 0.6258471 -0.6351612 0.460788 0.6177659 -0.6372125 0.573489 0.1869972 -0.7975854 0.5611158 0.3152022 -0.7653735 0.5555867 0.3284612 -0.7638303 0.5276787 0.4306256 -0.7322 0.5192514 0.4798841 -0.70717 0.5073301 0.5027574 -0.6998937 0.4837362 0.5682659 -0.6656374 0.4822375 0.5781253 -0.6581932 0.450937 0.6466863 -0.6151852 0.4499236 0.6459249 -0.616725 0.4610036 0.6156979 -0.6390554 0.4507038 0.6422806 -0.619953 -0.3111904 0.03068596 0.9498521 -0.3128755 -0.07240289 0.9470306 -0.3017173 -0.1589761 0.9400497 -0.3053227 -0.02166986 0.9520025 -0.3111019 0.1057877 0.9444705 -0.3079603 0.09377253 0.9467667 -0.3022428 0.2495188 0.9199944 -0.2985233 0.2244206 0.9276418 -0.293722 0.3291054 0.8974503 -0.2914605 0.3085538 0.9054532 -0.2815939 0.3923545 0.8756499 -0.280537 0.3907053 0.876726 -0.2830138 0.4062235 0.8688417 -0.2872008 0.3764947 0.8807768 -0.2890805 0.373557 0.8814124 -0.2987591 0.2751289 0.9138092 -0.2948711 0.2840735 0.912334 -0.3086851 0.1529325 0.9387892 -0.3029332 0.1764162 0.936541 -0.3047586 0.05974626 0.9505539 -0.3056765 -0.1027989 0.9465698 -0.3066327 -0.1074408 0.9457446 -0.298435 -0.2233905 0.9279187 -0.3021383 -0.2427332 0.9218422 -0.2749558 -0.4493143 0.8500094 -0.29001 -0.35619 0.8882696 -0.2906389 -0.3614584 0.8859329 -0.2762875 -0.466999 0.8399865 -0.2575322 -0.5388184 0.8020923 -0.257027 -0.5949292 0.761575 -0.2787522 -0.5661528 0.7757373 -0.1964494 -0.7041867 0.6822968 -0.2408845 -0.6246141 0.7428539 -0.3058372 -0.204882 0.929778 -0.292053 -0.299533 0.9082869 -0.2939408 -0.3288367 0.8974771 -0.2784835 -0.4124757 0.8673585 -0.2540934 -0.5944828 0.7629067 -0.2799041 -0.439009 0.8537711 -0.2589612 -0.5367643 0.8030088 -0.2546259 -0.5159619 0.817893 -0.2325468 -0.6417673 0.7307919 -0.2349607 -0.6409779 0.7307126 -0.2362221 -0.6386862 0.7323108 -0.861152 -6.15476e-4 -0.5083474 -0.8335363 -1.66297e-4 -0.5524647 -0.8187199 1.06152e-4 -0.5741932 -0.8227596 0.001475334 -0.5683878 -0.8166677 0.004083156 -0.5770937 -0.816239 0.004502356 -0.5776969 -0.8196218 -0.003418862 -0.5728949 -0.8187533 -0.00459063 -0.5741272 -0.8435069 0.00137943 -0.5371167 -0.8502488 2.22942e-4 -0.526381 -0.8373557 -3.81771e-6 -0.5466585 -0.8301932 6.16337e-5 -0.557476 -0.8908349 0.002693653 -0.4543192 -0.892139 -0.004369378 -0.4517401 -0.8868655 0.006087601 -0.4619875 -0.8935993 0.001291871 -0.4488639 -0.8916169 -2.45897e-4 -0.4527906 -0.8871077 -6.0751e-4 -0.4615622 -0.8898745 -9.06542e-4 -0.4562048 -0.8766202 2.23135e-5 -0.4811831 -0.8677773 4.69751e-4 -0.4969531 -0.8645483 0.006254196 -0.5025109 -0.9321725 -1.85275e-4 -0.3620144 -0.9380007 9.24014e-4 -0.3466322 -0.9581222 -2.35673e-4 -0.2863598 -0.9628832 -7.24418e-4 -0.2699173 -0.9626761 -0.00305593 -0.2706391 -0.9636822 -0.004090964 -0.2670204 -0.9639168 -0.004596829 -0.2661641 -0.962108 0.003366947 -0.272648 -0.9628448 0.004896163 -0.270011 -0.9625878 0.002995491 -0.2709536 -0.9503523 -1.93393e-4 -0.311176 -0.9501582 -1.45518e-4 -0.3117682 -0.9543951 -0.001921713 -0.2985404 -0.9144728 -0.002109944 -0.4046421 -0.9290804 0.002113044 -0.3698719 -0.9140656 0.001366078 -0.405564 -0.9182729 -0.005400538 -0.3959115 -0.9122102 -9.11411e-4 -0.4097218 -0.9097808 3.80231e-6 -0.4150892 -0.8970186 1.22005e-4 -0.441993 -0.896995 1.29088e-4 -0.4420408 -0.9123457 2.12781e-4 -0.4094206 -0.9156817 5.23135e-4 -0.4019038 -0.9214102 0.001273036 -0.3885895 -0.9160883 6.71466e-5 -0.4009767 -0.9360451 -0.003627836 -0.3518615 0.04597306 -0.9986765 0.02306365 0.07900708 -0.9956178 0.0500338 0.1430145 -0.9867309 0.07686948 0.223228 -0.96627 0.1284195 0.3852454 -0.8942273 0.2279117 0.3989511 -0.8875045 0.2305944 0.8230664 -0.3612955 0.4382094 0.8767938 -0.3943244 0.2752109 0.9151228 -0.3037139 0.2651569 0.8294548 -0.4990228 0.2509603 0.3296909 -0.9374101 0.1120988 0.0460788 -0.9987725 0.01817798 0.0465973 -0.9986305 0.02378958 0.2740989 -0.9507501 0.1447207 0.2906892 -0.9444191 0.1535331 0.5277653 -0.8008759 0.2829515 0.5506525 -0.7771531 0.3046559 0.635321 -0.6920242 0.3427387 0.6389846 -0.6887013 0.342621 0.7142741 -0.5898851 0.3766275 0.7360521 -0.5468682 0.3989519 0.8031933 -0.4432694 0.3979859 0.7960996 -0.4590284 0.3943585 0.5553809 -0.8128909 0.1753867 0.6066882 -0.7656072 0.2139508 0.6988493 -0.6756401 0.2347769 0.7039363 -0.67052 0.2342575 0.7629927 -0.5902666 0.2634911 0.8019469 -0.5335387 0.2687332 0.8489162 -0.3002092 0.4349895 0.8696763 -0.3035648 0.3892451 0.8555813 -0.3580996 0.3738254 0.7729575 -0.5379365 0.3363944 0.7405152 -0.5899456 0.3218718 0.7386853 -0.5923391 0.3216807 0.6761053 -0.6754202 0.2944302 0.6625971 -0.6894544 0.292605 0.5953325 -0.7629581 0.2519412 0.5276765 -0.8147262 0.2403726 0.4642146 -0.8621723 0.202889 0.04946148 -0.9985423 0.0216102 0.901021 -0.2835513 0.3282679 0.8612116 -0.3879016 0.3284009 0.8560384 -0.3971924 0.3308118 0.8316703 -0.4534723 0.3204489 0.440215 -0.8797744 0.1794654 0.4020721 -0.9012721 0.1613893 0.2358899 -0.9668945 0.0973199 0.1426547 -0.9880912 0.05766755 0.1519901 -0.9865768 0.05971014 0.051072 -0.9984557 0.02185928 0.9146949 -0.305709 0.2643396 0.7683587 0.3094978 0.5602108 0.7724543 0.3733143 0.5137614 0.725906 0.4795291 0.4930642 0.6370042 0.6342327 0.438149 0.2823942 0.9432688 0.1746351 0.04290306 0.9987872 0.02415335 0.2405807 0.9662306 0.09230065 0.1498479 0.9867429 0.06232351 0.08656191 0.9958364 0.02857995 0.05173885 0.9984345 0.02125698 0.3981102 0.9048806 0.1506633 0.8482093 0.3981934 0.3492609 0.7979584 0.4956939 0.3428555 0.8522078 0.3717716 0.368141 0.8281679 0.3060576 0.4695389 0.7834762 0.3600325 0.5064994 0.712341 0.5373902 0.4514224 0.707077 0.5464944 0.4487606 0.61311 0.6901488 0.384436 0.5525896 0.7570005 0.3487049 0.5467357 0.7657915 0.3385904 0.4236875 0.8678541 0.2594575 0.8405718 0.3657267 0.3996035 0.04852753 0.9984976 0.02544844 0.1418908 0.9866239 0.08025181 0.1351832 0.9879889 0.07485771 0.2246581 0.9667643 0.1220479 0.3830344 0.8984816 0.2145129 0.4069405 0.8845477 0.22798 0.6523222 0.6545361 0.3821758 0.7574918 0.48151 0.4408563 0.7933042 0.3773798 0.4777584 0.8360078 0.3049556 0.4561722 0.8240862 0.3870882 0.4135754 0.7695772 0.4957014 0.4025311 0.7679308 0.5002257 0.4000709 0.7090008 0.6067148 0.359465 0.6642116 0.6586275 0.3535999 0.5778167 0.761635 0.2933258 0.5836471 0.7539591 0.3014995 0.4484768 0.8628674 0.2330848 0.04781508 0.9985482 0.02480721 0.04774808 0.998637 0.0210762 0.2862076 0.9503598 0.122071 0.3011721 0.9448866 0.1283935 0.4633778 0.8646149 0.1942219 0.5342131 0.8181981 0.2125287 0.604013 0.7527432 0.2618132 0.6627893 0.6997721 0.2665135 0.727946 0.6085578 0.3158357 0.7812167 0.5363471 0.3194253 0.9381599 -0.02988123 0.3449106 0.9167013 0.07597577 0.3922836 0.8987868 0.178965 0.4001922 0.8710663 -0.1344867 0.4723947 0.8562977 -0.04897928 0.514155 0.8003778 0.1873126 0.5694818 0.8008704 0.1541644 0.5786536 0.8008365 0.2335776 0.551455 0.7932588 0.2200101 0.5677465 0.8914117 0.2374589 0.3860035 0.9182379 0.1065272 0.3814333 0.9326791 0.05616158 0.3563086 0.9517782 -0.04282021 0.3037841 0.9443576 -0.1002542 0.31327 0.9513648 -0.1668359 0.2589804 0.9420142 -0.2015833 0.2682787 0.8934125 0.2117109 0.3962229 0.8863064 0.2254907 0.4044935 0.879476 0.2305159 0.4163945 0.8688539 0.2250356 0.440967 0.9023244 0.1349559 0.4093869 0.9010616 0.1359797 0.4118223 0.8936457 0.1575625 0.4202044 0.8773046 0.1659491 0.4503306 0.8614885 0.1992689 0.4670433 0.8538984 0.2001587 0.4804103 0.8330128 0.2254964 0.5052141 0.8192101 0.2265422 0.5268525 0.8176862 0.2284877 0.5283774 0.8342475 0.1151075 0.5392416 0.9065781 0.06736731 0.4166269 0.8903657 0.100718 0.4439651 0.8842835 0.1007174 0.4559593 0.8666115 0.1327406 0.4810037 0.8600808 0.1327427 0.4925855 0.840339 0.1644667 0.5165087 0.8336617 0.1648289 0.527105 0.8163961 0.1892573 0.5455998 0.8016446 0.1890255 0.567129 0.8630271 0.009024918 0.505077 0.9383524 -7.21528e-4 0.3456793 0.9307711 0.01382088 0.3653414 0.9236613 0.008271813 0.3831206 0.9013349 0.03629094 0.4316 0.9357768 -0.03441536 0.3509092 0.9154094 -0.03439962 0.4010515 0.9011142 0.0360071 0.4320841 0.8881415 0.03601235 0.458157 0.8724226 0.06844323 0.4839364 0.8659512 0.06844586 0.4954228 0.847743 0.1005912 0.5207813 0.8271449 0.09994286 0.5530307 0.8219513 0.1335561 0.5536777 0.8849415 -0.08229875 0.4583727 0.9515893 -0.1307166 0.2781923 0.9477227 -0.1261829 0.2930864 0.9469292 -0.09306174 0.3076764 0.9322139 -0.09365767 0.3495792 0.919537 -0.02899801 0.3919323 0.9013207 -0.02899843 0.4321807 0.9322371 -0.09362787 0.3495252 0.915883 -0.0936284 0.3903741 0.9013196 -0.02899974 0.432183 0.8882325 -0.0290057 0.4584777 0.8741778 0.002732098 0.4855984 0.860351 0.0029338 0.5096938 0.8520113 0.03693097 0.5222193 0.8313828 0.04839968 0.5535884 0.9453721 -0.1804894 0.2714687 0.9348591 -0.1560574 0.3188802 0.9238708 -0.1627174 0.3463897 0.9158813 -0.09362751 0.3903786 0.8977375 -0.09362727 0.4304665 0.9358692 -0.2202593 0.2750177 0.9360041 -0.217836 0.276485 0.9274356 -0.1570791 0.3393959 0.9084953 -0.1571275 0.3872303 0.8972704 -0.09415054 0.4313255 0.8781168 -0.09397035 0.4691275 0.8750312 -0.05871856 0.480492 0.8769422 -0.2075093 0.4334883 0.8625458 -0.2302902 0.4505344 0.8777585 -0.2066336 0.4322529 0.8950252 -0.2210446 0.3873878 0.8836396 -0.1603947 0.4398348 0.8858429 -0.1620709 0.434759 0.8977131 -0.2184659 0.3826013 0.9132103 -0.2202292 0.3428502 0.8906383 -0.1571264 0.4267022 0.9085103 -0.1571131 0.3872008 0.9155889 -0.2164688 0.3388779 -0.5742098 -0.2084993 0.7917141 -0.5818725 0.1590535 0.7975753 -0.5857114 -0.007935225 0.8104808 -0.5887205 0.003613948 0.8083287 -0.5792837 -0.1667429 0.7978892 -0.5799373 -0.1701936 0.796685 -0.5609655 -0.301012 0.7711743 -0.5609017 -0.3005902 0.7713851 -0.5421324 -0.3863544 0.7462056 -0.5412487 -0.3817065 0.749233 -0.5387133 -0.4017652 0.7405219 -0.5347273 -0.4074 0.7403323 -0.5465108 -0.3806602 0.7459382 -0.5583083 -0.3190997 0.7658116 -0.5487797 -0.3404076 0.7635205 -0.5746058 -0.2108479 0.7908043 -0.5872851 -0.08737081 0.8046506 -0.5861971 -0.08051162 0.8061581 -0.5780576 0.1488783 0.8022996 -0.5895104 0.01836669 0.8075519 -0.5839827 0.04213994 0.8106716 -0.5798432 0.2118053 0.786715 -0.5632903 0.2689381 0.781266 -0.5495091 0.3633205 0.752355 -0.5326332 0.4079717 0.7415262 -0.5259637 0.4561904 0.717811 -0.4985833 0.5274686 0.6878892 -0.4933776 0.5359031 0.6851179 -0.483282 0.5724471 0.6623767 -0.442842 0.6646137 0.6018137 -0.4526431 0.6258471 0.6351612 -0.460788 0.6177659 0.6372125 -0.573489 0.1869972 0.7975854 -0.5611158 0.3152022 0.7653735 -0.5555867 0.3284612 0.7638303 -0.5276787 0.4306256 0.7322 -0.5192514 0.4798841 0.70717 -0.5073301 0.5027574 0.6998937 -0.4837362 0.5682659 0.6656374 -0.4822375 0.5781253 0.6581932 -0.450937 0.6466863 0.6151852 -0.4499236 0.6459249 0.616725 -0.4610036 0.6156979 0.6390554 -0.4507038 0.6422806 0.619953 0.3111904 0.03068596 -0.9498521 0.3128755 -0.07240289 -0.9470306 0.3017173 -0.1589761 -0.9400497 0.3053227 -0.02166986 -0.9520025 0.3111019 0.1057877 -0.9444705 0.3079603 0.09377253 -0.9467667 0.3022428 0.2495188 -0.9199944 0.2985233 0.2244206 -0.9276418 0.293722 0.3291054 -0.8974503 0.2914605 0.3085538 -0.9054532 0.2815939 0.3923545 -0.8756499 0.280537 0.3907053 -0.876726 0.2830138 0.4062235 -0.8688417 0.2872008 0.3764947 -0.8807768 0.2890805 0.373557 -0.8814124 0.2987591 0.2751289 -0.9138092 0.2948711 0.2840735 -0.912334 0.3086851 0.1529325 -0.9387892 0.3029332 0.1764162 -0.936541 0.3047586 0.05974626 -0.9505539 0.3056765 -0.1027989 -0.9465698 0.3066327 -0.1074408 -0.9457446 0.298435 -0.2233905 -0.9279187 0.3021383 -0.2427332 -0.9218422 0.2749558 -0.4493143 -0.8500094 0.29001 -0.35619 -0.8882696 0.2906389 -0.3614584 -0.8859329 0.2762875 -0.466999 -0.8399865 0.2575322 -0.5388184 -0.8020923 0.257027 -0.5949292 -0.761575 0.2787522 -0.5661528 -0.7757373 0.1964494 -0.7041867 -0.6822968 0.2408845 -0.6246141 -0.7428539 0.3058372 -0.204882 -0.929778 0.292053 -0.299533 -0.9082869 0.2939408 -0.3288367 -0.8974771 0.2784835 -0.4124757 -0.8673585 0.2540934 -0.5944828 -0.7629067 0.2799041 -0.439009 -0.8537711 0.2589612 -0.5367643 -0.8030088 0.2546259 -0.5159619 -0.817893 0.2325468 -0.6417673 -0.7307919 0.2349607 -0.6409779 -0.7307126 0.2362221 -0.6386862 -0.7323108 -0.5083485 -6.15158e-4 0.8611513 -0.5524665 -1.6599e-4 0.8335351 -0.5741921 1.06508e-4 0.8187206 -0.5683874 0.001474499 0.8227599 -0.5770958 0.004082322 0.8166664 -0.5776947 0.004503309 0.8162406 -0.5728958 -0.003418624 0.8196211 -0.5741274 -0.004589319 0.8187532 -0.5371197 0.001378417 0.8435049 -0.5263814 2.23057e-4 0.8502486 -0.5466717 -4.01522e-6 0.8373472 -0.5574741 6.0917e-5 0.8301944 -0.4543275 0.002691328 0.8908308 -0.4517401 -0.004367947 0.892139 -0.4619874 0.006086945 0.8868656 -0.4488483 0.00129354 0.8936071 -0.4528013 -2.4572e-4 0.8916115 -0.4615608 -6.07481e-4 0.8871085 -0.4562059 -9.06466e-4 0.8898739 -0.4811789 2.23135e-5 0.8766224 -0.4969516 4.70501e-4 0.8677781 -0.502511 0.006255686 0.8645483 -0.3620158 -1.85078e-4 0.932172 -0.346634 9.2404e-4 0.938 -0.2863645 -2.34949e-4 0.9581208 -0.2699168 -7.2361e-4 0.9628834 -0.270642 -0.003053545 0.9626753 -0.2670201 -0.004090666 0.9636823 -0.266167 -0.004597067 0.963916 -0.2726427 0.003365993 0.9621095 -0.2700136 0.004895746 0.9628441 -0.2709522 0.002996265 0.9625881 -0.3111748 -1.93533e-4 0.9503527 -0.3117737 -1.4632e-4 0.9501565 -0.2985395 -0.001922249 0.9543954 -0.4046422 -0.0021106 0.9144726 -0.3698697 0.00211668 0.9290813 -0.4055662 0.001365005 0.9140647 -0.3959127 -0.005400002 0.9182723 -0.4097295 -9.13466e-4 0.9122067 -0.4150937 3.87185e-6 0.9097786 -0.441988 1.22137e-4 0.8970211 -0.4420579 1.2909e-4 0.8969866 -0.4094491 2.14661e-4 0.912333 -0.4018999 5.22817e-4 0.9156835 -0.3885878 0.001273214 0.9214109 -0.4009736 6.70372e-5 0.9160897 -0.3518609 -0.003628551 0.9360454 0.02306628 -0.9986764 -0.04597371 0.05003255 -0.9956177 -0.0790081 0.07687014 -0.9867314 -0.1430112 0.1284194 -0.9662703 -0.2232267 0.2279095 -0.8942271 -0.3852469 0.2306003 -0.8875009 -0.3989558 0.4382097 -0.3612927 -0.8230673 0.2752103 -0.3943332 -0.87679 0.265156 -0.3037115 -0.9151238 0.2509562 -0.4990224 -0.8294563 0.1120989 -0.9374097 -0.3296922 0.01818412 -0.9987726 -0.04607218 0.02379083 -0.9986304 -0.04659992 0.1447199 -0.9507496 -0.274101 0.1535351 -0.9444206 -0.2906833 0.2829533 -0.8008779 -0.5277613 0.304655 -0.7771497 -0.5506575 0.3427402 -0.6920244 -0.63532 0.3426181 -0.688702 -0.6389855 0.3766278 -0.5898932 -0.7142671 0.398952 -0.5468647 -0.7360546 0.3979842 -0.4432672 -0.8031954 0.3943589 -0.4590308 -0.7960979 0.1753861 -0.8128923 -0.5553792 0.2139514 -0.7656057 -0.6066901 0.2347744 -0.6756452 -0.6988452 0.2342581 -0.6705172 -0.7039389 0.2634891 -0.5902695 -0.7629912 0.2687337 -0.5335367 -0.8019483 0.4349883 -0.3002057 -0.848918 0.3892461 -0.3035695 -0.8696742 0.373827 -0.3580973 -0.8555816 0.3363981 -0.5379306 -0.7729599 0.3218718 -0.5899489 -0.7405126 0.3216791 -0.5923419 -0.7386837 0.2944269 -0.675423 -0.676104 0.2926077 -0.689453 -0.6625974 0.2519406 -0.7629579 -0.5953329 0.2403724 -0.8147246 -0.5276789 0.2028896 -0.862176 -0.4642076 0.02161008 -0.9985424 -0.04945755 0.3282688 -0.2835432 -0.9010233 0.328396 -0.3879097 -0.8612098 0.3308113 -0.397197 -0.8560366 0.3204522 -0.4534663 -0.8316723 0.1794667 -0.8797733 -0.4402168 0.1613894 -0.9012731 -0.4020702 0.09732186 -0.9668948 -0.235888 0.05766612 -0.9880911 -0.1426554 0.05971026 -0.9865766 -0.1519909 0.02185744 -0.9984557 -0.05107343 0.264339 -0.3057031 -0.9146971 0.5602077 0.3094995 -0.7683603 0.5137642 0.3733143 -0.7724525 0.4930672 0.4795286 -0.7259044 0.4381495 0.6342326 -0.6370041 0.1746344 0.9432684 -0.2823963 0.02415293 0.9987874 -0.04290038 0.09230047 0.9662302 -0.2405828 0.06232184 0.9867434 -0.1498451 0.02858012 0.9958365 -0.08656221 0.02125662 0.9984347 -0.05173391 0.1506651 0.9048792 -0.3981128 0.3492641 0.3981994 -0.848205 0.3428571 0.4956964 -0.7979562 0.3681403 0.3717679 -0.8522096 0.4695389 0.3060556 -0.8281687 0.5064989 0.3600325 -0.7834765 0.4514231 0.5373882 -0.7123422 0.4487647 0.5464841 -0.7070823 0.3844351 0.6901495 -0.6131096 0.3487062 0.7570006 -0.5525886 0.3385912 0.7657884 -0.5467396 0.2594584 0.8678554 -0.4236841 0.3996003 0.3657319 -0.8405711 0.02544701 0.9984979 -0.04852426 0.08025085 0.9866237 -0.1418925 0.07485663 0.9879889 -0.1351835 0.1220485 0.9667638 -0.2246597 0.2145119 0.8984823 -0.3830332 0.2279811 0.8845481 -0.4069388 0.3821781 0.654537 -0.6523199 0.4408534 0.4815102 -0.7574934 0.4777565 0.377384 -0.7933034 0.456169 0.3049573 -0.8360089 0.4135782 0.3870844 -0.8240867 0.4025323 0.495707 -0.7695729 0.4000684 0.5002189 -0.7679365 0.3594653 0.606717 -0.7089987 0.3535984 0.6586286 -0.6642113 0.2933256 0.7616314 -0.5778216 0.3015 0.7539599 -0.5836458 0.2330846 0.8628677 -0.4484764 0.02480959 0.9985481 -0.04781472 0.02107512 0.9986369 -0.04775351 0.1220721 0.9503607 -0.2862048 0.1283914 0.9448871 -0.3011713 0.1942198 0.8646164 -0.463376 0.2125298 0.8181968 -0.5342145 0.2618106 0.7527455 -0.6040112 0.2665159 0.6997678 -0.6627928 0.315836 0.6085572 -0.7279462 0.3194257 0.5363481 -0.7812159 0.3449105 -0.02988046 -0.9381599 0.3922834 0.07597571 -0.9167015 0.4001919 0.1789649 -0.898787 0.4723943 -0.1344883 -0.8710664 0.5141535 -0.04897779 -0.8562986 0.5694801 0.1873157 -0.8003782 0.5786521 0.1541613 -0.800872 0.5514547 0.233578 -0.8008366 0.5677464 0.2200088 -0.7932593 0.3860065 0.237459 -0.8914102 0.3814357 0.1065257 -0.918237 0.3563111 0.05616217 -0.932678 0.3037832 -0.04282057 -0.9517785 0.3132727 -0.1002566 -0.9443563 0.2589771 -0.1668387 -0.9513652 0.2682799 -0.2015829 -0.9420139 0.396218 0.2117157 -0.8934137 0.404497 0.225488 -0.8863055 0.4163912 0.2305168 -0.8794773 0.4409695 0.2250353 -0.8688528 0.4093847 0.13496 -0.9023248 0.4118218 0.1359784 -0.901062 0.420206 0.1575598 -0.8936453 0.4503287 0.165951 -0.8773052 0.4670428 0.1992684 -0.8614889 0.4804114 0.2001577 -0.853898 0.5052156 0.2254957 -0.8330119 0.5268518 0.2265421 -0.8192106 0.5283769 0.2284896 -0.817686 0.539241 0.1151062 -0.834248 0.4166269 0.06736755 -0.9065781 0.4439656 0.100719 -0.8903654 0.455959 0.1007187 -0.8842834 0.4810056 0.1327413 -0.8666102 0.492585 0.1327426 -0.8600811 0.5165088 0.1644679 -0.8403387 0.527105 0.1648264 -0.8336622 0.5455976 0.1892593 -0.8163971 0.5671319 0.1890274 -0.8016422 0.5050737 0.009017407 -0.8630291 0.34568 -7.19765e-4 -0.9383522 0.3653389 0.01382112 -0.930772 0.3831237 0.008273541 -0.92366 0.4316015 0.03629148 -0.9013342 0.3509126 -0.03441196 -0.9357758 0.4010486 -0.03440183 -0.9154107 0.432081 0.03600436 -0.9011158 0.4581601 0.03601288 -0.8881399 0.4839366 0.06844431 -0.8724225 0.4954226 0.06844407 -0.8659515 0.5207819 0.1005921 -0.8477427 0.5530298 0.0999422 -0.8271455 0.5536783 0.1335597 -0.8219503 0.4583712 -0.08229768 -0.8849424 0.2781948 -0.1307165 -0.9515887 0.2930848 -0.1261835 -0.9477232 0.3076778 -0.09306138 -0.9469288 0.3495793 -0.09365892 -0.9322137 0.3919351 -0.02899754 -0.9195359 0.4321746 -0.02899736 -0.9013236 0.3495255 -0.09362781 -0.9322371 0.3903757 -0.09362745 -0.9158825 0.4321894 -0.0289992 -0.9013166 0.4584749 -0.0290057 -0.888234 0.4855982 0.002731561 -0.8741779 0.5096936 0.002934515 -0.8603511 0.522217 0.03693306 -0.8520126 0.5535892 0.04839968 -0.8313824 0.2714708 -0.1804879 -0.9453718 0.3188796 -0.1560549 -0.9348598 0.3463919 -0.1627175 -0.92387 0.3903784 -0.09362947 -0.9158812 0.4304642 -0.0936284 -0.8977385 0.2750203 -0.2202631 -0.9358675 0.2764846 -0.2178367 -0.936004 0.3393914 -0.1570781 -0.9274374 0.3872352 -0.1571293 -0.9084929 0.4313251 -0.0941478 -0.8972708 0.4691297 -0.09397071 -0.8781155 0.4804902 -0.05871665 -0.8750323 0.433485 -0.2075095 -0.876944 0.450533 -0.2302942 -0.8625454 0.4322531 -0.2066333 -0.8777585 0.3873907 -0.2210448 -0.8950239 0.4398407 -0.1603931 -0.8836369 0.4347585 -0.1620703 -0.8858433 0.3826013 -0.2184671 -0.8977129 0.3428491 -0.2202298 -0.9132105 0.4267026 -0.1571303 -0.8906375 0.3871968 -0.1571123 -0.9085122 0.3388768 -0.2164708 -0.9155889 0.7917144 -0.2084978 0.5742099 0.7975754 0.159052 0.5818727 0.8104809 -0.007934093 0.5857113 0.8083287 0.003613948 0.5887203 0.7978894 -0.166742 0.5792838 0.7966851 -0.1701945 0.5799369 0.7711747 -0.3010101 0.5609657 0.771385 -0.3005908 0.5609017 0.7462054 -0.3863547 0.5421325 0.7492334 -0.3817067 0.5412479 0.7405218 -0.4017651 0.5387136 0.7403318 -0.4074009 0.5347274 0.7459381 -0.3806608 0.5465106 0.765811 -0.3191019 0.5583078 0.7635211 -0.3404061 0.5487799 0.790804 -0.2108471 0.5746065 0.8046506 -0.0873692 0.5872854 0.8061581 -0.08051389 0.5861968 0.8022992 0.1488767 0.5780587 0.8075528 0.01836335 0.5895095 0.810672 0.04213958 0.5839824 0.7867151 0.2118052 0.5798431 0.7812656 0.2689402 0.5632898 0.7523553 0.3633185 0.5495099 0.7415264 0.4079721 0.5326325 0.7178125 0.4561882 0.5259636 0.6878891 0.5274679 0.4985843 0.685117 0.5359031 0.4933788 0.6623774 0.5724465 0.4832817 0.6018075 0.6646224 0.4428374 0.6351624 0.625846 0.4526428 0.63721 0.6177679 0.4607887 0.7975856 0.186997 0.5734888 0.7653732 0.3152027 0.5611159 0.7638305 0.3284612 0.5555865 0.7321988 0.4306257 0.5276805 0.7071707 0.4798844 0.51925 0.6998899 0.5027621 0.5073308 0.6656379 0.568265 0.4837366 0.6581936 0.5781253 0.4822369 0.6151885 0.6466844 0.450935 0.6167166 0.6459342 0.449922 0.6390565 0.6157 0.4609993 0.6199513 0.6422801 0.4507069 -0.9498522 0.03068453 -0.3111905 -0.9470304 -0.07240313 -0.3128759 -0.9400501 -0.1589751 -0.3017166 -0.9520024 -0.02166986 -0.3053228 -0.9444707 0.1057873 -0.3111019 -0.9467667 0.09377205 -0.3079605 -0.9199946 0.2495182 -0.3022426 -0.9276419 0.2244204 -0.2985231 -0.8974508 0.3291041 -0.2937219 -0.9054528 0.3085547 -0.2914608 -0.8756498 0.3923549 -0.2815939 -0.8767259 0.3907051 -0.2805373 -0.8688416 0.4062237 -0.2830138 -0.8807763 0.3764955 -0.2872009 -0.8814134 0.373555 -0.28908 -0.9138092 0.2751289 -0.2987589 -0.9123339 0.2840738 -0.2948712 -0.9387893 0.1529325 -0.3086848 -0.9365408 0.176416 -0.3029338 -0.9505538 0.05974686 -0.3047587 -0.9465692 -0.1028009 -0.3056776 -0.9457449 -0.1074394 -0.3066323 -0.9279181 -0.2233926 -0.2984354 -0.9218428 -0.2427318 -0.302138 -0.8500084 -0.4493167 -0.2749547 -0.8882705 -0.3561875 -0.2900103 -0.8859329 -0.3614578 -0.2906392 -0.8399859 -0.4670001 -0.2762874 -0.8020928 -0.5388172 -0.2575328 -0.7615757 -0.5949282 -0.2570274 -0.7757323 -0.5661606 -0.2787503 -0.6822741 -0.7042073 -0.1964543 -0.7428709 -0.6245965 -0.2408779 -0.9297779 -0.2048822 -0.3058376 -0.9082869 -0.299533 -0.292053 -0.8974776 -0.3288363 -0.29394 -0.867358 -0.4124759 -0.2784845 -0.7629075 -0.5944817 -0.2540938 -0.8537709 -0.4390096 -0.2799035 -0.803008 -0.5367656 -0.2589614 -0.8178926 -0.5159633 -0.2546246 -0.7307881 -0.6417719 -0.2325457 -0.7307164 -0.6409754 -0.2349556 -0.7323114 -0.6386857 -0.2362215 0.05967324 2.45261e-6 0.998218 0.02279686 -1.24855e-4 0.9997401 0.01636058 0.00420463 0.9998574 0.02336543 -1.78836e-4 0.9997271 -0.002060115 -3.95778e-4 0.9999979 -0.004539787 -6.75866e-4 0.9999896 0.1748355 -0.003684043 0.9845908 0.1495803 -0.00184375 0.988748 0.130892 -7.62735e-4 0.9913964 0.08259004 4.25664e-4 0.9965835 0.07460474 9.82501e-4 0.9972128 0.1905898 -0.00112009 0.9816691 0.1481637 -1.85873e-4 0.9889628 0.134324 0.001989424 0.9909355 0.1549457 -5.42122e-4 0.9879229 0.1917163 -0.001473248 0.9814494 0.120706 0.01714062 0.9925403 0.1244407 0.00776869 0.9921967 0.3283917 2.16255e-4 0.9445417 0.3354696 2.42551e-4 0.9420511 0.3328564 -0.009342551 0.9429313 0.344524 -3.1974e-4 0.9387775 0.3649325 0.001058995 0.9310334 0.3643278 9.4897e-4 0.9312703 0.3544757 -0.00169903 0.9350637 0.1306726 -2.73786e-4 0.9914256 0.1864445 2.09712e-4 0.9824656 0.1859181 1.50443e-4 0.9825652 0.2179787 -2.29826e-4 0.9759536 0.2536939 -3.67516e-4 0.9672845 0.2055625 0.005066275 0.9786309 0.232721 0.002358675 0.9725407 0.2944111 -0.002227306 0.9556763 0.2302185 3.26284e-4 0.973139 0.2065307 -0.001957654 0.9784382 0.1978352 -0.002999186 0.9802308 0.1855466 4.09403e-4 0.9826354 0.2636078 -0.01089602 0.9645685 0.251932 -0.001232028 0.9677442 -0.1947597 -0.280219 -0.9399713 -0.04123413 -0.929275 -0.36708 -0.0341553 -0.9635584 -0.2653089 -0.02194672 -0.9760758 -0.2163199 -0.03883564 -0.9201776 -0.3895702 -0.05833864 -0.8018766 -0.594635 -0.1456541 -0.3005948 -0.9425645 -0.2566752 -0.6314863 -0.7316714 -0.005356132 -0.9989467 -0.04557341 -0.06649225 -0.8712681 -0.4862826 -0.06978875 -0.839259 -0.5392348 -0.0925734 -0.7375906 -0.6688724 -0.09909659 -0.6668302 -0.7385915 -0.09376537 -0.6753334 -0.7315278 -0.1175724 -0.5906657 -0.7983049 -0.1150376 -0.499957 -0.858376 -0.1076685 -0.4745596 -0.8736137 -0.1376677 -0.4053303 -0.903745 -0.1473385 -0.8648537 -0.4799161 -0.1837198 -0.7655335 -0.6166081 -0.1974192 -0.7498306 -0.6314902 -0.2120745 -0.6910792 -0.690966 -0.2486489 -0.5496522 -0.7975313 -0.2504033 -0.5362828 -0.806039 -0.01259827 -0.998484 -0.05358242 -0.04194039 -0.9855589 -0.164057 -0.06133019 -0.9633743 -0.2610529 -0.09571021 -0.9286959 -0.3582786 -0.08622658 -0.9364667 -0.339993 -0.1146216 -0.8861535 -0.448992 -0.1991029 -0.6546921 -0.7292026 -0.228384 -0.4819195 -0.8459281 -0.2926546 -0.3954524 -0.8706152 -0.3237649 -0.3055419 -0.8954443 -0.2033497 -0.3166646 -0.926484 -0.1858628 -0.4055092 -0.8949958 -0.1908009 -0.4952205 -0.8475563 -0.1872732 -0.5034675 -0.8434746 -0.1674709 -0.5921981 -0.7881973 -0.1665688 -0.6589637 -0.7334997 -0.1590977 -0.6756603 -0.719841 -0.1392512 -0.7639724 -0.630044 -0.1375315 -0.7663972 -0.6274716 -0.1180235 -0.8164505 -0.565225 -0.1100163 -0.8683822 -0.4835378 -0.02428203 -0.9922468 -0.1218885 -0.01317775 -0.9976301 -0.06753206 -0.01343935 -0.9975643 -0.06844598 -0.2858302 -0.4808115 -0.8289278 -0.2536535 -0.3851166 -0.8873247 -0.2502145 -0.2842263 -0.9255313 -0.2569794 -0.3098048 -0.9154139 -0.3257319 -0.3145825 -0.8915922 -0.007466435 0.9983588 -0.05678188 -0.1480253 0.2845453 -0.9471656 -0.07220542 0.2585591 -0.9632931 -0.006385028 0.3355739 -0.9419924 -0.01651704 0.3053044 -0.9521116 -0.03631913 0.3949194 -0.9179977 -0.02813535 0.4804474 -0.8765723 -0.0199548 0.6350117 -0.7722448 -0.01780796 0.9979842 -0.06091445 -0.02873408 0.9959592 -0.08508652 -0.03444176 0.9867453 -0.1585797 -0.05979931 0.9636099 -0.2605383 -0.1017178 0.9289916 -0.3558485 -0.1018124 0.9289262 -0.3559921 -0.2235316 0.3037267 -0.9261661 -0.05353355 0.5373184 -0.8416788 -0.05253809 0.5470605 -0.8354427 -0.04930698 0.6902783 -0.721862 -0.04289996 0.7564415 -0.652653 -0.04758763 0.7656701 -0.6414709 -0.03504586 0.8660157 -0.4987873 -0.09117698 0.3305615 -0.93937 -0.0813508 0.3862248 -0.9188104 -0.08892148 0.4810887 -0.8721506 -0.0742352 0.6545361 -0.7523775 -0.05403232 0.8860082 -0.4605109 -0.0414673 0.9362198 -0.34896 -0.03929466 0.9289693 -0.3680655 -0.03649783 0.9634647 -0.2653367 -0.01827025 0.9869502 -0.1599863 -0.01828879 0.9870117 -0.1596043 -0.007699608 0.998576 -0.05279093 -0.005933821 0.9987283 -0.05006706 -0.07570427 0.8624252 -0.5004915 -0.0983085 0.7541105 -0.649348 -0.1021748 0.7633822 -0.6378151 -0.1043857 0.6586392 -0.7451832 -0.1250358 0.6092188 -0.7830827 -0.1278867 0.5061072 -0.8529364 -0.1257897 0.4963734 -0.8589474 -0.1473203 0.4066431 -0.9016309 -0.1412697 0.3096484 -0.9402983 -0.01017117 0.9986726 -0.05049562 -0.2203392 0.2984622 -0.9286393 -0.1955516 0.4047894 -0.8932554 -0.2015891 0.493542 -0.8460367 -0.1973505 0.5020166 -0.8420404 -0.169829 0.6086641 -0.7750396 -0.179688 0.6719822 -0.7184373 -0.1403281 0.752996 -0.6428881 -0.14586 0.8145436 -0.5614656 -0.1135253 0.8650287 -0.48871 -0.233136 0.04379105 -0.9714577 -0.1289912 -0.2488157 -0.9599229 -0.1493636 -0.2149198 -0.9651426 -0.1420278 -0.1809647 -0.9731803 -0.1538703 -0.1534562 -0.976102 -0.1191363 -0.1127418 -0.9864562 -0.06990951 -0.009869098 -0.9975045 -0.007381618 0.1873764 -0.9822605 7.3093e-4 0.1501013 -0.9886704 -0.01883953 0.2245438 -0.9742819 -0.0127213 0.2192211 -0.9755923 -0.2206426 0.1346323 -0.9660182 -0.2389532 0.08121609 -0.9676287 -0.2728981 0.02740508 -0.9616526 -0.2691013 -0.02252548 -0.9628484 -0.2973054 -0.03104704 -0.9542775 -0.3109297 -0.08210372 -0.94688 -0.3338803 -0.187336 -0.9238123 -0.3290214 -0.2184293 -0.918713 -0.2010596 0.21534 -0.955617 -0.2011798 0.2154073 -0.9555765 -0.1973992 0.1716791 -0.9651735 -0.2005714 0.1701891 -0.9647833 -0.1522754 0.2233274 -0.9627757 -0.1497625 0.2259708 -0.9625531 -0.1540523 0.1653931 -0.9741216 -0.2057213 0.1067741 -0.9727683 -0.1521086 0.1636915 -0.9747143 -0.0832203 0.2162286 -0.9727896 -0.07271844 0.2279973 -0.9709424 -0.04892063 0.1087387 -0.992866 -0.1777072 0.1033234 -0.9786442 -0.1529169 0.129456 -0.9797232 -0.08079588 0.1696522 -0.9821864 -0.04661345 0.04898399 -0.9977113 -0.08209306 0.03177171 -0.9961182 -0.08149099 0.1702406 -0.9820272 -0.05954301 0.1661212 -0.9843061 -0.00766021 0.1875383 -0.9822275 -0.2061256 0.0308395 -0.9780395 -0.1778246 0.03815162 -0.9833224 -0.1562021 0.06938898 -0.9852848 -0.125512 0.06939035 -0.9896625 -0.102385 0.1026573 -0.9894337 -0.08853775 0.1081299 -0.9901863 -0.1285483 -0.05348432 -0.99026 -0.3295334 -0.1262739 -0.9356617 -0.3169741 -0.1238204 -0.9403169 -0.3044204 -0.09208667 -0.9480762 -0.2384155 -0.03756678 -0.9704365 -0.2059128 -0.02112865 -0.9783423 -0.03842318 0.09603571 -0.994636 -0.02954649 0.1363311 -0.9902226 -0.3520586 -0.153044 -0.9233809 -0.2367808 -0.09254986 -0.967145 -0.1774861 -0.02819812 -0.9837192 -0.1442931 0.004803955 -0.9895234 -0.138347 0.004803955 -0.9903722 -0.1037883 0.03723269 -0.9939023 -0.3460977 -0.1810925 -0.9205552 -0.293632 -0.1560018 -0.9431033 -0.2375307 -0.09182417 -0.9670303 -0.3278 -0.2192768 -0.9189477 -0.2736433 -0.1645766 -0.9476466 -0.2359859 -0.1459444 -0.9607346 -0.1769935 -0.09186601 -0.9799153 -0.1555441 -0.06041473 -0.9859798 -0.1212392 -0.06022781 -0.9907945 -0.1096616 -0.02366399 -0.9936873 -0.1977056 -0.213046 -0.9568302 -0.1565442 -0.2110671 -0.9648548 -0.196617 -0.2138913 -0.9568659 -0.1561821 -0.1226326 -0.980086 -0.162042 -0.1469032 -0.9757878 -0.2025916 -0.1617431 -0.9658136 -0.2658447 -0.2154306 -0.9396362 -0.2675608 -0.2139228 -0.9394936 0.9895299 0.1442022 0.006036937 0.9999533 -0.005855083 -0.00769478 0.9975379 -0.06970149 0.007733583 0.9720187 -0.2348015 0.00692594 0.9844009 -0.1757971 -0.007085442 0.9498754 -0.312579 -0.005582571 0.9353373 -0.3537143 0.005506694 0.9168445 -0.399237 -0.002499997 0.9149746 -0.403511 7.15035e-4 0.9216635 -0.3879799 -0.002834618 0.9306926 -0.3657864 0.003394544 0.9437367 -0.330672 -0.004144072 0.9676233 -0.252397 -9.73719e-4 0.9620333 -0.2728942 0.004558622 0.9887506 -0.1495647 0.001694142 0.9899075 -0.1417151 -3.61132e-4 0.9924249 0.1227788 0.004280328 0.99699 0.07741981 -0.004155158 0.9986569 -0.05171567 0.003161609 0.9995143 -0.0310781 -0.002357006 0.974145 0.2258811 -0.004386901 0.9629638 0.2696018 0.003982543 0.9222052 0.3866526 -0.006110489 0.907833 0.4193157 0.00370723 0.8546569 0.5191887 0.002165257 0.8116735 0.5841096 0.001473605 0.8355447 0.549382 -0.006670415 0.7757837 0.6309985 -8.57874e-4 0.7722922 0.6352036 -0.009018003 0.7794542 0.6264513 -0.00317353 0.9820652 0.1884819 -0.004740417 0.9482844 0.3173971 0.003980815 0.9441607 0.3294848 7.09609e-4 0.9022975 0.4311001 -0.003472805 0.8670514 0.4981685 0.007068097 0.8195509 0.5729632 -0.007034659 0.8670151 0.4982321 0.007041215 0.7693307 0.6388308 0.005067408 0.7699524 0.6380977 0.002207159 0.7864829 0.6175919 -0.005023479 0.7707143 0.6371728 0.003207623 -0.9468509 -0.07066118 0.3138159 -0.9530774 0.006785869 0.3026508 -0.9473654 0.06994253 0.3124212 -0.9397853 0.1607053 0.3016245 -0.9282109 0.2100468 0.3070912 -0.9197217 0.2608293 0.2933943 -0.8907663 0.3464799 0.2940869 -0.8890014 0.3547981 0.2894733 -0.8728115 0.3985271 0.2817382 -0.873408 0.3960414 0.2833896 -0.8718108 0.4003992 0.2821815 -0.8966686 0.3310192 0.2939593 -0.8981381 0.3278261 0.2930497 -0.9220157 0.2498013 0.2957808 -0.9278026 0.211969 0.3070039 -0.9450188 0.1241965 0.3025142 -0.9526685 0.002080321 0.3040042 -0.9475779 0.06184071 0.3134835 -0.9380107 -0.1732479 0.3002019 -0.9405359 -0.1324287 0.3128178 -0.8202131 -0.5072113 0.2645513 -0.8165473 -0.5160349 0.2587634 -0.8559028 -0.432059 0.2841753 -0.8948386 -0.343176 0.285472 -0.9015238 -0.3169484 0.2946158 -0.7683341 -0.5889774 0.2505363 -0.7507324 -0.6150131 0.2411634 -0.7495062 -0.6194162 0.2335895 -0.9356101 -0.1876964 0.2990047 -0.9254555 -0.2251133 0.3047236 -0.899144 -0.3304614 0.2869413 -0.8701614 -0.3989023 0.289303 -0.858945 -0.4294133 0.2789586 -0.8228737 -0.5026965 0.2649061 -0.8058805 -0.5289224 0.2660785 -0.7854213 -0.5650288 0.2526974 -0.6944066 -0.6861763 0.2167064 -0.7528195 -0.6107398 0.2454781 -0.7405607 -0.6244879 0.248163 -0.7305625 -0.6396418 0.2390335 0.9982182 2.57957e-6 -0.05967015 0.9997401 -1.24846e-4 -0.02279871 0.9998575 0.004210114 -0.01635491 0.999727 -1.7882e-4 -0.02336698 0.9999978 -3.9651e-4 0.002060949 0.9999895 -6.7614e-4 0.004542291 0.9845792 -0.003680467 -0.174901 0.9887492 -0.001844048 -0.1495715 0.9913967 -7.63284e-4 -0.1308893 0.9965836 4.25154e-4 -0.0825898 0.9972127 9.82376e-4 -0.074606 0.9816702 -0.00112158 -0.1905843 0.9889628 -1.8558e-4 -0.1481636 0.9909349 0.001989901 -0.1343286 0.9879237 -5.41397e-4 -0.1549401 0.9814493 -0.001474201 -0.1917166 0.9925407 0.01714611 -0.1207026 0.9921967 0.00776875 -0.12444 0.9445416 2.16381e-4 -0.3283918 0.9420539 2.42512e-4 -0.3354617 0.9429301 -0.009341061 -0.3328599 0.9387771 -3.1934e-4 -0.3445251 0.93103 0.00105971 -0.3649412 0.9312698 9.44691e-4 -0.3643291 0.9350676 -0.001693964 -0.3544654 0.9914261 -2.73965e-4 -0.1306691 0.9824652 2.09783e-4 -0.1864461 0.9825656 1.50498e-4 -0.1859166 0.9759537 -2.3007e-4 -0.2179777 0.9672845 -3.67581e-4 -0.2536941 0.9786273 0.005067944 -0.2055795 0.9725428 0.002357602 -0.2327123 0.9556758 -0.002227783 -0.2944129 0.9731415 3.25433e-4 -0.2302076 0.9784321 -0.001957356 -0.2065594 0.980231 -0.002999246 -0.1978339 0.9826366 4.06702e-4 -0.1855403 0.9645695 -0.01089698 -0.2636039 0.9677425 -0.001232028 -0.251939 -0.9399715 -0.2802194 0.1947579 -0.3670832 -0.9292739 0.04123163 -0.2653079 -0.9635587 0.03415471 -0.2163171 -0.9760766 0.02194637 -0.389572 -0.9201769 0.03883612 -0.5946373 -0.8018748 0.05833792 -0.942561 -0.3006072 0.1456511 -0.7316676 -0.6314889 0.2566792 -0.04557347 -0.9989467 0.005355954 -0.4862823 -0.8712683 0.06649124 -0.5392275 -0.8392636 0.06978815 -0.6688715 -0.7375913 0.09257447 -0.7385906 -0.6668312 0.09909629 -0.7315332 -0.6753273 0.09376662 -0.7983001 -0.5906719 0.1175745 -0.8583799 -0.499951 0.1150348 -0.8736143 -0.4745581 0.1076703 -0.9037452 -0.4053289 0.1376709 -0.4799159 -0.8648535 0.1473407 -0.6166082 -0.7655342 0.1837165 -0.6314937 -0.7498272 0.1974211 -0.6909636 -0.6910819 0.2120735 -0.7975299 -0.549655 0.2486475 -0.8060386 -0.5362829 0.250405 -0.05358415 -0.9984838 0.01259827 -0.1640544 -0.9855593 0.04194104 -0.2610534 -0.9633741 0.06133109 -0.3582744 -0.9286971 0.09571427 -0.3399948 -0.9364662 0.08622527 -0.4489911 -0.8861542 0.1146209 -0.7292034 -0.6546918 0.1991009 -0.8459283 -0.4819191 0.2283843 -0.8706173 -0.3954495 0.2926525 -0.8954423 -0.3055481 0.3237647 -0.9264845 -0.3166625 0.2033504 -0.8949977 -0.4055055 0.1858618 -0.8475549 -0.4952233 0.1908002 -0.8434768 -0.503464 0.1872725 -0.7881993 -0.5921953 0.1674714 -0.7335016 -0.6589617 0.1665681 -0.7198415 -0.6756598 0.1590976 -0.6300433 -0.7639728 0.1392529 -0.6274687 -0.7663997 0.1375304 -0.5652293 -0.8164474 0.1180246 -0.4835338 -0.8683847 0.110014 -0.1218952 -0.9922459 0.0242815 -0.06752812 -0.9976304 0.01317822 -0.06842499 -0.9975658 0.01344454 -0.8289273 -0.4808139 0.2858279 -0.8873248 -0.3851153 0.2536553 -0.9255327 -0.2842192 0.2502177 -0.9154134 -0.3098067 0.2569789 -0.8915927 -0.3145818 0.3257313 -0.05678158 0.9983588 0.007466435 -0.9471668 0.284542 0.148024 -0.9632953 0.2585509 0.07220566 -0.9420011 0.3355497 0.006376624 -0.9521088 0.3053127 0.01652097 -0.9179992 0.3949158 0.03631722 -0.8765693 0.4804527 0.02813404 -0.7722461 0.6350102 0.01995235 -0.06091111 0.9979844 0.01780879 -0.0482946 0.9987598 0.0121088 -0.1582488 0.9866132 0.03939116 -0.1965277 0.978911 0.05577069 -0.2597315 0.9635778 0.06369727 -0.3575028 0.9292021 0.09367746 -0.377433 0.9202005 0.1038056 -0.9261624 0.3037327 0.2235392 -0.8416783 0.5373193 0.05353349 -0.8354477 0.5470528 0.05253952 -0.7218641 0.690276 0.04930776 -0.6526532 0.7564413 0.04289978 -0.6414698 0.765671 0.04758715 -0.4987872 0.8660158 0.03504568 -0.9393715 0.3305576 0.09117591 -0.9188078 0.386231 0.08135133 -0.8721516 0.4810863 0.08892494 -0.7523733 0.654541 0.07423394 -0.4605088 0.8860093 0.05403202 -0.3489617 0.9362192 0.04146814 -0.3680629 0.9289703 0.03929495 -0.2653386 0.9634644 0.0364961 -0.159986 0.9869502 0.01827061 -0.1596023 0.987012 0.01828944 -0.05279082 0.9985759 0.007699787 -0.05006754 0.9987283 0.005932688 -0.5004939 0.8624238 0.07570457 -0.649348 0.7541105 0.09830838 -0.6378113 0.7633854 0.1021741 -0.7451848 0.6586374 0.1043859 -0.7830795 0.6092232 0.1250355 -0.8529372 0.506106 0.1278867 -0.8589468 0.4963744 0.1257901 -0.9016335 0.4066371 0.1473202 -0.9402959 0.3096556 0.14127 -0.05049693 0.9986725 0.01016968 -0.9286398 0.2984632 0.2203358 -0.8932613 0.4047756 0.1955537 -0.8460367 0.4935431 0.2015865 -0.8420336 0.5020279 0.1973509 -0.77504 0.6086636 0.1698285 -0.7184363 0.6719834 0.1796881 -0.6428869 0.752997 0.1403285 -0.5614681 0.8145415 0.1458618 -0.4887113 0.865028 0.1135255 -0.9714573 0.04379028 0.2331377 -0.9599241 -0.2488108 0.1289921 -0.9651409 -0.214922 0.1493713 -0.9731796 -0.1809675 0.1420295 -0.9761026 -0.1534522 0.1538711 -0.9864559 -0.1127451 0.1191359 -0.9975043 -0.00987029 0.0699132 -0.9822596 0.1873815 0.007378876 -0.9886709 0.1500979 -7.27579e-4 -0.9742822 0.2245427 0.01883935 -0.9755926 0.2192202 0.01272201 -0.9660178 0.1346342 0.2206429 -0.9676288 0.08121621 0.2389529 -0.9616523 0.02740442 0.2728988 -0.9628477 -0.02252507 0.2691042 -0.9542774 -0.03104549 0.297306 -0.9468806 -0.08210635 0.3109273 -0.923812 -0.1873359 0.3338813 -0.9187135 -0.2184309 0.329019 -0.9556175 0.2153397 0.2010574 -0.955576 0.2154059 0.2011837 -0.9651733 0.1716797 0.1973994 -0.964784 0.1701889 0.2005683 -0.9627745 0.2233303 0.1522789 -0.9625539 0.2259684 0.1497617 -0.9741215 0.1653904 0.1540564 -0.9727683 0.1067718 0.2057223 -0.9747145 0.1636946 0.1521048 -0.9727897 0.2162286 0.08321928 -0.9709423 0.2279981 0.07271802 -0.9928663 0.1087366 0.04891777 -0.9786448 0.103321 0.1777055 -0.9797231 0.1294558 0.1529183 -0.9821861 0.1696534 0.08079761 -0.997711 0.04898571 0.04661673 -0.9961186 0.03177154 0.08208781 -0.9820272 0.1702405 0.08149111 -0.984306 0.1661223 0.05954229 -0.9822275 0.1875382 0.007659316 -0.97804 0.03083902 0.2061231 -0.9833219 0.03815281 0.1778267 -0.9852848 0.06938815 0.156202 -0.9896623 0.0693916 0.125512 -0.989434 0.1026557 0.1023839 -0.9901868 0.1081293 0.08853453 -0.9902608 -0.05347919 0.1285443 -0.9356608 -0.1262723 0.3295362 -0.9403166 -0.1238185 0.3169759 -0.9480768 -0.09208834 0.304418 -0.9704374 -0.03756684 0.2384116 -0.9783424 -0.02112704 0.2059122 -0.9946358 0.09603726 0.03842717 -0.9902228 0.1363301 0.02954405 -0.9233821 -0.153047 0.3520542 -0.9671444 -0.0925523 0.2367823 -0.9837186 -0.02820056 0.1774896 -0.9895236 0.00480473 0.1442918 -0.9903721 0.004803538 0.1383481 -0.9939019 0.03723275 0.1037923 -0.9205556 -0.1810942 0.3460958 -0.9431042 -0.1560006 0.2936298 -0.9670308 -0.09182149 0.2375295 -0.9189472 -0.2192751 0.3278025 -0.9476459 -0.1645754 0.2736466 -0.9607347 -0.1459477 0.2359834 -0.9799152 -0.09186601 0.1769938 -0.9859799 -0.06041276 0.1555448 -0.9907943 -0.06023073 0.1212394 -0.9936874 -0.02366203 0.1096611 -0.9568299 -0.2130466 0.1977061 -0.9648555 -0.2110664 0.1565406 -0.9568647 -0.2138929 0.196621 -0.9800864 -0.1226313 0.1561807 -0.9757876 -0.1469045 0.1620426 -0.9658136 -0.1617413 0.2025932 -0.9396362 -0.2154313 0.2658441 -0.9394949 -0.2139227 0.2675567 0.006036937 0.1442021 -0.9895299 -0.00769484 -0.005855083 -0.9999533 0.007733583 -0.06970149 -0.997538 0.00692594 -0.2348012 -0.9720188 -0.007085442 -0.1757973 -0.9844009 -0.00558263 -0.312579 -0.9498754 0.005506753 -0.3537146 -0.9353372 -0.002499938 -0.399237 -0.9168444 7.14931e-4 -0.4035102 -0.9149749 -0.002834677 -0.3879799 -0.9216636 0.003394484 -0.3657862 -0.9306928 -0.004144132 -0.3306711 -0.943737 -9.73752e-4 -0.2523959 -0.9676237 0.004558563 -0.2728952 -0.962033 0.001694023 -0.1495653 -0.9887504 -3.61168e-4 -0.1417142 -0.9899076 0.004280388 0.1227777 -0.992425 -0.004155039 0.07742029 -0.9969899 0.003161668 -0.05171638 -0.9986569 -0.002356767 -0.03107768 -0.9995143 -0.004386723 0.2258812 -0.9741451 0.003982484 0.269602 -0.9629637 -0.006110489 0.3866533 -0.922205 0.003707289 0.4193153 -0.9078332 0.002165794 0.5191902 -0.8546561 0.00147283 0.5841096 -0.8116735 -0.006671071 0.5493813 -0.8355453 -8.60243e-4 0.6309978 -0.7757843 -0.009017407 0.6352018 -0.7722936 -0.003173351 0.6264531 -0.7794528 -0.004740417 0.1884825 -0.9820652 0.003981053 0.3173974 -0.9482843 7.09534e-4 0.3294832 -0.9441612 -0.003472864 0.4311012 -0.9022969 0.007067739 0.4981681 -0.8670518 -0.00703454 0.5729637 -0.8195507 0.007041454 0.4982349 -0.8670135 0.005067586 0.6388325 -0.7693291 0.002206087 0.6380938 -0.7699555 -0.005023419 0.6175913 -0.7864832 0.003207385 0.6371698 -0.7707168 0.3138163 -0.07066011 0.9468508 0.3026505 0.006784856 0.9530775 0.3124213 0.06994271 0.9473653 0.3016242 0.1607053 0.9397854 0.307091 0.2100465 0.928211 0.2933949 0.2608277 0.919722 0.2940867 0.34648 0.8907663 0.2894732 0.3547992 0.8890011 0.2817384 0.3985269 0.8728115 0.2833896 0.3960415 0.873408 0.2821813 0.4003994 0.8718109 0.2939594 0.3310193 0.8966683 0.29305 0.3278255 0.8981382 0.2957811 0.2498026 0.9220153 0.3070038 0.211969 0.9278027 0.3025143 0.1241962 0.9450187 0.3040042 0.002079665 0.9526685 0.3134831 0.06184053 0.947578 0.3002017 -0.1732511 0.9380102 0.3128177 -0.1324267 0.9405362 0.2645503 -0.5072128 0.8202124 0.258765 -0.5160358 0.8165463 0.2841742 -0.4320572 0.855904 0.2854728 -0.3431746 0.8948388 0.2946161 -0.3169484 0.9015238 0.2505363 -0.5889765 0.7683349 0.235345 -0.7030268 0.6710932 0.238155 -0.6150574 0.7516561 0.2343291 -0.6181225 0.750343 0.2990046 -0.1876962 0.9356102 0.3047232 -0.225112 0.9254559 0.2869411 -0.3304629 0.8991436 0.2893027 -0.3989024 0.8701614 0.2789592 -0.4294131 0.8589448 0.2649059 -0.5026953 0.8228746 0.2660791 -0.5289239 0.8058794 0.2526969 -0.5650278 0.7854223 0.2167289 -0.6861935 0.6943826 0.2454791 -0.6107424 0.7528173 0.2481625 -0.6244865 0.740562 0.2390389 -0.6396433 0.7305592 -0.9982182 2.57957e-6 0.05967015 -0.9997401 -1.24846e-4 0.02279871 -0.9998575 0.004210114 0.01635491 -0.999727 -1.7882e-4 0.02336698 -0.9999978 -3.9651e-4 -0.002060949 -0.9999895 -6.7614e-4 -0.004542291 -0.9845792 -0.003680467 0.174901 -0.9887492 -0.001844048 0.1495715 -0.9913967 -7.63284e-4 0.1308893 -0.9965836 4.25154e-4 0.0825898 -0.9972127 9.82376e-4 0.074606 -0.9816702 -0.00112158 0.1905843 -0.9889628 -1.8558e-4 0.1481636 -0.9909349 0.001989901 0.1343286 -0.9879237 -5.41397e-4 0.1549401 -0.9814493 -0.001474201 0.1917166 -0.9925407 0.01714611 0.1207026 -0.9921967 0.00776875 0.12444 -0.9445416 2.16381e-4 0.3283918 -0.9420539 2.42512e-4 0.3354617 -0.9429301 -0.009341061 0.3328599 -0.9387771 -3.1934e-4 0.3445251 -0.93103 0.00105971 0.3649412 -0.9312698 9.44691e-4 0.3643291 -0.9350676 -0.001693964 0.3544654 -0.9914261 -2.73965e-4 0.1306691 -0.9824652 2.09783e-4 0.1864461 -0.9825656 1.50498e-4 0.1859166 -0.9759537 -2.3007e-4 0.2179777 -0.9672845 -3.67581e-4 0.2536941 -0.9786273 0.005067944 0.2055795 -0.9725428 0.002357602 0.2327123 -0.9556758 -0.002227783 0.2944129 -0.9731415 3.25433e-4 0.2302076 -0.9784321 -0.001957356 0.2065594 -0.980231 -0.002999246 0.1978339 -0.9826366 4.06702e-4 0.1855403 -0.9645695 -0.01089698 0.2636039 -0.9677425 -0.001232028 0.251939 0.9399715 -0.2802194 -0.1947579 0.3670832 -0.9292739 -0.04123163 0.2653079 -0.9635587 -0.03415471 0.2163171 -0.9760766 -0.02194637 0.389572 -0.9201769 -0.03883612 0.5946373 -0.8018748 -0.05833792 0.942561 -0.3006072 -0.1456511 0.7316676 -0.6314889 -0.2566792 0.04557347 -0.9989467 -0.005355954 0.4862823 -0.8712683 -0.06649124 0.5392275 -0.8392636 -0.06978815 0.6688715 -0.7375913 -0.09257447 0.7385906 -0.6668312 -0.09909629 0.7315332 -0.6753273 -0.09376662 0.7983001 -0.5906719 -0.1175745 0.8583799 -0.499951 -0.1150348 0.8736143 -0.4745581 -0.1076703 0.9037452 -0.4053289 -0.1376709 0.4799159 -0.8648535 -0.1473407 0.6166082 -0.7655342 -0.1837165 0.6314937 -0.7498272 -0.1974211 0.6909636 -0.6910819 -0.2120735 0.7975299 -0.549655 -0.2486475 0.8060386 -0.5362829 -0.250405 0.05358415 -0.9984838 -0.01259827 0.1640544 -0.9855593 -0.04194104 0.2610534 -0.9633741 -0.06133109 0.3582744 -0.9286971 -0.09571427 0.3399948 -0.9364662 -0.08622527 0.4489911 -0.8861542 -0.1146209 0.7292034 -0.6546918 -0.1991009 0.8459283 -0.4819191 -0.2283843 0.8706173 -0.3954495 -0.2926525 0.8954423 -0.3055481 -0.3237647 0.9264845 -0.3166625 -0.2033504 0.8949977 -0.4055055 -0.1858618 0.8475549 -0.4952233 -0.1908002 0.8434768 -0.503464 -0.1872725 0.7881993 -0.5921953 -0.1674714 0.7335016 -0.6589617 -0.1665681 0.7198415 -0.6756598 -0.1590976 0.6300433 -0.7639728 -0.1392529 0.6274687 -0.7663997 -0.1375304 0.5652293 -0.8164474 -0.1180246 0.4835338 -0.8683847 -0.110014 0.1218952 -0.9922459 -0.0242815 0.06752812 -0.9976304 -0.01317822 0.06842499 -0.9975658 -0.01344454 0.8289273 -0.4808139 -0.2858279 0.8873248 -0.3851153 -0.2536553 0.9255327 -0.2842192 -0.2502177 0.9154134 -0.3098067 -0.2569789 0.8915927 -0.3145818 -0.3257313 0.05678158 0.9983588 -0.007466435 0.9471668 0.284542 -0.148024 0.9632953 0.2585509 -0.07220566 0.9420011 0.3355497 -0.006376624 0.9521088 0.3053127 -0.01652097 0.9179992 0.3949158 -0.03631722 0.8765693 0.4804527 -0.02813404 0.7722461 0.6350102 -0.01995235 0.06091111 0.9979844 -0.01780879 0.0482946 0.9987598 -0.0121088 0.1582488 0.9866132 -0.03939116 0.1965277 0.978911 -0.05577069 0.2597315 0.9635778 -0.06369727 0.3575028 0.9292021 -0.09367746 0.377433 0.9202005 -0.1038056 0.9261624 0.3037327 -0.2235392 0.8416783 0.5373193 -0.05353349 0.8354477 0.5470528 -0.05253952 0.7218641 0.690276 -0.04930776 0.6526532 0.7564413 -0.04289978 0.6414698 0.765671 -0.04758715 0.4987872 0.8660158 -0.03504568 0.9393715 0.3305576 -0.09117591 0.9188078 0.386231 -0.08135133 0.8721516 0.4810863 -0.08892494 0.7523733 0.654541 -0.07423394 0.4605088 0.8860093 -0.05403202 0.3489617 0.9362192 -0.04146814 0.3680629 0.9289703 -0.03929495 0.2653386 0.9634644 -0.0364961 0.159986 0.9869502 -0.01827061 0.1596023 0.987012 -0.01828944 0.05279082 0.9985759 -0.007699787 0.05006754 0.9987283 -0.005932688 0.5004939 0.8624238 -0.07570457 0.649348 0.7541105 -0.09830838 0.6378113 0.7633854 -0.1021741 0.7451848 0.6586374 -0.1043859 0.7830795 0.6092232 -0.1250355 0.8529372 0.506106 -0.1278867 0.8589468 0.4963744 -0.1257901 0.9016335 0.4066371 -0.1473202 0.9402959 0.3096556 -0.14127 0.05049693 0.9986725 -0.01016968 0.9286398 0.2984632 -0.2203358 0.8932613 0.4047756 -0.1955537 0.8460367 0.4935431 -0.2015865 0.8420336 0.5020279 -0.1973509 0.77504 0.6086636 -0.1698285 0.7184363 0.6719834 -0.1796881 0.6428869 0.752997 -0.1403285 0.5614681 0.8145415 -0.1458618 0.4887113 0.865028 -0.1135255 0.9714573 0.04379028 -0.2331377 0.9599241 -0.2488108 -0.1289921 0.9651409 -0.214922 -0.1493713 0.9731796 -0.1809675 -0.1420295 0.9761026 -0.1534522 -0.1538711 0.9864559 -0.1127451 -0.1191359 0.9975043 -0.00987029 -0.0699132 0.9822596 0.1873815 -0.007378876 0.9886709 0.1500979 7.27579e-4 0.9742822 0.2245427 -0.01883935 0.9755926 0.2192202 -0.01272201 0.9660178 0.1346342 -0.2206429 0.9676288 0.08121621 -0.2389529 0.9616523 0.02740442 -0.2728988 0.9628477 -0.02252507 -0.2691042 0.9542774 -0.03104549 -0.297306 0.9468806 -0.08210635 -0.3109273 0.923812 -0.1873359 -0.3338813 0.9187135 -0.2184309 -0.329019 0.9556175 0.2153397 -0.2010574 0.955576 0.2154059 -0.2011837 0.9651733 0.1716797 -0.1973994 0.964784 0.1701889 -0.2005683 0.9627745 0.2233303 -0.1522789 0.9625539 0.2259684 -0.1497617 0.9741215 0.1653904 -0.1540564 0.9727683 0.1067718 -0.2057223 0.9747145 0.1636946 -0.1521048 0.9727897 0.2162286 -0.08321928 0.9709423 0.2279981 -0.07271802 0.9928663 0.1087366 -0.04891777 0.9786448 0.103321 -0.1777055 0.9797231 0.1294558 -0.1529183 0.9821861 0.1696534 -0.08079761 0.997711 0.04898571 -0.04661673 0.9961186 0.03177154 -0.08208781 0.9820272 0.1702405 -0.08149111 0.984306 0.1661223 -0.05954229 0.9822275 0.1875382 -0.007659316 0.97804 0.03083902 -0.2061231 0.9833219 0.03815281 -0.1778267 0.9852848 0.06938815 -0.156202 0.9896623 0.0693916 -0.125512 0.989434 0.1026557 -0.1023839 0.9901868 0.1081293 -0.08853453 0.9902608 -0.05347919 -0.1285443 0.9356608 -0.1262723 -0.3295362 0.9403166 -0.1238185 -0.3169759 0.9480768 -0.09208834 -0.304418 0.9704374 -0.03756684 -0.2384116 0.9783424 -0.02112704 -0.2059122 0.9946358 0.09603726 -0.03842717 0.9902228 0.1363301 -0.02954405 0.9233821 -0.153047 -0.3520542 0.9671444 -0.0925523 -0.2367823 0.9837186 -0.02820056 -0.1774896 0.9895236 0.00480473 -0.1442918 0.9903721 0.004803538 -0.1383481 0.9939019 0.03723275 -0.1037923 0.9205556 -0.1810942 -0.3460958 0.9431042 -0.1560006 -0.2936298 0.9670308 -0.09182149 -0.2375295 0.9189472 -0.2192751 -0.3278025 0.9476459 -0.1645754 -0.2736466 0.9607347 -0.1459477 -0.2359834 0.9799152 -0.09186601 -0.1769938 0.9859799 -0.06041276 -0.1555448 0.9907943 -0.06023073 -0.1212394 0.9936874 -0.02366203 -0.1096611 0.9568299 -0.2130466 -0.1977061 0.9648555 -0.2110664 -0.1565406 0.9568647 -0.2138929 -0.196621 0.9800864 -0.1226313 -0.1561807 0.9757876 -0.1469045 -0.1620426 0.9658136 -0.1617413 -0.2025932 0.9396362 -0.2154313 -0.2658441 0.9394949 -0.2139227 -0.2675567 -0.006036937 0.1442021 0.9895299 0.00769484 -0.005855083 0.9999533 -0.007733583 -0.06970149 0.997538 -0.00692594 -0.2348012 0.9720188 0.007085442 -0.1757973 0.9844009 0.00558263 -0.312579 0.9498754 -0.005506753 -0.3537146 0.9353372 0.002499938 -0.399237 0.9168444 -7.14931e-4 -0.4035102 0.9149749 0.002834677 -0.3879799 0.9216636 -0.003394484 -0.3657862 0.9306928 0.004144132 -0.3306711 0.943737 9.73752e-4 -0.2523959 0.9676237 -0.004558563 -0.2728952 0.962033 -0.001694023 -0.1495653 0.9887504 3.61168e-4 -0.1417142 0.9899076 -0.004280388 0.1227777 0.992425 0.004155039 0.07742029 0.9969899 -0.003161668 -0.05171638 0.9986569 0.002356767 -0.03107768 0.9995143 0.004386723 0.2258812 0.9741451 -0.003982484 0.269602 0.9629637 0.006110489 0.3866533 0.922205 -0.003707289 0.4193153 0.9078332 -0.002165794 0.5191902 0.8546561 -0.00147283 0.5841096 0.8116735 0.006671071 0.5493813 0.8355453 8.60243e-4 0.6309978 0.7757843 0.009017407 0.6352018 0.7722936 0.003173351 0.6264531 0.7794528 0.004740417 0.1884825 0.9820652 -0.003981053 0.3173974 0.9482843 -7.09534e-4 0.3294832 0.9441612 0.003472864 0.4311012 0.9022969 -0.007067739 0.4981681 0.8670518 0.00703454 0.5729637 0.8195507 -0.007041454 0.4982349 0.8670135 -0.005067586 0.6388325 0.7693291 -0.002206087 0.6380938 0.7699555 0.005023419 0.6175913 0.7864832 -0.003207385 0.6371698 0.7707168 -0.3138163 -0.07066011 -0.9468508 -0.3026505 0.006784856 -0.9530775 -0.3124213 0.06994271 -0.9473653 -0.3016242 0.1607053 -0.9397854 -0.307091 0.2100465 -0.928211 -0.2933949 0.2608277 -0.919722 -0.2940867 0.34648 -0.8907663 -0.2894732 0.3547992 -0.8890011 -0.2817384 0.3985269 -0.8728115 -0.2833896 0.3960415 -0.873408 -0.2821813 0.4003994 -0.8718109 -0.2939594 0.3310193 -0.8966683 -0.29305 0.3278255 -0.8981382 -0.2957811 0.2498026 -0.9220153 -0.3070038 0.211969 -0.9278027 -0.3025143 0.1241962 -0.9450187 -0.3040042 0.002079665 -0.9526685 -0.3134831 0.06184053 -0.947578 -0.3002017 -0.1732511 -0.9380102 -0.3128177 -0.1324267 -0.9405362 -0.2645503 -0.5072128 -0.8202124 -0.258765 -0.5160358 -0.8165463 -0.2841742 -0.4320572 -0.855904 -0.2854728 -0.3431746 -0.8948388 -0.2946161 -0.3169484 -0.9015238 -0.2505363 -0.5889765 -0.7683349 -0.235345 -0.7030268 -0.6710932 -0.238155 -0.6150574 -0.7516561 -0.2343291 -0.6181225 -0.750343 -0.2990046 -0.1876962 -0.9356102 -0.3047232 -0.225112 -0.9254559 -0.2869411 -0.3304629 -0.8991436 -0.2893027 -0.3989024 -0.8701614 -0.2789592 -0.4294131 -0.8589448 -0.2649059 -0.5026953 -0.8228746 -0.2660791 -0.5289239 -0.8058794 -0.2526969 -0.5650278 -0.7854223 -0.2167289 -0.6861935 -0.6943826 -0.2454791 -0.6107424 -0.7528173 -0.2481625 -0.6244865 -0.740562 -0.2390389 -0.6396433 -0.7305592 -0.9678014 5.15638e-7 -0.2517152 -0.9578526 -1.22318e-4 -0.2872602 -0.9559769 0.004209697 -0.2934119 -0.9580283 -1.80117e-4 -0.2866737 -0.9504216 -3.94548e-4 -0.3109642 -0.9496401 -6.77878e-4 -0.3133421 -0.9903586 -0.003639698 -0.1384797 -0.9864556 -0.001791 -0.1640188 -0.9833016 -7.63509e-4 -0.1819821 -0.9733319 4.24259e-4 -0.2294011 -0.9714645 9.80581e-4 -0.2371831 -0.9925288 -0.001147866 -0.1220054 -0.9863491 -1.86388e-4 -0.1646679 -0.9839514 0.001981556 -0.1784257 -0.98745 -5.4026e-4 -0.1579318 -0.9926589 -0.001473069 -0.120939 -0.9812631 0.01713871 -0.1919089 -0.9820951 0.007748782 -0.1882267 -0.9997921 2.16273e-4 0.02039229 -0.9996097 2.41776e-4 0.02793633 -0.9996391 -0.00932312 0.02519857 -0.9993506 -2.31173e-4 0.03603631 -0.9983328 8.18419e-4 0.05771487 -0.9982558 0.001027226 0.05902785 -0.9988371 -0.001698076 0.04818373 -0.9832815 -2.74304e-4 -0.1820922 -0.9919953 2.10878e-4 -0.126275 -0.9919265 1.50416e-4 -0.1268143 -0.9955443 -2.29765e-4 -0.09429454 -0.9983393 -3.66468e-4 -0.05760812 -0.9942705 0.005056619 -0.1067744 -0.9968578 0.002358734 -0.0791772 -0.9998804 -0.002219796 -0.01530355 -0.9966471 3.27397e-4 -0.08182007 -0.994365 -0.001969873 -0.1059922 -0.9933886 -0.002995371 -0.114762 -0.9918708 4.20795e-4 -0.127248 -0.9988184 -0.01085823 -0.04737144 -0.9982289 -0.001216232 -0.05947852 0.9541631 -0.2801743 0.1052382 0.3617728 -0.9293262 0.07398146 0.2629249 -0.9635441 0.04953193 0.2129977 -0.9759627 0.04613792 0.3836237 -0.9196889 0.08369857 0.5841529 -0.8014335 0.1283354 0.9336161 -0.3110918 0.1777164 0.7752037 -0.6314544 -0.01801818 0.04502648 -0.9989453 0.008995294 0.4830368 -0.8712614 0.08705741 0.5345516 -0.839174 0.1002075 0.6647161 -0.7376123 0.1186615 0.7332534 -0.666632 0.1339446 0.7246955 -0.6753324 0.1369037 0.7955633 -0.5906718 0.134855 0.8519185 -0.49996 0.1558043 0.8540529 -0.4956717 0.1578084 0.901773 -0.4052968 0.1501327 0.9381116 -0.3006594 0.1719026 0.5019893 -0.8648354 0.008162975 0.6432066 -0.7655292 0.01582258 0.6616302 -0.7497941 0.007378339 0.7226736 -0.6910883 0.01182371 0.8353507 -0.5496268 0.009974002 0.8439641 -0.5362885 0.0109294 0.05483615 -0.9984849 0.004573583 0.1689922 -0.9855581 0.01081037 0.2671021 -0.9634095 0.02233147 0.3703795 -0.9286722 0.01967406 0.3500066 -0.9364635 0.02305501 0.462464 -0.8861396 0.0297268 0.7550451 -0.6546853 0.03597658 0.8750998 -0.4819202 0.04419696 0.9184374 -0.3954573 -0.009291887 0.9516838 -0.3054906 -0.03120231 0.9439704 -0.3166857 0.09289848 0.9086349 -0.4054876 0.09981274 0.8650365 -0.4952183 0.08044177 0.8600531 -0.5034837 0.08254152 0.8013565 -0.5922185 0.08429253 0.7490767 -0.6589581 0.06825155 0.7337786 -0.6756547 0.07113206 0.642238 -0.7639726 0.06225848 0.6392782 -0.7663829 0.06309401 0.5740365 -0.8164474 0.06241834 0.4939487 -0.8683358 0.04480695 0.1234305 -0.9922462 0.01457273 0.06830424 -0.9976297 0.008336901 0.06926119 -0.9975636 0.00836575 0.8767042 -0.4807736 -0.01570034 0.9222813 -0.3851123 0.03295469 0.9575435 -0.2842612 0.04802215 0.9500132 -0.3098303 0.0384714 0.9486 -0.3146144 -0.03429079 0.0562725 0.998361 0.01043611 0.9465677 0.2844848 0.1519147 0.9384548 0.2585746 0.2290019 0.8978521 0.3355827 0.2850369 0.9106356 0.305254 0.278501 0.8842892 0.3949226 0.2491363 0.8423789 0.4804098 0.2441398 0.7406365 0.634983 0.2196683 0.06344199 0.9979839 0.00187695 0.04993516 0.9987469 0.003369212 0.1626232 0.9866214 0.01148635 0.2049835 0.9787353 0.007689416 0.2667508 0.963565 0.01966285 0.3687969 0.9292591 0.02159476 0.3921951 0.9197068 0.01795393 0.9499151 0.3037715 0.07337856 0.8170225 0.537325 0.20918 0.8108068 0.5470325 0.2082015 0.7017719 0.6902747 0.1761735 0.6339889 0.7564207 0.1608906 0.6247788 0.7656728 0.1529605 0.4852343 0.8659967 0.1208203 0.921566 0.3305709 0.2035661 0.898975 0.386237 0.2065554 0.8569411 0.4810928 0.1849371 0.7384935 0.6545362 0.1618946 0.4546939 0.8859935 0.09093451 0.3447049 0.9362155 0.06840425 0.3622267 0.9289546 0.07638913 0.263502 0.9635006 0.04725962 0.1578133 0.9869483 0.03206306 0.1574754 0.9870064 0.03193604 0.05257534 0.9985765 0.008993923 0.04945158 0.9987282 0.00982809 0.4994423 0.8623937 0.08267158 0.6479376 0.7541177 0.1071609 0.6381711 0.7633823 0.09992551 0.7409722 0.6586344 0.1310002 0.7833933 0.6092202 0.123068 0.8507221 0.5060836 0.1419554 0.8557765 0.4963753 0.1458016 0.9030429 0.4066064 0.138509 0.9379243 0.3096653 0.1562231 0.05114102 0.9986739 0.005927681 0.9514263 0.2979321 0.07761818 0.9099605 0.4047904 0.09009289 0.8672677 0.4929433 0.06966823 0.8618212 0.5019837 0.07263976 0.7895901 0.6086555 0.07801371 0.7390287 0.6717274 0.05117481 0.6547856 0.7529954 0.06522107 0.5795216 0.8142096 0.03489351 0.4998777 0.8650255 0.04305171 0.9959576 0.04376006 0.07844609 0.9639469 -0.2151503 0.1565783 0.9694435 -0.1809346 0.1656567 0.9758955 -0.1534216 0.1552098 0.9750164 -0.1127885 0.1913682 0.9709028 -0.015527 0.2389703 0.9364552 0.1874032 0.2965331 0.9400672 0.1500407 0.3062048 0.9324207 0.2245435 0.2831467 0.9317761 0.2192111 0.2893786 0.9869255 0.1345962 0.08866858 0.9941148 0.08117002 0.07174581 0.9989153 0.02739375 0.03765505 0.9988802 -0.02256768 0.04158294 0.9994434 -0.03106236 0.01216632 0.9966197 -0.08209425 -0.003140568 0.9817696 -0.1873361 -0.0321505 0.9754198 -0.2184288 -0.02907216 0.9709779 0.2153392 0.1040726 0.9709777 0.2153765 0.1039962 0.9789461 0.1716356 0.11048 0.9795455 0.1701692 0.1073921 0.9627102 0.2233291 0.1526867 0.9617233 0.2259653 0.1550097 0.9740533 0.1653749 0.154504 0.9887327 0.1067445 0.1049439 0.9740152 0.1636736 0.1565418 0.950896 0.2162235 0.2214595 0.9458924 0.2279959 0.2308797 0.9593931 0.1087007 0.2602869 0.9856637 0.1032906 0.1334102 0.9790298 0.1294266 0.15732 0.9590852 0.1696382 0.2266687 0.9633535 0.04716235 0.2640569 0.9728729 0.03189128 0.2291319 0.9591484 0.1702219 0.2259624 0.9545292 0.1660999 0.2475577 0.9365173 0.1875774 0.2962265 0.9938679 0.03079468 0.1062003 0.9901489 0.03810232 0.1347346 0.9853324 0.06935185 0.1559183 0.980014 0.06935292 0.1864476 0.9726467 0.1026348 0.2083858 0.9690855 0.1080999 0.2217832 0.9811677 -0.0560581 0.1848445 0.9916992 -0.1262868 -0.0241723 0.9922397 -0.1238612 -0.01091247 0.9957386 -0.09215486 0.003467082 0.996612 -0.03761595 0.07314151 0.9940888 -0.02118593 0.1064841 0.9578357 0.09600728 0.2708017 0.9508867 0.1363359 0.277898 0.986985 -0.1530216 -0.04944837 0.9929726 -0.09262025 0.07366752 0.9904183 -0.02825397 0.1351791 0.9856806 0.004749596 0.1685565 0.9846535 0.004751086 0.1744567 0.9773315 0.03719395 0.2084224 0.9824433 -0.1811436 -0.04463499 0.9876695 -0.1560793 0.01217603 0.9930946 -0.09189897 0.07292336 0.9752551 -0.2193313 -0.02777218 0.9858124 -0.1646564 0.03259164 0.9866238 -0.1460303 0.07244837 0.9866427 -0.0919401 0.1344749 0.9857843 -0.06047588 0.156755 0.9801049 -0.06030362 0.1890977 0.9785602 -0.02533346 0.2043973 0.9710824 -0.2131014 0.1076425 0.965985 -0.2111194 0.1493378 0.9707761 -0.2139602 0.1086969 0.9803791 -0.122666 0.1543051 0.9780907 -0.1469678 0.1474424 0.9811362 -0.1618202 0.1057651 0.9757833 -0.2154955 0.03753203 0.9761817 -0.2139721 0.0358501 -0.3115348 0.1440882 0.9392468 -0.3016749 -0.005949497 0.9533923 -0.3156065 -0.06985509 0.9463154 -0.306951 -0.2349194 0.9222766 -0.2974489 -0.1758635 0.9384009 -0.2882088 -0.3126603 0.9050853 -0.2942615 -0.3537943 0.8878287 -0.2814586 -0.3993303 0.8725346 -0.2832034 -0.4021454 0.870675 -0.2816998 -0.3891492 0.8770452 -0.2909318 -0.3627367 0.885314 -0.2879741 -0.3312614 0.8985193 -0.298161 -0.2561547 0.9195025 -0.301203 -0.2727459 0.9137213 -0.3071696 -0.1502794 0.9397144 -0.3053983 -0.1417896 0.9416091 -0.3127392 0.1372497 0.9398706 -0.3041168 0.07695454 0.9495214 -0.311657 -0.05217319 0.9487612 -0.3065737 -0.03117233 0.9513364 -0.2940692 0.2254917 0.928804 -0.2962663 0.3224122 0.8990421 -0.2789946 0.3862646 0.8791824 -0.2825825 0.4287985 0.858067 -0.2661353 0.5190876 0.8122317 -0.2522607 0.5839005 0.7716379 -0.251906 0.5491005 0.796889 -0.2389231 0.6308868 0.7381718 -0.2300413 0.6351113 0.7373701 -0.2379049 0.626231 0.7424527 -0.2989637 0.1884316 0.9354754 -0.296837 0.3173206 0.9006639 -0.2924348 0.3294537 0.8977428 -0.275524 0.4310836 0.8592168 -0.2746651 0.4981316 0.8224501 -0.2465624 0.5729581 0.7816177 -0.2746184 0.4982208 0.8224117 -0.2425586 0.6388236 0.7301164 -0.2400239 0.6380915 0.7315927 -0.2382599 0.6175824 0.7495493 -0.2412183 0.6371657 0.7320066 -0.005865693 -0.07054436 -0.9974915 0.006681144 0.006883382 -0.9999541 -0.005443632 0.07614791 -0.9970817 0.005070805 0.1605075 -0.9870217 -0.005107581 0.2321407 -0.9726688 0.002523541 0.2611848 -0.9652856 -0.002515077 0.3506808 -0.9364917 -6.03673e-4 0.3548116 -0.9349377 0.001755177 0.3985591 -0.917141 3.50316e-4 0.3960357 -0.9182351 0.001039028 0.4003966 -0.9163415 -0.002460062 0.3310962 -0.9435939 -0.001205086 0.3280628 -0.9446552 0.0036363 0.2501171 -0.9682089 -0.005277514 0.2120857 -0.9772369 0.004316389 0.1246044 -0.9921972 0.005252003 0.002583622 -0.9999829 -0.005325078 0.06201112 -0.9980613 0.00434333 -0.1728122 -0.9849452 -0.006828665 -0.1321758 -0.9912028 0.001825034 -0.5068796 -0.8620151 0.00628674 -0.5158771 -0.8566396 -0.005788445 -0.4317153 -0.9019914 0.005024254 -0.3427332 -0.9394195 -0.001596868 -0.3165181 -0.9485852 -8.15932e-4 -0.5888214 -0.8082628 -0.01648569 -0.7029471 -0.7110511 0.00583297 -0.614904 -0.7885805 0.009010374 -0.6179226 -0.7861875 0.004750609 -0.1876449 -0.9822254 -0.003822803 -0.2250236 -0.9743458 0.004950284 -0.3304342 -0.9438161 -0.006251752 -0.3988382 -0.917 1.2902e-4 -0.4294003 -0.9031143 0.002339422 -0.5026714 -0.8644745 -0.004026293 -0.5288882 -0.8486819 0.002381801 -0.565022 -0.8250724 0.008496463 -0.6862281 -0.7273368 -8.30005e-4 -0.6107273 -0.7918406 -0.007171154 -0.6244732 -0.7810134 -0.001572906 -0.6396515 -0.7686635 0.9678014 5.15638e-7 0.2517152 0.9578526 -1.22318e-4 0.2872602 0.9559769 0.004209697 0.2934119 0.9580283 -1.80117e-4 0.2866737 0.9504216 -3.94548e-4 0.3109642 0.9496401 -6.77878e-4 0.3133421 0.9903586 -0.003639698 0.1384797 0.9864556 -0.001791 0.1640188 0.9833016 -7.63509e-4 0.1819821 0.9733319 4.24259e-4 0.2294011 0.9714645 9.80581e-4 0.2371831 0.9925288 -0.001147866 0.1220054 0.9863491 -1.86388e-4 0.1646679 0.9839514 0.001981556 0.1784257 0.98745 -5.4026e-4 0.1579318 0.9926589 -0.001473069 0.120939 0.9812631 0.01713871 0.1919089 0.9820951 0.007748782 0.1882267 0.9997921 2.16273e-4 -0.02039229 0.9996097 2.41776e-4 -0.02793633 0.9996391 -0.00932312 -0.02519857 0.9993506 -2.31173e-4 -0.03603631 0.9983328 8.18419e-4 -0.05771487 0.9982558 0.001027226 -0.05902785 0.9988371 -0.001698076 -0.04818373 0.9832815 -2.74304e-4 0.1820922 0.9919953 2.10878e-4 0.126275 0.9919265 1.50416e-4 0.1268143 0.9955443 -2.29765e-4 0.09429454 0.9983393 -3.66468e-4 0.05760812 0.9942705 0.005056619 0.1067744 0.9968578 0.002358734 0.0791772 0.9998804 -0.002219796 0.01530355 0.9966471 3.27397e-4 0.08182007 0.994365 -0.001969873 0.1059922 0.9933886 -0.002995371 0.114762 0.9918708 4.20795e-4 0.127248 0.9988184 -0.01085823 0.04737144 0.9982289 -0.001216232 0.05947852 -0.9541631 -0.2801743 -0.1052382 -0.3617728 -0.9293262 -0.07398146 -0.2629249 -0.9635441 -0.04953193 -0.2129977 -0.9759627 -0.04613792 -0.3836237 -0.9196889 -0.08369857 -0.5841529 -0.8014335 -0.1283354 -0.9336161 -0.3110918 -0.1777164 -0.7752037 -0.6314544 0.01801818 -0.04502648 -0.9989453 -0.008995294 -0.4830368 -0.8712614 -0.08705741 -0.5345516 -0.839174 -0.1002075 -0.6647161 -0.7376123 -0.1186615 -0.7332534 -0.666632 -0.1339446 -0.7246955 -0.6753324 -0.1369037 -0.7955633 -0.5906718 -0.134855 -0.8519185 -0.49996 -0.1558043 -0.8540529 -0.4956717 -0.1578084 -0.901773 -0.4052968 -0.1501327 -0.9381116 -0.3006594 -0.1719026 -0.5019893 -0.8648354 -0.008162975 -0.6432066 -0.7655292 -0.01582258 -0.6616302 -0.7497941 -0.007378339 -0.7226736 -0.6910883 -0.01182371 -0.8353507 -0.5496268 -0.009974002 -0.8439641 -0.5362885 -0.0109294 -0.05483615 -0.9984849 -0.004573583 -0.1689922 -0.9855581 -0.01081037 -0.2671021 -0.9634095 -0.02233147 -0.3703795 -0.9286722 -0.01967406 -0.3500066 -0.9364635 -0.02305501 -0.462464 -0.8861396 -0.0297268 -0.7550451 -0.6546853 -0.03597658 -0.8750998 -0.4819202 -0.04419696 -0.9184374 -0.3954573 0.009291887 -0.9516838 -0.3054906 0.03120231 -0.9439704 -0.3166857 -0.09289848 -0.9086349 -0.4054876 -0.09981274 -0.8650365 -0.4952183 -0.08044177 -0.8600531 -0.5034837 -0.08254152 -0.8013565 -0.5922185 -0.08429253 -0.7490767 -0.6589581 -0.06825155 -0.7337786 -0.6756547 -0.07113206 -0.642238 -0.7639726 -0.06225848 -0.6392782 -0.7663829 -0.06309401 -0.5740365 -0.8164474 -0.06241834 -0.4939487 -0.8683358 -0.04480695 -0.1234305 -0.9922462 -0.01457273 -0.06830424 -0.9976297 -0.008336901 -0.06926119 -0.9975636 -0.00836575 -0.8767042 -0.4807736 0.01570034 -0.9222813 -0.3851123 -0.03295469 -0.9575435 -0.2842612 -0.04802215 -0.9500132 -0.3098303 -0.0384714 -0.9486 -0.3146144 0.03429079 -0.0562725 0.998361 -0.01043611 -0.9465677 0.2844848 -0.1519147 -0.9384548 0.2585746 -0.2290019 -0.8978521 0.3355827 -0.2850369 -0.9106356 0.305254 -0.278501 -0.8842892 0.3949226 -0.2491363 -0.8423789 0.4804098 -0.2441398 -0.7406365 0.634983 -0.2196683 -0.06344199 0.9979839 -0.00187695 -0.04993516 0.9987469 -0.003369212 -0.1626232 0.9866214 -0.01148635 -0.2049835 0.9787353 -0.007689416 -0.2667508 0.963565 -0.01966285 -0.3687969 0.9292591 -0.02159476 -0.3921951 0.9197068 -0.01795393 -0.9499151 0.3037715 -0.07337856 -0.8170225 0.537325 -0.20918 -0.8108068 0.5470325 -0.2082015 -0.7017719 0.6902747 -0.1761735 -0.6339889 0.7564207 -0.1608906 -0.6247788 0.7656728 -0.1529605 -0.4852343 0.8659967 -0.1208203 -0.921566 0.3305709 -0.2035661 -0.898975 0.386237 -0.2065554 -0.8569411 0.4810928 -0.1849371 -0.7384935 0.6545362 -0.1618946 -0.4546939 0.8859935 -0.09093451 -0.3447049 0.9362155 -0.06840425 -0.3622267 0.9289546 -0.07638913 -0.263502 0.9635006 -0.04725962 -0.1578133 0.9869483 -0.03206306 -0.1574754 0.9870064 -0.03193604 -0.05257534 0.9985765 -0.008993923 -0.04945158 0.9987282 -0.00982809 -0.4994423 0.8623937 -0.08267158 -0.6479376 0.7541177 -0.1071609 -0.6381711 0.7633823 -0.09992551 -0.7409722 0.6586344 -0.1310002 -0.7833933 0.6092202 -0.123068 -0.8507221 0.5060836 -0.1419554 -0.8557765 0.4963753 -0.1458016 -0.9030429 0.4066064 -0.138509 -0.9379243 0.3096653 -0.1562231 -0.05114102 0.9986739 -0.005927681 -0.9514263 0.2979321 -0.07761818 -0.9099605 0.4047904 -0.09009289 -0.8672677 0.4929433 -0.06966823 -0.8618212 0.5019837 -0.07263976 -0.7895901 0.6086555 -0.07801371 -0.7390287 0.6717274 -0.05117481 -0.6547856 0.7529954 -0.06522107 -0.5795216 0.8142096 -0.03489351 -0.4998777 0.8650255 -0.04305171 -0.9959576 0.04376006 -0.07844609 -0.9639469 -0.2151503 -0.1565783 -0.9694435 -0.1809346 -0.1656567 -0.9758955 -0.1534216 -0.1552098 -0.9750164 -0.1127885 -0.1913682 -0.9709028 -0.015527 -0.2389703 -0.9364552 0.1874032 -0.2965331 -0.9400672 0.1500407 -0.3062048 -0.9324207 0.2245435 -0.2831467 -0.9317761 0.2192111 -0.2893786 -0.9869255 0.1345962 -0.08866858 -0.9941148 0.08117002 -0.07174581 -0.9989153 0.02739375 -0.03765505 -0.9988802 -0.02256768 -0.04158294 -0.9994434 -0.03106236 -0.01216632 -0.9966197 -0.08209425 0.003140568 -0.9817696 -0.1873361 0.0321505 -0.9754198 -0.2184288 0.02907216 -0.9709779 0.2153392 -0.1040726 -0.9709777 0.2153765 -0.1039962 -0.9789461 0.1716356 -0.11048 -0.9795455 0.1701692 -0.1073921 -0.9627102 0.2233291 -0.1526867 -0.9617233 0.2259653 -0.1550097 -0.9740533 0.1653749 -0.154504 -0.9887327 0.1067445 -0.1049439 -0.9740152 0.1636736 -0.1565418 -0.950896 0.2162235 -0.2214595 -0.9458924 0.2279959 -0.2308797 -0.9593931 0.1087007 -0.2602869 -0.9856637 0.1032906 -0.1334102 -0.9790298 0.1294266 -0.15732 -0.9590852 0.1696382 -0.2266687 -0.9633535 0.04716235 -0.2640569 -0.9728729 0.03189128 -0.2291319 -0.9591484 0.1702219 -0.2259624 -0.9545292 0.1660999 -0.2475577 -0.9365173 0.1875774 -0.2962265 -0.9938679 0.03079468 -0.1062003 -0.9901489 0.03810232 -0.1347346 -0.9853324 0.06935185 -0.1559183 -0.980014 0.06935292 -0.1864476 -0.9726467 0.1026348 -0.2083858 -0.9690855 0.1080999 -0.2217832 -0.9811677 -0.0560581 -0.1848445 -0.9916992 -0.1262868 0.0241723 -0.9922397 -0.1238612 0.01091247 -0.9957386 -0.09215486 -0.003467082 -0.996612 -0.03761595 -0.07314151 -0.9940888 -0.02118593 -0.1064841 -0.9578357 0.09600728 -0.2708017 -0.9508867 0.1363359 -0.277898 -0.986985 -0.1530216 0.04944837 -0.9929726 -0.09262025 -0.07366752 -0.9904183 -0.02825397 -0.1351791 -0.9856806 0.004749596 -0.1685565 -0.9846535 0.004751086 -0.1744567 -0.9773315 0.03719395 -0.2084224 -0.9824433 -0.1811436 0.04463499 -0.9876695 -0.1560793 -0.01217603 -0.9930946 -0.09189897 -0.07292336 -0.9752551 -0.2193313 0.02777218 -0.9858124 -0.1646564 -0.03259164 -0.9866238 -0.1460303 -0.07244837 -0.9866427 -0.0919401 -0.1344749 -0.9857843 -0.06047588 -0.156755 -0.9801049 -0.06030362 -0.1890977 -0.9785602 -0.02533346 -0.2043973 -0.9710824 -0.2131014 -0.1076425 -0.965985 -0.2111194 -0.1493378 -0.9707761 -0.2139602 -0.1086969 -0.9803791 -0.122666 -0.1543051 -0.9780907 -0.1469678 -0.1474424 -0.9811362 -0.1618202 -0.1057651 -0.9757833 -0.2154955 -0.03753203 -0.9761817 -0.2139721 -0.0358501 0.3115348 0.1440882 -0.9392468 0.3016749 -0.005949497 -0.9533923 0.3156065 -0.06985509 -0.9463154 0.306951 -0.2349194 -0.9222766 0.2974489 -0.1758635 -0.9384009 0.2882088 -0.3126603 -0.9050853 0.2942615 -0.3537943 -0.8878287 0.2814586 -0.3993303 -0.8725346 0.2832034 -0.4021454 -0.870675 0.2816998 -0.3891492 -0.8770452 0.2909318 -0.3627367 -0.885314 0.2879741 -0.3312614 -0.8985193 0.298161 -0.2561547 -0.9195025 0.301203 -0.2727459 -0.9137213 0.3071696 -0.1502794 -0.9397144 0.3053983 -0.1417896 -0.9416091 0.3127392 0.1372497 -0.9398706 0.3041168 0.07695454 -0.9495214 0.311657 -0.05217319 -0.9487612 0.3065737 -0.03117233 -0.9513364 0.2940692 0.2254917 -0.928804 0.2962663 0.3224122 -0.8990421 0.2789946 0.3862646 -0.8791824 0.2825825 0.4287985 -0.858067 0.2661353 0.5190876 -0.8122317 0.2522607 0.5839005 -0.7716379 0.251906 0.5491005 -0.796889 0.2389231 0.6308868 -0.7381718 0.2300413 0.6351113 -0.7373701 0.2379049 0.626231 -0.7424527 0.2989637 0.1884316 -0.9354754 0.296837 0.3173206 -0.9006639 0.2924348 0.3294537 -0.8977428 0.275524 0.4310836 -0.8592168 0.2746651 0.4981316 -0.8224501 0.2465624 0.5729581 -0.7816177 0.2746184 0.4982208 -0.8224117 0.2425586 0.6388236 -0.7301164 0.2400239 0.6380915 -0.7315927 0.2382599 0.6175824 -0.7495493 0.2412183 0.6371657 -0.7320066 0.005865693 -0.07054436 0.9974915 -0.006681144 0.006883382 0.9999541 0.005443632 0.07614791 0.9970817 -0.005070805 0.1605075 0.9870217 0.005107581 0.2321407 0.9726688 -0.002523541 0.2611848 0.9652856 0.002515077 0.3506808 0.9364917 6.03673e-4 0.3548116 0.9349377 -0.001755177 0.3985591 0.917141 -3.50316e-4 0.3960357 0.9182351 -0.001039028 0.4003966 0.9163415 0.002460062 0.3310962 0.9435939 0.001205086 0.3280628 0.9446552 -0.0036363 0.2501171 0.9682089 0.005277514 0.2120857 0.9772369 -0.004316389 0.1246044 0.9921972 -0.005252003 0.002583622 0.9999829 0.005325078 0.06201112 0.9980613 -0.00434333 -0.1728122 0.9849452 0.006828665 -0.1321758 0.9912028 -0.001825034 -0.5068796 0.8620151 -0.00628674 -0.5158771 0.8566396 0.005788445 -0.4317153 0.9019914 -0.005024254 -0.3427332 0.9394195 0.001596868 -0.3165181 0.9485852 8.15932e-4 -0.5888214 0.8082628 0.01648569 -0.7029471 0.7110511 -0.00583297 -0.614904 0.7885805 -0.009010374 -0.6179226 0.7861875 -0.004750609 -0.1876449 0.9822254 0.003822803 -0.2250236 0.9743458 -0.004950284 -0.3304342 0.9438161 0.006251752 -0.3988382 0.917 -1.2902e-4 -0.4294003 0.9031143 -0.002339422 -0.5026714 0.8644745 0.004026293 -0.5288882 0.8486819 -0.002381801 -0.565022 0.8250724 -0.008496463 -0.6862281 0.7273368 8.30005e-4 -0.6107273 0.7918406 0.007171154 -0.6244732 0.7810134 0.001572906 -0.6396515 0.7686635 -0.251717 1.12796e-6 0.967801 -0.2872599 -1.22138e-4 0.9578528 -0.2934073 0.004204511 0.9559783 -0.2866733 -1.80399e-4 0.9580284 -0.310964 -3.94698e-4 0.9504216 -0.313341 -6.76692e-4 0.9496405 -0.1385107 -0.003639578 0.9903543 -0.1640138 -0.001792013 0.9864565 -0.1819785 -7.63216e-4 0.9833022 -0.229399 4.23887e-4 0.9733324 -0.2371826 9.80741e-4 0.9714647 -0.1220016 -0.001144409 0.9925293 -0.1646652 -1.87247e-4 0.9863496 -0.1784239 0.001981079 0.9839518 -0.1579156 -5.41083e-4 0.9874526 -0.1209433 -0.001473188 0.9926584 -0.1919051 0.0171355 0.9812639 -0.1882248 0.007747113 0.9820955 0.020392 2.16061e-4 0.9997921 0.02793234 2.41774e-4 0.9996098 0.02524191 -0.00933808 0.9996379 0.03603285 -2.31945e-4 0.9993506 0.05771118 8.19192e-4 0.998333 0.05904728 0.001026391 0.9982547 0.04814511 -0.00169295 0.9988389 -0.1820939 -2.74318e-4 0.9832811 -0.1262733 2.10551e-4 0.9919955 -0.126815 1.50698e-4 0.9919264 -0.09427583 -2.29345e-4 0.9955461 -0.05760669 -3.66212e-4 0.9983393 -0.1067944 0.005055844 0.9942683 -0.07917475 0.002358615 0.996858 -0.01530271 -0.002220094 0.9998805 -0.08182507 3.26385e-4 0.9966467 -0.1060162 -0.001965045 0.9943625 -0.1147593 -0.002996385 0.9933889 -0.1272415 4.23039e-4 0.9918718 -0.04737228 -0.01085782 0.9988184 -0.05947875 -0.001215696 0.9982288 0.1052392 -0.280179 -0.9541617 0.07398122 -0.9293245 -0.3617773 0.04953241 -0.9635441 -0.2629245 0.04613769 -0.9759625 -0.2129991 0.08369868 -0.91969 -0.383621 0.1283353 -0.8014348 -0.584151 0.1777201 -0.3110703 -0.9336224 -0.01801723 -0.6314525 -0.7752053 0.008994102 -0.9989451 -0.04503202 0.08705788 -0.8712621 -0.4830356 0.1002077 -0.8391711 -0.5345563 0.1186603 -0.7376146 -0.6647139 0.1339447 -0.6666306 -0.7332547 0.1368991 -0.6753358 -0.7246932 0.1348583 -0.5906634 -0.7955691 0.1558043 -0.4999669 -0.8519144 0.1578088 -0.4956701 -0.8540537 0.1501353 -0.4052918 -0.901775 0.1719012 -0.3006623 -0.938111 0.008161425 -0.8648352 -0.5019896 0.01582121 -0.7655283 -0.6432077 0.007380664 -0.7497971 -0.6616267 0.01182246 -0.6910812 -0.7226804 0.009976148 -0.5496309 -0.835348 0.01092946 -0.5362865 -0.8439653 0.00457102 -0.9984849 -0.05483829 0.0108096 -0.9855581 -0.1689929 0.02233225 -0.963409 -0.2671039 0.01967328 -0.9286738 -0.3703755 0.02305573 -0.9364629 -0.3500084 0.02972668 -0.8861401 -0.462463 0.03597319 -0.6546895 -0.7550415 0.04419708 -0.4819187 -0.8751007 -0.009295046 -0.3954575 -0.9184373 -0.03119736 -0.3054897 -0.9516842 0.09289664 -0.3166881 -0.9439698 0.09981048 -0.4054833 -0.9086371 0.08044165 -0.4952175 -0.8650369 0.0825411 -0.5034834 -0.8600532 0.08429265 -0.5922087 -0.8013637 0.06825196 -0.6589666 -0.7490692 0.07113313 -0.6756555 -0.7337778 0.06225931 -0.7639717 -0.6422392 0.06309276 -0.7663798 -0.6392819 0.06241923 -0.816451 -0.5740311 0.04480701 -0.8683352 -0.4939498 0.01457333 -0.9922468 -0.1234262 0.00833702 -0.9976296 -0.0683071 0.008365809 -0.997563 -0.06926804 -0.01569783 -0.4807765 -0.8767027 0.03295516 -0.3851208 -0.9222777 0.04802155 -0.2842614 -0.9575435 0.03847098 -0.3098378 -0.9500108 -0.0342921 -0.3146123 -0.9486007 0.01043826 0.998361 -0.0562703 0.1519137 0.2844887 -0.9465667 0.2290028 0.2585712 -0.9384555 0.2850394 0.3355775 -0.8978531 0.2784985 0.3052556 -0.9106359 0.2491396 0.3949234 -0.8842878 0.2441361 0.4804102 -0.8423798 0.2196696 0.6349829 -0.7406362 0.001877903 0.9979838 -0.06344169 0.003369092 0.9987468 -0.0499373 0.01148575 0.9866216 -0.1626225 0.007689416 0.9787351 -0.2049844 0.01966327 0.9635652 -0.2667498 0.02159452 0.9292613 -0.3687915 0.01795405 0.9197057 -0.3921979 0.07337999 0.3037715 -0.9499149 0.2091791 0.5373269 -0.8170214 0.2082018 0.5470353 -0.8108048 0.1761718 0.6902756 -0.7017715 0.16089 0.7564202 -0.6339898 0.1529615 0.7656714 -0.6247801 0.1208194 0.865997 -0.4852337 0.2035678 0.3305722 -0.9215652 0.206555 0.3862327 -0.8989769 0.1849366 0.4810885 -0.8569437 0.161894 0.6545352 -0.7384945 0.09093558 0.8859932 -0.4546942 0.06840425 0.9362167 -0.3447019 0.07638877 0.9289551 -0.3622254 0.04726034 0.9635003 -0.2635028 0.03206366 0.9869477 -0.1578178 0.03193551 0.9870059 -0.1574789 0.008993446 0.9985767 -0.05257099 0.009828269 0.9987281 -0.04945445 0.0826705 0.8623929 -0.4994439 0.1071633 0.7541185 -0.6479364 0.09992557 0.763385 -0.6381679 0.1310007 0.6586341 -0.7409723 0.1230689 0.6092123 -0.7833993 0.1419555 0.5060975 -0.8507138 0.1458026 0.4963761 -0.855776 0.1385107 0.4066017 -0.9030448 0.156221 0.3096598 -0.9379264 0.005927443 0.9986739 -0.0511412 0.07761603 0.2979331 -0.9514262 0.09009283 0.4047928 -0.9099594 0.06967025 0.4929399 -0.8672695 0.07263642 0.5019901 -0.8618178 0.07801556 0.6086531 -0.7895917 0.0511763 0.6717253 -0.7390305 0.06521838 0.7529976 -0.6547834 0.03489327 0.8142105 -0.5795205 0.04305124 0.8650259 -0.4998767 0.07844555 0.04375863 -0.9959577 0.1565774 -0.2151542 -0.9639462 0.1656519 -0.1809371 -0.9694437 0.1552111 -0.1534194 -0.9758956 0.191366 -0.1127878 -0.9750169 0.2389694 -0.01552838 -0.970903 0.2965358 0.1874005 -0.9364549 0.3062047 0.1500427 -0.9400671 0.2831491 0.2245418 -0.9324204 0.2893764 0.2192122 -0.9317764 0.08866983 0.1345961 -0.9869254 0.07174414 0.08117324 -0.9941146 0.03765648 0.0273962 -0.9989151 0.041583 -0.02256971 -0.9988802 0.01216685 -0.03106462 -0.9994434 -0.003138065 -0.08208519 -0.9966204 -0.03214681 -0.1873317 -0.9817706 -0.02907174 -0.2184306 -0.9754194 0.1040701 0.2153382 -0.9709783 0.1040011 0.2153764 -0.9709773 0.1104696 0.1716373 -0.9789471 0.1073966 0.1701692 -0.979545 0.1526876 0.2233272 -0.9627104 0.1550078 0.225967 -0.9617232 0.1545019 0.1653752 -0.9740535 0.1049451 0.1067428 -0.9887328 0.156543 0.1636755 -0.9740148 0.2214611 0.2162246 -0.9508954 0.2308784 0.2279963 -0.9458927 0.2602874 0.1086992 -0.9593932 0.1334094 0.1032911 -0.9856637 0.1573227 0.1294265 -0.9790293 0.2266677 0.1696363 -0.9590857 0.2640562 0.04716449 -0.9633535 0.2291332 0.03189086 -0.9728726 0.2259604 0.1702234 -0.9591485 0.2475596 0.1661022 -0.9545283 0.2962269 0.1875794 -0.9365168 0.1062006 0.03079557 -0.9938678 0.1347344 0.03810387 -0.9901489 0.1559177 0.06935173 -0.9853326 0.1864449 0.06935292 -0.9800146 0.2083854 0.1026328 -0.972647 0.2217818 0.1081003 -0.9690858 0.1848391 -0.05605804 -0.9811688 -0.02417564 -0.1262878 -0.991699 -0.01091188 -0.1238607 -0.9922397 0.003464996 -0.0921579 -0.9957384 0.07314145 -0.03761708 -0.996612 0.1064838 -0.02118724 -0.9940888 0.2708045 0.0960074 -0.9578349 0.2779015 0.1363309 -0.9508863 -0.04945081 -0.1530244 -0.9869844 0.07366812 -0.09262096 -0.9929725 0.1351798 -0.02825516 -0.9904181 0.1685559 0.004750847 -0.9856806 0.174453 0.004750967 -0.9846541 0.208426 0.03719419 -0.9773306 -0.04463672 -0.181145 -0.9824429 0.0121743 -0.1560802 -0.9876694 0.07292294 -0.09189683 -0.9930948 -0.02777564 -0.2193286 -0.9752557 0.03258979 -0.1646559 -0.9858126 0.07245057 -0.1460317 -0.9866234 0.1344757 -0.09193956 -0.9866426 0.1567547 -0.06047815 -0.9857842 0.1890983 -0.06030207 -0.9801049 0.2043968 -0.02533501 -0.9785602 0.1076404 -0.2131018 -0.9710825 0.1493399 -0.2111191 -0.9659847 0.1086992 -0.2139574 -0.9707764 0.1543061 -0.1226665 -0.9803788 0.1474416 -0.1469673 -0.9780909 0.1057649 -0.1618213 -0.981136 0.03753209 -0.2154921 -0.9757841 0.03585064 -0.2139737 -0.9761814 0.9392467 0.1440873 0.3115359 0.9533923 -0.00594896 0.3016751 0.9463154 -0.06985509 0.3156065 0.9222764 -0.2349195 0.3069511 0.9384009 -0.1758639 0.2974488 0.9050853 -0.3126603 0.2882087 0.8878288 -0.353794 0.2942615 0.8725342 -0.3993307 0.2814588 0.870675 -0.4021453 0.2832038 0.8770447 -0.3891501 0.2816998 0.885314 -0.3627369 0.2909315 0.8985199 -0.3312594 0.2879745 0.9195024 -0.2561555 0.2981604 0.9137211 -0.2727465 0.3012031 0.9397144 -0.1502799 0.3071691 0.941609 -0.1417894 0.3053988 0.9398708 0.1372495 0.3127388 0.9495214 0.07695537 0.3041172 0.9487615 -0.05217224 0.3116564 0.9513365 -0.03117227 0.3065732 0.9288038 0.2254927 0.2940694 0.8990424 0.322411 0.2962667 0.8791822 0.3862653 0.2789942 0.8580667 0.4287992 0.2825825 0.8122298 0.5190902 0.2661357 0.7716366 0.5839017 0.2522615 0.7968908 0.5490984 0.251905 0.7381642 0.6308943 0.2389268 0.7373726 0.6351088 0.2300407 0.7424505 0.6262336 0.2379049 0.9354757 0.1884315 0.298963 0.9006634 0.317322 0.2968369 0.8977425 0.3294538 0.2924356 0.8592171 0.4310826 0.2755245 0.8224492 0.4981333 0.2746647 0.7816184 0.5729569 0.246563 0.8224145 0.4982171 0.2746164 0.7301145 0.6388248 0.2425605 0.7315973 0.6380868 0.2400222 0.7495491 0.617583 0.2382594 0.7320064 0.6371654 0.2412192 -0.9974914 -0.07054483 0.005865693 -0.999954 0.006883323 -0.006681084 -0.9970818 0.07614803 0.005443572 -0.9870216 0.1605079 -0.005070865 -0.972669 0.2321401 0.005107581 -0.9652855 0.261185 -0.002523541 -0.9364916 0.350681 0.002515137 -0.9349375 0.354812 6.03622e-4 -0.9171407 0.3985596 -0.001755177 -0.9182352 0.3960354 -3.50298e-4 -0.9163417 0.4003959 -0.001039028 -0.9435939 0.3310963 0.002460122 -0.9446552 0.3280628 0.001205146 -0.9682089 0.2501171 -0.0036363 -0.977237 0.2120855 0.005277454 -0.9921972 0.1246042 -0.004316389 -0.999983 0.002583324 -0.005251944 -0.9980612 0.06201118 0.005325078 -0.9849452 -0.1728125 -0.004343271 -0.9912028 -0.1321756 0.006828725 -0.8620147 -0.5068802 -0.001825034 -0.85664 -0.5158764 -0.006286561 -0.9019911 -0.431716 0.005788266 -0.9394193 -0.3427333 -0.005024254 -0.9485852 -0.3165183 0.001596748 -0.8082633 -0.5888208 8.16499e-4 -0.7110531 -0.702945 0.01648759 -0.7885819 -0.6149023 -0.005833029 -0.7861858 -0.6179246 -0.009009659 -0.9822254 -0.1876452 -0.004750609 -0.9743458 -0.2250236 0.003822803 -0.9438161 -0.3304342 -0.004950284 -0.9170001 -0.3988381 0.006251573 -0.9031149 -0.4293991 -1.28918e-4 -0.8644737 -0.5026727 -0.002339065 -0.8486817 -0.5288886 0.004025995 -0.8250746 -0.5650188 -0.00238192 -0.7273195 -0.6862466 -0.008491814 -0.7918406 -0.6107274 8.30376e-4 -0.7810141 -0.6244724 0.007170975 -0.7686594 -0.6396565 0.00157094 0.8090453 0 -0.5877465 0.4067801 0 -0.9135262 -0.1044842 0 -0.9945266 -0.5877447 0 -0.8090465 -0.9135264 0 -0.4067795 -0.9945269 0 0.104481 -0.8090453 0 0.5877465 -0.4067801 0 0.9135262 0.1044842 0 0.9945266 0.5877447 0 0.8090465 0.9135264 0 0.4067795 0.9945269 0 -0.104481 0.9536013 -0.001068294 -0.3010705 0.9978589 0 -0.06540352 0.9972235 0 0.07446736 0.9976713 -0.01938968 0.0653913 0.9803761 0.0288822 0.1950089 0.9763784 -0.001067996 0.2160656 0.8968729 0 0.4422884 0.8263871 0 0.5631026 0.8313133 -0.01939189 0.5554659 0.7515262 0.02888149 0.6590707 0.737536 -0.001067996 0.675307 0.5555709 0 0.8314693 0.4341212 0 0.9008545 0.4422059 -0.01939117 0.896704 0.3213043 0.02888327 0.9465354 0.3010712 -0.001068055 0.9536011 0.06540352 0 0.9978589 -0.07446694 0 0.9972235 -0.0653913 -0.01939129 0.9976713 -0.1950088 0.02888315 0.9803762 -0.2160672 -0.001067996 0.9763779 -0.4422884 0 0.8968729 -0.5631033 0 0.8263865 -0.5554661 -0.01939171 0.831313 -0.6590706 0.02888017 0.7515264 -0.6753077 -0.001067817 0.7375354 -0.8314695 0 0.5555704 -0.9008544 0 0.4341214 -0.8967043 -0.01939171 0.4422051 -0.9465351 0.02888631 0.3213052 -0.9536013 -0.001068294 0.3010705 -0.9978589 0 0.06540352 -0.9972235 0 -0.07446736 -0.9976713 -0.01938968 -0.0653913 -0.9803761 0.0288822 -0.1950089 -0.9763784 -0.001067996 -0.2160656 -0.8968729 0 -0.4422884 -0.8263871 0 -0.5631026 -0.8313133 -0.01939189 -0.5554659 -0.7515262 0.02888149 -0.6590707 -0.737536 -0.001067996 -0.675307 -0.5555709 0 -0.8314693 -0.4341212 0 -0.9008545 -0.4422059 -0.01939117 -0.896704 -0.3213043 0.02888327 -0.9465354 -0.3010712 -0.001068055 -0.9536011 -0.06540352 0 -0.9978589 0.07446694 0 -0.9972235 0.0653913 -0.01939129 -0.9976713 0.1950088 0.02888315 -0.9803762 0.2160672 -0.001067996 -0.9763779 0.4422884 0 -0.8968729 0.5631033 0 -0.8263865 0.5554661 -0.01939171 -0.831313 0.6590706 0.02888017 -0.7515264 0.6753077 -0.001067817 -0.7375354 0.946535 0.02888584 -0.3213055 0.8967043 -0.01939171 -0.4422051 0.9008544 0 -0.4341214 0.8314695 0 -0.5555704 -0.9981611 0.04625993 0.03917074 -0.9945269 0 0.1044809 -0.9807854 0 0.1950901 -0.951268 0 0.3083654 -0.8448478 0.04626345 0.5330029 -0.8090448 0 0.587747 -0.7518405 0 0.6593451 -0.7518397 0 0.659346 -0.6696388 0 0.7426869 -0.4651586 0.04626059 0.8840178 -0.4067799 0 0.9135262 -0.3214388 0 0.9469304 -0.3214403 0 0.9469299 -0.2085801 0 0.9780053 0.03917187 0.04625988 0.9981611 0.1044781 0 0.9945272 0.1950892 0 0.9807856 0.1950908 0 0.9807852 0.3083655 0 0.951268 0.5330025 0.04626041 0.8448481 0.5877469 0 0.8090449 0.6593459 0 0.7518397 0.6593455 0 0.7518402 0.7426865 0 0.6696394 0.8840178 0.04626166 0.4651586 0.9135263 0 0.4067798 0.9469301 0 0.3214396 0.9469301 0 0.3214396 0.9780049 0 0.2085818 0.9981611 0.04625993 -0.03917074 0.9945269 0 -0.1044809 0.9807854 0 -0.1950901 0.951268 0 -0.3083654 0.8448478 0.04626345 -0.5330029 0.8090448 0 -0.587747 0.7518405 0 -0.6593451 0.7518397 0 -0.659346 0.6696388 0 -0.7426869 0.4651586 0.04626059 -0.8840178 0.4067799 0 -0.9135262 0.3214388 0 -0.9469304 0.3214403 0 -0.9469299 0.2085801 0 -0.9780053 -0.03917187 0.04625988 -0.9981611 -0.1044781 0 -0.9945272 -0.1950892 0 -0.9807856 -0.1950908 0 -0.9807852 -0.3083655 0 -0.951268 -0.5330025 0.04626041 -0.8448481 -0.5877469 0 -0.8090449 -0.6593459 0 -0.7518397 -0.6593455 0 -0.7518402 -0.7426865 0 -0.6696394 -0.8840178 0.04626166 -0.4651586 -0.9135263 0 -0.4067798 -0.9469301 0 -0.3214396 -0.9469301 0 -0.3214396 -0.9780049 0 -0.2085818 0 -1 0 0 -1 1.32138e-7 0 -1 0 0 -1 0 0 -1 0 0 -1 0 0 -1 1.41425e-7 -1.35749e-5 -1 5.46118e-6 -4.22479e-6 -1 1.97758e-5 0 -1 0 0 -1 -1.24785e-7 -1.47739e-6 -1 5.38044e-6 0 -1 0 4.55373e-6 -1 2.91953e-7 2.84825e-6 -1 3.85593e-6 0 -1 0 2.14438e-6 -1 -1.40664e-5 2.13181e-5 -1 7.16366e-6 2.14926e-5 -1 9.5929e-6 0 -1 0 0 -1 0 0 -1 0 0 -1 2.55102e-7 0 -1 0 0 -1 -1.32138e-7 0 -1 0 0 -1 0 0 -1 0 0 -1 -1.41425e-7 1.35749e-5 -1 -5.46118e-6 4.22479e-6 -1 -1.97758e-5 0 -1 0 0 -1 1.24785e-7 1.47739e-6 -1 -5.38044e-6 0 -1 0 -4.55373e-6 -1 -2.91953e-7 -2.84825e-6 -1 -3.85593e-6 0 -1 0 -2.14438e-6 -1 1.40664e-5 -2.13181e-5 -1 -7.16366e-6 -2.14926e-5 -1 -9.5929e-6 0 -1 0 0 -1 0 0 -1 0 0 -1 -2.55102e-7 -0.7470628 -2.50477e-4 -0.6647534 0.9045329 1.78308e-4 -0.4264039 -0.3542211 -0.002914726 -0.9351572 -0.3161071 -2.25861e-4 -0.9487235 -0.3039484 -2.20834e-5 -0.9526885 -0.4492807 -0.09973418 -0.8878063 -0.5465552 -0.03795856 -0.8365625 -0.5383276 0.03425306 -0.8420394 -0.6330378 -0.09184682 -0.7686529 -0.6684315 0.01938521 -0.7435212 -0.6544787 -0.001326024 -0.7560794 -0.6449134 0.009831249 -0.7641925 -0.6425172 -0.008782863 -0.7662211 -0.6161275 0.005993485 -0.7876237 -0.6168909 -0.004379391 -0.7870365 -0.6522415 0.002138376 -0.7580084 -0.6472007 -0.005577087 -0.7622992 -0.6432148 -0.01087975 -0.7656085 -0.6432777 0.01708716 -0.7654424 -0.6235537 -0.01278311 -0.7816761 -0.6092196 -0.005047917 -0.7929855 -0.5337272 0.1095774 -0.8385275 -0.5468063 0.02266234 -0.8369525 -0.5960927 9.29994e-4 -0.8029152 -0.5625352 0.001835346 -0.8267714 -0.5453792 -0.003434717 -0.8381825 -0.547793 0.007174968 -0.8365832 -0.5533643 -0.008880376 -0.832892 -0.5561558 0.01119261 -0.8310027 -0.5500326 0.003587245 -0.8351354 -0.5419803 -0.005278468 -0.8403747 -0.5437182 0.001713752 -0.8392662 -0.5660398 -0.007377922 -0.8243449 -0.5624767 -0.01359117 -0.8267015 -0.565028 0.005749881 -0.8250519 -0.5479832 -0.01063501 -0.8364218 -0.4682934 -0.007007956 -0.8835452 -0.4493091 0.09913009 -0.8878596 -0.3170389 0.001516699 -0.9484113 -0.3308339 0.01199454 -0.9436128 -0.3486301 0.106858 -0.931149 -0.3915705 -0.03250086 -0.919574 -0.2307411 -0.006668865 -0.9729924 -0.2503707 0.003745794 -0.9681429 -0.2454856 1.29726e-4 -0.9694003 -0.3029994 -2.11886e-5 -0.9529908 -0.4264159 -3.46325e-4 -0.9045273 -0.4303746 -5.4947e-4 -0.9026503 -0.4335675 -0.001307606 -0.9011201 -0.400891 0.01113837 -0.9160581 -0.4183307 0.003560602 -0.9082878 -0.4295347 0.05039846 -0.9016429 -0.3496235 -0.07598334 -0.933804 -0.3311304 0.05101966 -0.9422047 -0.3550398 -0.003087162 -0.9348461 -0.4002271 5.94481e-4 -0.9164159 0.9214801 -0.1038929 -0.3742736 0.9126212 0.01425462 -0.4085578 0.9065812 -6.12757e-5 -0.4220315 0.9358077 0.005961894 -0.3524607 0.9183651 5.95692e-4 -0.395734 0.8786723 -0.04267805 -0.4755143 0.8766963 -0.06013786 -0.4772704 0.7967513 -0.002478957 -0.6043024 0.8174521 -0.1024674 -0.5668091 0.8340842 0.01485431 -0.5514372 0.7384508 0.004008352 -0.6742954 0.7444 -0.003051698 -0.6677271 0.7654352 -0.009850561 -0.6434376 0.7617809 0.008285045 -0.6477817 0.7480169 -0.009036064 -0.6636183 0.7481185 -0.007704436 -0.6635204 0.7432726 0.005725741 -0.6689642 0.7433598 0.008391261 -0.6688392 0.7517966 -0.007327914 -0.6593544 0.749903 0.01650077 -0.661342 0.7660633 -0.01202583 -0.6426526 0.7673976 0.01575762 -0.640978 0.7751697 6.40259e-4 -0.6317527 0.7501676 -0.1020736 -0.6533222 0.8172268 0.1051053 -0.5666511 0.8398597 -0.01304537 -0.5426469 0.8303431 0.00172615 -0.5572499 0.779872 0.001882135 -0.6259363 0.8329588 0.007851302 -0.5532795 0.8213441 -0.008667171 -0.5703673 0.8194516 0.01006627 -0.57306 0.8098666 5.38769e-4 -0.586614 0.832322 -0.004962265 -0.5542703 0.8588989 1.13883e-4 -0.5121452 0.8627154 5.61064e-4 -0.5056895 0.8504647 0.001064658 -0.526031 0.8348246 -0.001312375 -0.5505146 0.8785169 0.04661458 -0.4754315 0.8786585 0.0522775 -0.4745801 0.9402745 0.004422068 -0.3403887 0.9214364 0.1043465 -0.3742552 0.9171941 -0.01559644 -0.3981356 0.9619636 0.008043229 -0.2730595 0.9648557 0.002319753 -0.2627704 0.962268 7.09539e-4 -0.2721029 0.9543068 -0.005181908 -0.2987838 0.9604675 -0.002362728 -0.278382 0.9590495 0.01685559 -0.2827366 0.9622356 -0.008237481 -0.2720936 0.8986395 -2.55229e-4 -0.4386879 0.898634 -2.58349e-4 -0.4386993 0.9035474 0.002126336 -0.4284832 0.9214159 -0.005139589 -0.388544 0.9333111 -8.432e-4 -0.359068 0.6750795 -0.08055508 -0.733334 0.6850783 -0.01352548 -0.728344 0.5675353 -0.006534934 -0.8233233 0.5884848 -0.112358 -0.8006632 0.6189908 0.02891445 -0.7848659 0.497289 -0.002753794 -0.8675807 0.5158318 0.003417432 -0.8566831 0.5060941 -0.009076774 -0.8624305 0.4999989 -0.002218306 -0.8660232 0.553605 7.84386e-5 -0.8327795 0.5483115 -1.60724e-4 -0.8362742 0.4999992 6.217e-4 -0.8660256 0.6074329 0.005924761 -0.794349 0.5780048 9.27279e-4 -0.8160328 0.650481 4.51658e-4 -0.7595224 0.6527486 9.53513e-4 -0.7575741 0.6368672 -0.004285216 -0.7709616 0.6471731 3.42145e-4 -0.7623431 0.6349318 4.63536e-4 -0.7725681 0.5864619 -0.002354383 -0.8099734 0.5708423 -0.04116868 -0.8200269 0.5897061 0.09231692 -0.8023243 0.6280677 -0.02006715 -0.7778999 0.8264918 0.00639379 -0.5629125 0.8318207 -0.01272928 -0.5548986 0.8159359 0.009808838 -0.5780593 0.8169799 -0.01658058 -0.5764279 0.8074572 0.005644798 -0.5898991 0.7881986 0.001492738 -0.6154193 0.7517021 0.07979482 -0.6546578 0.7457248 8.77705e-4 -0.6662536 0.6772806 -0.001142919 -0.735724 0.6837447 0.1121447 -0.7210526 0.7120847 -8.37256e-4 -0.7020932 0.7420786 9.39184e-4 -0.6703122 -0.820791 -0.00146842 -0.5712269 -0.7862157 -0.08599442 -0.6119396 -0.8556721 -0.006216168 -0.517481 -0.8409937 0.004329025 -0.5410277 -0.851919 7.36969e-4 -0.5236732 -0.8534439 0.00173819 -0.5211818 -0.8608206 -0.00181353 -0.5089055 -0.8508434 -0.01279878 -0.5252634 -0.8474329 -0.02064675 -0.530501 -0.8519186 7.61344e-4 -0.5236738 -0.7732805 -0.005850732 -0.6340373 -0.7848231 0.1044628 -0.6108523 -0.7891461 0.003113687 -0.6141979 -0.814529 -3.31222e-4 -0.5801227 -0.7605167 7.3443e-4 -0.6493182 -0.813714 -0.03322243 -0.5803154 -0.804064 -0.007429182 -0.5944965 -0.7755088 -0.001015424 -0.631336 -0.7510572 4.02118e-4 -0.6602371 -0.7802119 0.006565392 -0.6254808 -0.7221849 0.02084261 -0.6913861 -0.7149007 0.07246088 -0.6954613 -0.5797001 4.25094e-4 -0.8148299 -0.6046072 0.001572132 -0.7965222 -0.611751 0.007443785 -0.7910154 -0.6318305 0.110476 -0.7671932 -0.6595277 -0.0247482 -0.7512729 -0.6936981 -3.11749e-4 -0.7202659 -0.69431 -4.16867e-4 -0.719676 -0.6830297 0.002780079 -0.7303853 -0.6902399 -2.35154e-4 -0.7235806 -0.6795278 -0.001014232 -0.7336491 -0.6577381 -2.02028e-4 -0.7532467 -0.7799587 0.003929972 -0.6258187 -0.7167359 -0.01155179 -0.6972491 -0.7213294 -0.09966903 -0.6853832 -0.7885863 -0.03744244 0.6137832 -0.8139274 5.92659e-4 0.5809663 -0.760302 -8.47969e-4 0.6495693 -0.7643036 -0.003225564 0.6448485 -0.8179268 1.13327e-4 0.5753224 -0.8167189 -1.04394e-4 0.5770357 -0.7774025 0.001902699 0.6290007 -0.8075584 -0.001360058 0.5897861 -0.7952848 -0.01385867 0.6060777 -0.7886761 0.01206523 0.6146906 -0.7677039 2.04209e-4 0.6408048 -0.7684728 -0.008807897 0.6398218 -0.763894 0.01029437 0.6452597 -0.7817853 -0.008271515 0.623493 -0.8062523 0.003293693 0.5915628 -0.7843314 0.1102512 0.6104662 -0.8002873 0.01250451 0.5994865 -0.7833155 -0.01351916 0.6214774 -0.7793878 -0.101729 0.6182281 -0.8200289 -4.40371e-6 0.5723221 -0.821029 -1.31979e-5 0.5708867 -0.8417558 0.005421996 0.5398313 -0.8415284 0.004969954 0.5401902 -0.832612 -3.6452e-4 0.5538569 -0.850908 0.04868876 0.5230537 -0.8494263 0.01287895 0.5275502 -0.8191089 -3.43705e-5 0.5736382 -0.8305469 -2.07112e-4 0.5569487 -0.8389072 -0.002245843 0.54427 -0.8443831 -0.005030214 0.5357162 -0.8437392 -0.004299938 0.5367363 -0.8416728 0.001130402 0.5399867 -0.9027249 -0.06006705 0.4260045 -0.9084261 0.0552603 0.4143773 -0.9544484 -2.03596e-4 0.2983761 -0.9529878 6.92403e-5 0.303009 -0.9494067 -5.38828e-4 0.3140491 -0.9548123 5.98982e-6 0.2972097 -0.9489982 0.002500474 0.3152718 -0.9457024 0.01150614 0.3248302 -0.9406644 0.062487 0.3335357 -0.9406816 -0.002697885 0.33928 -0.9434598 -0.001232326 0.3314848 -0.9252032 -2.43002e-5 0.3794724 -0.9112607 -0.00571531 0.4117904 -0.9113776 -0.005391418 0.4115358 -0.9185266 9.98229e-4 0.395358 -0.9035925 -0.04111307 0.4264156 -0.9048807 -0.02584391 0.4248802 -0.926308 1.66147e-5 0.3767671 -0.9183207 3.6131e-4 0.3958372 -0.9107259 0.003751754 0.4129943 -0.9086008 0.005779981 0.4176257 -0.9096564 0.003998398 0.4153426 -0.9112268 -0.001189351 0.4119036 -0.8496069 0.07359409 0.5222567 -0.8424087 -0.06216925 0.535241 -0.6366305 0.004752039 0.7711544 -0.6357157 -0.005245089 0.7719055 -0.6410441 0.07412409 0.7639163 -0.5800804 -0.03314691 0.8138846 -0.5682853 -0.04604047 0.8215426 -0.5856933 -0.02951335 0.8099952 -0.6129661 -0.008723318 0.7900611 -0.6292717 0.001266479 0.7771845 -0.6352177 0.004262566 0.7723215 -0.732795 -0.08648151 0.6749315 -0.7133734 0.09742611 0.6939788 -0.7283092 -2.72586e-4 0.6852487 -0.7252466 -5.41749e-4 0.688489 -0.7229557 -0.001283943 0.6908932 -0.7443456 0.009815096 0.6677225 -0.7337247 0.00340867 0.6794384 -0.7474301 8.79714e-4 0.6643399 -0.7587061 -2.89261e-4 0.651433 -0.7277954 0.02752697 0.6852416 -0.7142467 -0.08406275 0.6948274 -0.6357212 0.0011909 0.7719178 -0.6358438 0.002431869 0.7718141 -0.5281842 7.1449e-4 0.8491295 -0.5445847 0.002056777 0.8387033 -0.617899 6.5876e-4 0.7862573 -0.5469484 -5.2545e-4 0.8371663 -0.5672855 0.00548011 0.8235031 -0.5201627 -9.11514e-4 0.8540668 -0.5276595 -0.003207683 0.84945 -0.5371808 -0.008468866 0.8434247 -0.5467814 -0.02478557 0.8369085 -0.5180858 -0.04554545 0.8541153 0.6810386 -0.06581348 0.7292839 0.6772733 -0.005349814 0.7357122 0.6645552 -0.008058726 0.7471958 0.6694942 0.004119217 0.7428059 0.6645621 -0.008151412 0.7471887 0.6660293 0.01109164 0.7458432 0.6654978 0.009353876 0.7463412 0.6672423 -0.005471289 0.7448207 0.6703167 0.004955172 0.7420586 0.6709309 -3.50484e-4 0.7415199 0.6704773 -0.0018031 0.7419279 0.7509225 -0.09179145 0.65398 0.7678785 0.08261406 0.6352462 0.844156 -6.97236e-4 0.5360973 0.8361638 5.87899e-4 0.5484796 0.8177253 0.003139317 0.5756003 0.8477325 -1.56136e-4 0.5304242 0.846125 7.83018e-5 0.5329847 0.8373799 -0.003394961 0.5466108 0.8315488 -0.01281487 0.5553041 0.8170006 -0.1076781 0.5664939 0.7638347 2.09932e-4 0.6454119 0.7599896 4.64494e-4 0.6499352 0.7578598 0.001038253 0.6524168 0.7713368 -0.004361093 0.6364123 0.7850121 2.31184e-4 0.6194806 0.7818509 -3.64161e-4 0.6234654 0.8239735 9.14822e-4 0.5666278 0.8214409 0.0286386 0.5695742 0.7632545 -0.02321791 0.6456807 0.7518243 0.07776153 0.6547622 0.6772204 -0.01352638 0.735656 0.6750429 0.01086372 0.7376986 0.5902904 0.08100485 0.8031162 0.571545 0.003540039 0.8205631 0.5652613 8.73327e-4 0.8249114 0.5763398 -1.12921e-4 0.8172102 0.589433 -0.001560807 0.8078159 0.6051731 0.007261693 0.7960609 0.623298 4.44273e-4 0.7819843 0.6027573 -0.009507358 0.797868 0.6580225 -8.84268e-4 0.7529978 0.5776117 0.00950694 0.8162563 0.5758088 -0.01905304 0.8173624 0.5985102 0.0185135 0.8009014 0.5982962 0.03322285 0.800586 0.4974014 0.1018467 0.8615215 0.5218446 -0.0634396 0.8506783 0.4124968 -0.03678786 0.9102159 0.4012158 0.0487914 0.9146832 0.275634 0.001393556 0.9612617 0.2872551 -0.001219928 0.9578534 0.3065121 -0.003053724 0.9518619 0.298516 0.001024246 0.9544041 0.3263686 -0.006166517 0.9452226 0.2849909 0.004873752 0.9585179 0.294767 0.01117241 0.955504 0.3036831 0.02402806 0.9524701 0.2984426 -0.0219267 0.9541758 0.4104727 -0.005973398 0.9118533 0.4101545 -0.005862414 0.9119973 0.4016476 -0.01503705 0.9156709 0.4119958 -0.1252889 0.902531 0.3539828 0.03189259 0.934708 0.3492763 0.03724884 0.9362792 0.3659495 0.02224189 0.930369 0.3850827 0.008179426 0.9228459 0.4011311 -0.001557409 0.9160194 0.3896695 -0.00126636 0.920954 0.484326 0.004559457 0.8748758 0.4976146 -0.097548 0.8618957 0.6427094 -2.87702e-4 0.7661101 0.6577152 0.002882421 0.7532613 0.6283462 -4.15488e-4 0.7779338 0.6179568 -0.002928316 0.7862066 0.6107192 -0.01165509 0.7917615 0.5886165 -0.1103566 0.8008447 0.5570996 0.03416973 0.8297424 0.5267162 1.09164e-4 0.8500413 0.5209608 4.35035e-4 0.8535805 0.5185732 9.07675e-4 0.8550329 0.5354367 -0.004106402 0.8445654 0.5547441 3.37215e-4 0.8320209 0.5420296 -0.001412272 0.8403583 0.5628536 2.69155e-4 0.8265566 -0.5156904 0 0.8567751 -0.4515339 0 0.8922541 -0.3506376 0 0.9365113 -0.3506362 0 0.9365118 -0.2454868 0 0.9694 -0.2454839 0 0.9694007 -0.1373533 0 0.9905222 -0.1373548 0 0.9905219 -0.02755284 0 0.9996204 -0.02755588 0 0.9996203 0.08257973 0 0.9965845 0.1917098 0 0.9814518 0.1917113 0 0.9814514 0.2701585 0 0.9628159 -0.8638116 0 -0.5038152 -0.9043571 0 -0.4267766 -0.9043573 0 -0.4267763 -0.9458175 0 -0.3246991 -0.9458175 0 -0.3246988 -0.9757965 0 -0.2186811 -0.9757965 0 -0.2186812 -0.9939307 0 -0.1100084 -0.9939307 0 -0.1100084 -1 0 0 -0.9939307 0 0.1100084 -0.9939307 0 0.1100084 -0.9745907 0 0.2239938 -0.9738633 4.17193e-4 0.2271351 -0.952898 -8.73302e-5 0.303291 -0.2457421 3.07535e-5 -0.9693353 -0.2454839 0 -0.9694007 -0.1373533 0 -0.9905222 -0.1373548 0 -0.9905219 -0.02755284 0 -0.9996204 -0.02755588 0 -0.9996203 0.08257973 0 -0.9965845 0.1917098 0 -0.9814518 0.1917113 0 -0.9814514 0.2985149 0 -0.954405 0.4016945 0 -0.9157738 0.4918563 0 -0.8706765 0.8497313 0 0.5272161 0.8794738 0 0.4759474 0.926494 0 0.3763096 0.9264939 0 0.3763101 0.9622682 0 0.2721028 0.9622682 0 0.272103 0.9863613 0 0.1645948 0.9984816 0 0.05508738 0.9984816 0 -0.05508738 0.9863613 0 -0.1645948 0.96645 0 -0.256855 -0.5656439 -0.703185 -0.4307876 -0.3767513 -0.8756635 -0.3021124 -0.5230723 -0.7612503 -0.3832668 -0.3298733 -0.8692737 -0.3681671 -0.3481624 -0.8607126 -0.3714255 -0.4200296 -0.7987415 -0.4307984 -0.4667346 -0.7114042 -0.5254169 -0.4902873 -0.6942725 -0.5268815 -0.5723607 -0.5794352 -0.5802226 -0.6770743 -0.3135621 -0.6657698 -0.6111936 -0.4514281 -0.6501194 -0.5859376 -0.4721854 -0.6585727 -0.39322 -0.8603031 -0.3244332 -0.4368095 -0.8242561 -0.3602769 -0.5779405 -0.666457 -0.4709778 -0.6319389 -0.5791786 -0.5149809 -0.3325421 -0.8886272 -0.3158442 -0.4695264 -0.7685071 -0.4346744 -0.5277677 -0.6940539 -0.4896432 -0.5092985 -0.713758 -0.4807958 -0.5927822 -0.579182 -0.5596048 -0.5927792 -0.5791829 -0.559607 -0.6489077 -0.451276 -0.6125921 -0.7194932 -0.4514868 -0.5277208 -0.6917705 -0.4512767 -0.5637402 -0.6681727 -0.5819404 -0.463563 -0.6687868 -0.5791462 -0.4661694 -0.631936 -0.5791825 -0.5149802 -0.6917704 -0.4512758 -0.563741 -0.6489062 -0.4512817 -0.6125892 -0.6956938 -0.2909963 -0.6567583 -0.6904667 -0.359406 -0.6277604 -0.7808761 -0.3262985 -0.532693 -0.7798442 -0.3465945 -0.521263 -0.7442729 -0.2796126 -0.6065267 -0.7372624 -0.356195 -0.5740813 -0.5637277 0.3395337 -0.7529462 -0.589785 0.290948 -0.753328 -0.5510293 0.4513352 -0.7018998 -0.5361856 0.4753416 -0.6975352 -0.5216275 0.5794366 -0.6262253 -0.45831 0.6732936 -0.5801964 -0.3163151 0.8774514 -0.3605881 -0.383709 0.8669905 -0.3179542 -0.3965092 0.8588168 -0.3243673 -0.4523501 0.7989509 -0.3963041 -0.5493714 0.710107 -0.4403854 -0.5514074 0.6942817 -0.462518 -0.6082405 0.5794321 -0.5424961 -0.6442908 0.4189305 -0.6398333 -0.7107517 0.2891939 -0.6412481 -0.6747613 0.4923648 -0.5497946 -0.6190897 0.3490519 -0.7034847 -0.3492189 0.8557718 -0.381708 -0.391032 0.8150477 -0.4275411 -0.4032866 0.7943899 -0.4542078 -0.4758921 0.6939827 -0.5402913 -0.4644848 0.720793 -0.5145011 -0.5462741 0.5791747 -0.6050962 -0.5462732 0.5791761 -0.6050957 -0.597994 0.4512735 -0.6623861 -0.5979949 0.4512709 -0.6623872 -0.6381934 0.304928 -0.7069145 -0.6948301 0.2934082 -0.6565995 -0.6507201 0.4511428 -0.6107648 -0.6559946 0.4207291 -0.6266244 -0.5894816 0.5791737 -0.5630891 -0.58948 0.5791748 -0.5630896 -0.5205022 0.6941709 -0.4971963 -0.5204992 0.6941725 -0.4971975 -0.4570795 0.7748845 -0.4366146 -0.3284307 0.8907604 -0.3141329 0.6812729 0.5474282 -0.4859935 0.6557388 0.5839443 -0.478556 0.6583387 0.5971619 -0.4582443 0.6776779 0.5368148 -0.5025759 0.7173569 0.4843961 -0.5007591 0.7259042 0.426651 -0.5394738 0.7686357 0.3246465 -0.551184 0.7766369 0.3106644 -0.5480172 0.7903447 0.1534488 -0.5931348 0.8135915 0.08506029 -0.5751814 0.8007639 -0.03595095 -0.5979005 0.809508 -0.1076628 -0.577153 0.788873 -0.2006887 -0.5808644 0.7898153 -0.2136524 -0.5749301 0.7699219 -0.3126981 -0.5562735 0.7650145 -0.3209493 -0.5583407 0.7477558 -0.3912762 -0.5364365 0.7475056 -0.383206 -0.5425759 0.7476277 -0.3793733 -0.5450952 0.7432187 -0.3853001 -0.5469644 0.7390295 -0.4057212 -0.5377971 0.7716036 -0.3095529 -0.5557024 0.771169 -0.2919506 -0.5657414 0.7938274 -0.2074564 -0.5716643 0.7926555 -0.1789309 -0.5828216 0.8027804 -0.03044241 -0.5954974 0.8088728 -0.09975451 -0.57946 0.8135529 0.05421608 -0.5789579 0.7972928 0.1254854 -0.5904047 0.7911292 0.2452614 -0.5603226 0.7740229 0.2790738 -0.5683365 0.7347429 0.4220845 -0.5310346 0.7231301 0.4362305 -0.535524 0.6486481 0.573207 -0.500689 -0.4855796 -0.5471435 0.6817966 -0.4559535 -0.5977876 0.6593607 -0.4881814 -0.575617 0.6560061 -0.5050576 -0.4959666 0.7063526 -0.5199838 -0.4784502 0.7076032 -0.5597851 -0.2453799 0.7914729 -0.560209 -0.3460091 0.7526245 -0.5334943 -0.3939821 0.7484397 -0.5742849 0.1281905 0.8085567 -0.5960035 0.02452498 0.8026074 -0.5778589 -0.07306498 0.8128596 -0.5926966 -0.152379 0.7908801 -0.5807651 0.1483234 0.8004449 -0.5565142 0.3365572 0.7596192 -0.5520812 0.3022478 0.7770797 -0.5719785 0.2600436 0.7779576 -0.5366614 0.3921986 0.747111 -0.5414119 0.3857417 0.7470452 -0.5373712 0.4038928 0.7403397 -0.5464733 0.369064 0.7517703 -0.549346 0.3855255 0.7413429 -0.5606297 0.298717 0.7723099 -0.5641915 0.2924981 0.7720965 -0.5711739 0.2059485 0.7945727 -0.5831961 0.1781855 0.792548 -0.5815635 0.06169152 0.8111585 -0.5923532 0.03205889 0.8050404 -0.5800774 -0.09927326 0.8084894 -0.5888057 -0.1473096 0.7947375 -0.5661839 -0.2193782 0.7945495 -0.5589443 -0.3250436 0.7628421 -0.5620708 -0.3489261 0.7498847 -0.521538 -0.4299363 0.7369892 -0.5183418 -0.4964308 0.696332 -0.4921597 -0.580128 0.6490227 -0.7054728 -0.2010559 -0.6796211 -0.6770663 -0.242317 -0.694884 -0.6955645 -0.1319586 -0.7062416 -0.7029071 -0.1580081 -0.6935092 -0.7000836 -0.1621462 -0.6954076 -0.7027162 -0.105057 -0.7036711 -0.6644787 -0.04626047 -0.7458741 -0.6541003 0.002908587 -0.7564023 -0.6605674 0.0127654 -0.7506584 -0.6154044 0.1070281 -0.7809113 -0.5905862 0.1815809 -0.78628 -0.6016418 0.1643226 -0.7816811 -0.5950268 0.1442201 -0.7906603 -0.5916133 0.2104002 -0.7782837 -0.7215552 0.2320917 -0.6522971 -0.7246372 0.1643368 -0.6692491 -0.7290145 0.1733186 -0.6621923 -0.7449882 0.09530854 -0.660234 -0.7357507 0.1111115 -0.6680758 -0.738986 0.1317926 -0.6607046 -0.789452 -0.004738688 -0.6137942 -0.8176255 -0.1252034 -0.5619722 -0.8072997 -0.1001569 -0.5815805 -0.8134377 -0.1838957 -0.5518167 -0.8123676 -0.1600942 -0.5607395 -0.8112272 -0.157993 -0.5629822 -0.8038164 -0.2107843 -0.5562815 -0.8035371 -0.210043 -0.5569652 -0.6456807 0.2089663 -0.7344586 -0.5981977 0.2182117 -0.7710663 -0.6930491 0.2068258 -0.6905839 -0.635841 0.2204985 -0.7396531 -0.643029 0.164268 -0.7480173 -0.6430307 0.1642686 -0.7480156 -0.647852 0.1110832 -0.7536235 -0.6380278 0.09774726 -0.7637841 -0.6455585 0.05715173 -0.7615694 -0.648415 0.06466335 -0.7585359 -0.6940943 -0.08897078 -0.714365 -0.6961523 -0.05595302 -0.7157103 -0.6997733 -0.05128914 -0.7125214 -0.7006926 0.002910196 -0.7134574 -0.7006923 0.002909362 -0.7134577 -0.6995487 0.05716645 -0.7122946 -0.6995502 0.05716598 -0.7122932 -0.6963591 0.1110826 -0.7090449 -0.6963589 0.1110814 -0.7090454 -0.6911771 0.1642685 -0.7037686 -0.6911777 0.1642681 -0.703768 -0.6841203 0.2162204 -0.6965833 -0.7200499 0.2162945 -0.659352 -0.715928 0.2113738 -0.6654084 -0.746897 0.04980283 -0.6630721 -0.7492141 0.05715292 -0.6598575 -0.7549024 0.01550352 -0.655654 -0.7464231 0.002910673 -0.6654654 -0.7454441 -0.05129086 -0.6645919 -0.7454444 -0.05128705 -0.6645919 -0.7422975 -0.1050335 -0.6617873 -0.7422987 -0.1050316 -0.6617862 -0.7370567 -0.1579456 -0.6571154 -0.7370561 -0.1579483 -0.6571154 -0.7301735 -0.2075428 -0.6509783 -0.6917035 -0.2109606 -0.6906822 -0.7261592 -0.2111176 -0.6543105 -0.768451 -0.2136343 -0.6031943 -0.7711632 -0.2107285 -0.6007502 -0.778976 -0.157944 -0.6068361 -0.7789741 -0.1579481 -0.6068375 -0.784514 -0.1050322 -0.6111516 -0.793009 -0.09318011 -0.6020417 -0.7906188 -0.05128097 -0.6101574 -0.787318 -0.05966442 -0.6136535 -0.5844269 -0.7032413 0.4048419 -0.5263037 -0.7610651 0.3791893 -0.4386203 -0.874973 0.2050232 -0.4536227 -0.8665686 0.2080513 -0.5391868 -0.7992956 0.2653381 -0.6445389 -0.7102521 0.2830401 -0.6526075 -0.6942664 0.303476 -0.7286892 -0.5794421 0.3650465 -0.8424091 -0.3135705 0.4382017 -0.8071701 -0.4514207 0.380389 -0.8074037 -0.4721892 0.3537467 -0.4110197 -0.8732306 0.2617848 -0.4117526 -0.8727968 0.2620792 -0.4768823 -0.8250567 0.3030923 -0.6265177 -0.666459 0.4041141 -0.6850574 -0.5791779 0.4418704 -0.5563029 -0.7705776 0.3110265 -0.6287737 -0.6940476 0.3506303 -0.6146409 -0.7137632 0.3357957 -0.7153964 -0.5791823 0.3908401 -0.7153964 -0.5791814 0.3908416 -0.7831311 -0.4512796 0.4278463 -0.7242308 -0.4514782 0.5212076 -0.7499152 -0.4512818 0.4837064 -0.647533 -0.5817496 0.4922077 -0.6500175 -0.5791503 0.4919983 -0.685054 -0.5791836 0.4418681 -0.7499165 -0.4512796 0.4837065 -0.7831301 -0.4512818 0.4278461 -0.8395944 -0.2910013 0.4586934 -0.8104023 -0.3594036 0.4626848 -0.7479246 -0.3263026 0.5780445 -0.7367392 -0.3465829 0.5805994 -0.8068345 -0.2796127 0.5204179 -0.7738105 -0.3561908 0.5237801 -0.890295 0.3395349 0.3034647 -0.8987121 0.2909455 0.3281272 -0.8378219 0.4513379 0.3071621 -0.8290876 0.4753366 0.2943963 -0.7567665 0.5794382 0.302582 -0.6934259 0.6732932 0.256587 -0.4104465 0.875244 0.255894 -0.421008 0.8670004 0.2665756 -0.5162586 0.7994074 0.3072866 -0.5885986 0.7101062 0.3863947 -0.6102755 0.6942825 0.3814914 -0.7038995 0.579433 0.410832 -0.8076171 0.4189212 0.415042 -0.8294984 0.2891904 0.4778092 -0.7313959 0.4923686 0.4718403 -0.8603634 0.3490518 0.3713995 -0.8695301 0.3049221 0.3885102 -0.8147571 0.4512739 0.3640369 -0.8147595 0.4512681 0.3640388 -0.7442886 0.5791755 0.3325512 -0.744289 0.5791739 0.3325532 -0.632859 0.720787 0.2827642 -0.6609044 0.6939854 0.2856392 -0.5564002 0.7945536 0.2431118 -0.5259678 0.8160689 0.2395613 -0.4442575 0.8727133 0.2025016 -0.442529 0.8738696 0.2012956 -0.5552486 0.7760334 0.2991174 -0.6337074 0.6941695 0.341385 -0.6337028 0.6941754 0.3413817 -0.7176877 0.5791763 0.3866257 -0.7176901 0.5791734 0.3866254 -0.7986671 0.420733 0.4302495 -0.7819568 0.4511398 0.4301356 -0.8391725 0.2934272 0.4579193 -0.2518956 0.5465057 -0.7986741 -0.2484853 0.5791772 -0.7764077 -0.2236194 0.5900227 -0.7758013 -0.2745546 0.5416761 -0.7944853 -0.267039 0.4263133 -0.8642612 -0.2740107 0.4190926 -0.8656095 -0.2989143 0.3283964 -0.8959944 -0.28723 0.246784 -0.925525 -0.3193222 0.1533223 -0.9351607 -0.2983506 0.07317191 -0.9516475 -0.3211895 -0.03595095 -0.9463324 -0.2923501 -0.1270449 -0.947835 -0.3146849 -0.1994654 -0.9280016 -0.2862516 -0.2998273 -0.910035 -0.2950064 -0.3208541 -0.9000133 -0.2815935 -0.4056419 -0.8695745 -0.2806888 -0.3888203 -0.877515 -0.2848459 -0.3832105 -0.8786425 -0.2922877 -0.3876591 -0.8742359 -0.2878473 -0.3794287 -0.8793054 -0.2897177 -0.3095065 -0.9056873 -0.2997463 -0.2908243 -0.9086108 -0.2983761 -0.2074576 -0.9316294 -0.3093511 -0.1789258 -0.9339633 -0.3182785 -0.03044319 -0.9475083 -0.301144 -0.09975749 -0.9483463 -0.2992203 0.05421668 -0.9526425 -0.3151307 0.1254783 -0.9407167 -0.2884278 0.2452621 -0.9255571 -0.3012912 0.2789603 -0.9118141 -0.2780304 0.4220703 -0.8628764 -0.2860131 0.4364105 -0.8530783 -0.2750789 0.5733647 -0.7717414 0.4983736 -0.5471457 0.6724993 0.4872155 -0.6009811 0.6335952 0.4729474 -0.5757604 0.6669489 0.5124123 -0.4781714 0.7132923 0.516009 -0.4967173 0.6978587 0.5469536 -0.3939717 0.7386664 0.5426754 -0.3460094 0.7653633 0.5797539 -0.2453693 0.7769681 0.569018 -0.1523821 0.8080831 0.5945083 -0.07305592 0.800764 0.5791488 0.02452546 0.8148529 0.5915191 0.1281877 0.796036 0.5818001 0.1483274 0.7996922 0.5631309 0.2600409 0.7843866 0.5682826 0.3008012 0.765881 0.5502232 0.336511 0.7642086 0.5453972 0.3920071 0.7408592 0.543796 0.3856775 0.7453449 0.5461446 0.3689112 0.7520843 0.5361038 0.3842181 0.7516443 0.5377539 0.404044 0.7399792 0.5612636 0.2987173 0.7718492 0.5595654 0.2906289 0.7761583 0.5796472 0.2058662 0.788434 0.5740119 0.175719 0.7997708 0.5917453 0.06169509 0.8037608 0.5825948 0.03206485 0.81213 0.5896639 -0.09927231 0.8015245 0.57389 -0.1472914 0.8055778 0.5807019 -0.2193809 0.784001 0.5527844 -0.3250453 0.7673168 0.5394905 -0.3489242 0.7662912 0.5397536 -0.4299346 0.7237557 0.5020722 -0.4964355 0.7081491 0.4651899 -0.5801121 0.6686317 -0.8643605 -0.201057 0.4609308 -0.8700987 -0.2423144 0.4291993 -0.8866173 -0.1319561 0.4432804 -0.8767767 -0.1580078 0.4541984 -0.8777099 -0.1621455 0.450926 -0.8863813 -0.1050594 0.4508777 -0.9146832 -0.0462737 0.4015138 -0.9215092 0.002910196 0.3883458 -0.9180605 0.01271998 0.3962363 -0.9328857 0.1070516 0.3438958 -0.9302973 0.1815831 0.3187075 -0.9293416 0.1643202 0.3306408 -0.9358016 0.1443331 0.321626 -0.9230117 0.2103956 0.3221538 -0.8433447 0.2320963 0.4846662 -0.8604192 0.1643372 0.482361 -0.85506 0.1733178 0.4887058 -0.8581343 0.09530705 0.5045019 -0.8627375 0.1111108 0.4932934 -0.8567263 0.1317954 0.4986484 -0.8276748 -0.004777491 0.5611878 -0.7871276 -0.1252008 0.6039495 -0.8025872 -0.1001524 0.5880674 -0.7761755 -0.1838936 0.6031043 -0.7843297 -0.1600973 0.5993297 -0.7861106 -0.1579942 0.5975516 -0.7774471 -0.2107849 0.5925757 -0.7780136 -0.2100406 0.5920962 -0.8980371 0.2089678 0.38712 -0.9181809 0.2182144 0.3306453 -0.8709484 0.2068219 0.4457283 -0.8999375 0.2204984 0.3761556 -0.9101131 0.1642669 0.3804084 -0.9101133 0.1642672 0.3804076 -0.9169364 0.1110833 0.3832598 -0.9235631 0.09774625 0.370779 -0.9237846 0.05715322 0.3786233 -0.9217816 0.06466406 0.3822791 -0.8938895 -0.08896905 0.4393701 -0.8958047 -0.05595475 0.4409118 -0.8938897 -0.05128639 0.4453439 -0.8950637 0.002911031 0.4459289 -0.8950642 0.002907693 0.4459279 -0.8936046 0.05716723 0.4451999 -0.8936044 0.05716472 0.4452004 -0.8895286 0.1110833 0.4431697 -0.889529 0.1110805 0.4431698 -0.8829087 0.1642703 0.4398722 -0.8829091 0.1642676 0.4398724 -0.8738947 0.2162222 0.4353803 -0.8495891 0.2162945 0.4810562 -0.8540755 0.211372 0.4752654 -0.8614251 0.04977363 0.5054401 -0.8590726 0.05715095 0.5086532 -0.8568419 0.01550519 0.5153462 -0.8635535 0.002909779 0.504249 -0.8624202 -0.05128741 0.5035884 -0.862419 -0.0512889 0.5035902 -0.8587795 -0.1050333 0.5014637 -0.85878 -0.1050336 0.5014628 -0.852717 -0.1579454 0.4979227 -0.8527165 -0.1579458 0.4979233 -0.8447535 -0.2075417 0.4932727 -0.8706268 -0.2109626 0.444414 -0.8466817 -0.2111172 0.4884257 -0.8111356 -0.2136349 0.5444439 -0.8096507 -0.2107284 0.5477768 -0.8178526 -0.1579459 0.5533264 -0.8178529 -0.1579465 0.5533258 -0.8236674 -0.1050308 0.5572617 -0.8176288 -0.09317731 0.5681561 -0.8246108 -0.05128282 0.5633714 -0.8269273 -0.05970275 0.5591307 3.19755e-7 -1 0 3.35146e-7 -1 0 0 -1 -1.58813e-7 0 -1 3.17349e-7 0 -1 -4.75105e-7 3.6177e-7 -1 1.42481e-6 0 -1 1.86493e-7 0 -1 1.87688e-7 0 -1 3.7742e-7 0 -1 -3.14044e-7 0 -1 -3.17479e-7 0 -1 -3.7323e-7 0 -1 3.74331e-7 0 -1 -3.16147e-7 0 -1 -3.75993e-7 0 -1 3.14991e-7 -1.97552e-7 -1 -5.65257e-7 0 -1 0 0 -1 0 0 -1 0 0 -1 -6.32293e-7 0 -1 4.72486e-7 0 -1 0 0 -1 3.17348e-7 0 -1 -1.58369e-7 0 -1 -1.57899e-7 0 -1 1.58813e-7 0 -1 -7.54841e-7 0 -1 1.58073e-7 0 -1 1.57495e-7 0 -1 3.14044e-7 0 -1 -3.16737e-7 0 -1 -3.15797e-7 0 -1 0 0 -1 3.17479e-7 0 -1 -6.27037e-7 0 -1 0 0 -1 0 0 -1 0 0 -1 1.78009e-7 0 -1 -1.77419e-7 0 -1 0 0 -1 0 0 1 0 0 1 0 0 1 -8.06675e-7 0 1 0 0 1 1.30844e-7 0 1 -8.09772e-7 0 1 5.00402e-7 0 1 1.95178e-7 0 1 -1.29584e-7 0 1 8.2207e-7 0 1 0 0 1 3.49455e-7 0 1 1.74499e-7 0 1 -5.22337e-7 0 1 8.12392e-7 0 1 -3.47141e-7 0 1 -3.45753e-7 2.69358e-5 1 -7.57927e-6 0 1 0 0 1 -1.30707e-7 0 1 8.14743e-7 0 1 1.29866e-7 -5.18684e-6 1 -5.74941e-5 0 1 2.01642e-7 0 1 2.01982e-7 0 1 -1.74417e-7 0 1 4.05049e-7 0 1 -3.47982e-7 0 1 4.06641e-7 0 1 1.73411e-7 0 1 -4.08752e-7 0 1 1.72679e-7 0 1 -3.49455e-7 0 1 3.4932e-7 4.40499e-5 1 6.96441e-5 0 1 1.74782e-7 0 1 3.49266e-7 0 1 -1.74325e-7 0 1 3.47721e-7 0 1 -8.1424e-7 0 1 3.46484e-7 0 1 3.48447e-7 0 1 -4.05782e-7 0 1 1.73064e-7 0 1 -4.10006e-7 0 1 -1.74782e-7 0 1 -3.49072e-7 0 1 -2.0517e-7 -0.361624 -0.8693585 0.3368147 -0.4293949 -0.799816 0.4194218 -0.5253877 -0.7116891 0.4663333 -0.5268847 -0.6942725 0.490284 -0.5802232 -0.5794341 0.5723612 -0.6657692 -0.3135636 0.6770741 -0.6501122 -0.4514235 0.6112046 -0.6585687 -0.4721952 0.5859344 -0.4283344 -0.6691668 0.6072441 -0.3055182 -0.8776359 0.3693427 -0.3088871 -0.8737909 0.3756038 -0.3693713 -0.813484 0.449231 -0.3793442 -0.794622 0.4739977 -0.4477577 -0.6939852 0.5638241 -0.4372789 -0.7217035 0.5365923 -0.5149816 -0.5791806 0.6319367 -0.3464564 -0.8788387 0.3280403 -0.4329735 -0.7760044 0.4586405 -0.4941204 -0.6941776 0.5234144 -0.4941199 -0.6941782 0.523414 -0.5596071 -0.5791788 0.5927832 -0.5596049 -0.5791841 0.5927801 -0.6125882 -0.4512813 0.6489076 -0.5014409 -0.4743499 0.723567 -0.5155079 -0.4513463 0.7283805 -0.5637416 -0.4512805 0.6917668 -0.4880866 -0.5794297 0.6527119 -0.514981 -0.5791807 0.631937 -0.5637393 -0.4512816 0.691768 -0.6125918 -0.4512782 0.6489063 -0.6567592 -0.2909951 0.6956934 -0.6277607 -0.3594056 0.6904667 -0.5516326 -0.291076 0.7816498 -0.5212761 -0.3465802 0.7798419 -0.6065276 -0.279608 0.744274 -0.5740817 -0.3561936 0.7372628 -0.3130597 0.873351 0.3731645 -0.3128287 0.8736282 0.3727091 -0.3961219 0.7992917 0.4519073 -0.4338439 0.714728 0.548583 -0.4626161 0.6942818 0.5513249 -0.5424531 0.5794373 0.6082739 -0.6398336 0.4189267 0.6442931 -0.6412466 0.2892012 0.7107501 -0.5496382 0.4924978 0.6747917 -0.7529408 0.3395276 0.5637385 -0.7533246 0.2909609 0.589783 -0.7018983 0.4513372 0.5510296 -0.697532 0.4753555 0.5361776 -0.6262258 0.5794373 0.5216259 -0.5801866 0.6733023 0.4583095 -0.7034874 0.3490463 0.6190899 -0.7069138 0.3049294 0.6381936 -0.6623876 0.4512701 0.5979951 -0.6623868 0.4512696 0.5979963 -0.6050965 0.5791755 0.5462728 -0.6050956 0.5791742 0.5462753 -0.5145007 0.7207957 0.4644809 -0.5402925 0.6939811 0.4758933 -0.4541277 0.7944685 0.4032218 -0.4262608 0.8159713 0.3905032 -0.355122 0.8761979 0.3258309 -0.3590266 0.8726891 0.3309285 -0.4358454 0.7757904 0.4562763 -0.4971952 0.6941724 0.5205014 -0.4971977 0.6941729 0.5204985 -0.5630873 0.5791749 0.5894821 -0.5630906 0.5791738 0.5894801 -0.6266245 0.4207291 0.6559945 -0.6107648 0.451142 0.6507206 -0.6565987 0.2934147 0.694828 0.6441268 -0.5859411 0.4917048 0.8128545 -0.07317841 0.5778517 0.802604 0.02454388 0.5960071 0.8085631 0.128175 0.5742794 0.8004438 0.1483281 0.5807657 0.7779583 0.2600282 0.5719844 0.7771382 0.3008133 0.5527818 0.7594473 0.3365135 0.5567751 0.7404138 0.4038938 0.5372683 0.7475836 0.3904365 0.5372877 0.7474815 0.3857653 0.5407927 0.7517803 0.3690301 0.5464826 0.7405422 0.3867421 0.5495706 0.7723147 0.2987115 0.560626 0.7720322 0.2906431 0.5652371 0.7949025 0.2058744 0.5707416 0.7930427 0.1757916 0.5832501 0.8111705 0.06165409 0.5815508 0.8050612 0.0320512 0.5923253 0.808463 -0.09925645 0.5801171 0.7947554 -0.1470913 0.5888362 0.7945602 -0.2193955 0.5661624 0.7628324 -0.3250472 0.5589554 0.7476711 -0.3528556 0.5625664 0.7373741 -0.42955 0.5213121 0.6733108 -0.5358286 0.509451 0.7311659 -0.5018977 0.4620555 0.7908834 -0.1523966 0.5926877 0.7914659 -0.2453561 0.5598056 0.7606164 -0.3273273 0.5606423 0.741167 -0.4165991 0.5264188 0.7398809 -0.4183114 0.52687 0.6701254 -0.5884818 0.4523506 0.6707857 -0.5390794 0.5093527 0.6630177 -0.5779294 0.4758205 -0.4908429 0.5883701 -0.6425682 -0.4776409 0.5528426 -0.6828062 -0.5591989 0.2467584 -0.7914587 -0.5926654 0.1533384 -0.790718 -0.5778172 0.07329547 -0.8128685 -0.5979048 -0.03597682 -0.8007594 -0.5709345 -0.1270312 -0.8111084 -0.5860454 -0.1994659 -0.7853435 -0.5508707 -0.3069151 -0.7761088 -0.5560436 -0.3211249 -0.7666123 -0.546845 -0.3830581 -0.7444642 -0.545486 -0.3794105 -0.7473237 -0.5460456 -0.3811315 -0.7460383 -0.5395717 -0.3994175 -0.7411667 -0.5319692 -0.4055383 -0.7433354 -0.5554068 -0.3095025 -0.7718365 -0.5658372 -0.2908325 -0.771521 -0.5716743 -0.2074745 -0.7938154 -0.5828275 -0.1789782 -0.7926406 -0.5954765 -0.03041291 -0.8027969 -0.5794484 -0.0997439 -0.8088824 -0.5789784 0.05420398 -0.8135393 -0.5904299 0.1253274 -0.797299 -0.5603156 0.2452691 -0.7911319 -0.5683132 0.2789922 -0.7740695 -0.5310595 0.4220692 -0.7347335 -0.538241 0.4448577 -0.71582 -0.5611733 0.3284075 -0.7597587 -0.5280828 0.4191074 -0.7385646 -0.5210214 0.426344 -0.7394373 -0.4522646 0.590052 -0.6688015 -0.5066187 0.5416576 -0.670779 -0.4761354 0.5792887 -0.6616038 -0.6522957 0.2320983 0.7215544 -0.6692501 0.1643372 0.7246363 -0.6621905 0.1733226 0.7290151 -0.6602329 0.09530699 0.7449894 -0.6680762 0.1111108 0.7357503 -0.6607046 0.131796 0.7389853 -0.6137148 -0.004784643 0.7895134 -0.5619715 -0.125203 0.817626 -0.581586 -0.1001513 0.8072965 -0.5518178 -0.18389 0.8134382 -0.5607402 -0.1600964 0.8123666 -0.562985 -0.157993 0.8112251 -0.5562797 -0.2107855 0.8038175 -0.556963 -0.2100477 0.8035373 -0.6796193 -0.2010522 0.7054755 -0.6948854 -0.2423183 0.6770644 -0.706243 -0.1319555 0.6955636 -0.6935102 -0.1580068 0.7029064 -0.6954093 -0.1621542 0.7000799 -0.7036707 -0.1050577 0.7027165 -0.7458733 -0.04626148 0.6644794 -0.7564023 0.002910256 0.6541002 -0.750656 0.01276338 0.6605701 -0.78096 0.1070519 0.6153385 -0.7862793 0.1815785 0.590588 -0.7816817 0.1643207 0.6016416 -0.7906124 0.1443311 0.5950635 -0.7782836 0.210403 0.5916125 -0.7344577 0.2089688 0.645681 -0.7710684 0.2182129 0.5981944 -0.6905837 0.2068257 0.6930493 -0.7396546 0.2204974 0.6358397 -0.7480174 0.1642652 0.6430294 -0.7480151 0.1642717 0.6430306 -0.7536237 0.1110814 0.6478521 -0.7637839 0.09774798 0.6380278 -0.7615704 0.0571506 0.6455575 -0.7585366 0.06466329 0.6484141 -0.7143657 -0.08897107 0.6940935 -0.715711 -0.05595147 0.6961517 -0.7125207 -0.0512883 0.6997742 -0.7134567 0.002909302 0.7006933 -0.713458 0.002909183 0.7006921 -0.7122938 0.05716556 0.6995497 -0.712294 0.05716532 0.6995494 -0.7090443 0.1110835 0.6963596 -0.7090449 0.1110821 0.6963592 -0.7037684 0.1642687 0.6911772 -0.7037683 0.1642677 0.6911775 -0.6965827 0.2162209 0.6841206 -0.6593541 0.2162929 0.7200483 -0.6654078 0.211376 0.7159279 -0.6630716 0.04978895 0.7468983 -0.6598518 0.05715298 0.749219 -0.6556522 0.01550483 0.7549039 -0.6654652 0.002908289 0.7464232 -0.6645926 -0.05128824 0.7454437 -0.6645914 -0.05128884 0.7454447 -0.6617861 -0.1050335 0.7422986 -0.6617875 -0.105032 0.7422975 -0.6571139 -0.1579456 0.7370581 -0.6571155 -0.1579473 0.7370563 -0.6509791 -0.2075424 0.7301729 -0.6906797 -0.2109609 0.6917058 -0.6543101 -0.2111173 0.7261596 -0.6031929 -0.2136371 0.7684514 -0.6007505 -0.2107279 0.7711632 -0.6068357 -0.1579452 0.7789762 -0.6068372 -0.1579461 0.7789749 -0.6111519 -0.1050322 0.7845137 -0.6020402 -0.09317702 0.7930105 -0.6101629 -0.05128157 0.7906148 -0.6136948 -0.05976158 0.7872784 0.3566851 -0.8731096 -0.3323487 0.3758591 -0.8607841 -0.3431921 0.4311056 -0.7990106 -0.4192016 0.5249415 -0.7149936 -0.4617584 0.526799 -0.6942745 -0.490373 0.5802628 -0.579433 -0.572322 0.6657692 -0.3135636 -0.6770741 0.6501122 -0.4514235 -0.6112046 0.6586223 -0.4723325 -0.5857633 0.4307249 -0.7032415 -0.5656214 0.2976852 -0.8767551 -0.3777357 0.3836408 -0.7607598 -0.5235116 0.3295345 -0.8551662 -0.4001222 0.360173 -0.8242873 -0.4368362 0.4709768 -0.6664586 -0.5779393 0.5149816 -0.5791806 -0.6319367 0.3120998 -0.8903508 -0.3314653 0.4339958 -0.7693287 -0.4688079 0.4896451 -0.6940503 -0.5277707 0.4807938 -0.7137603 -0.5092974 0.5596071 -0.5791788 -0.5927832 0.5596049 -0.5791841 -0.5927801 0.6125882 -0.4512813 -0.6489076 0.5277211 -0.451485 -0.7194942 0.5637416 -0.4512805 -0.6917668 0.4637339 -0.5817571 -0.6682138 0.4661672 -0.5791453 -0.6687892 0.514981 -0.5791807 -0.631937 0.5637393 -0.4512816 -0.691768 0.6125918 -0.4512782 -0.6489063 0.6567592 -0.2909951 -0.6956934 0.6277607 -0.3594056 -0.6904667 0.532696 -0.3263062 -0.7808709 0.5212761 -0.3465802 -0.7798419 0.6065276 -0.279608 -0.744274 0.5740817 -0.3561936 -0.7372628 0.306138 0.8731104 -0.379418 0.327773 0.8626469 -0.3852339 0.3958722 0.8002013 -0.4505143 0.4335982 0.7148981 -0.5485556 0.4626161 0.6942818 -0.5513249 0.5424531 0.5794373 -0.6082739 0.6398311 0.4189315 -0.6442924 0.641246 0.2892001 -0.710751 0.5496382 0.4924978 -0.6747917 0.7529416 0.3395279 -0.5637374 0.7532706 0.3264439 -0.5709797 0.6923996 0.4514752 -0.562808 0.644671 0.5791512 -0.4989821 0.6471897 0.563754 -0.513154 0.5667386 0.6836278 -0.4598484 0.703487 0.3490468 -0.6190901 0.7069138 0.3049294 -0.6381936 0.6623876 0.4512701 -0.5979951 0.6623868 0.4512696 -0.5979963 0.6050965 0.5791755 -0.5462728 0.6050956 0.5791742 -0.5462753 0.5145057 0.7207874 -0.4644885 0.5402937 0.6939797 -0.4758939 0.454113 0.7944807 -0.4032147 0.4308407 0.8126029 -0.3924959 0.3603632 0.8731385 -0.32828 0.3799591 0.8602509 -0.3399993 0.6566007 0.2934118 -0.6948274 0.6107655 0.4511426 -0.6507197 0.626625 0.4207278 -0.655995 0.5630896 0.5791755 -0.5894793 0.563087 0.5791759 -0.5894814 0.4971984 0.6941719 -0.5204989 0.4971958 0.6941718 -0.5205017 0.4367328 0.7747457 -0.4572021 0.3122145 0.8911853 -0.3291062 0.5136574 0.5665352 0.6443554 0.5591996 0.2467652 0.7914561 0.5708094 -0.1274146 0.8111365 0.5979046 -0.03597396 0.8007597 0.5778153 0.07329487 0.8128699 0.5926664 0.1533399 0.790717 0.5531194 -0.3012198 0.7767404 0.5859808 -0.1994771 0.7853888 0.5583503 -0.3208576 0.765046 0.5366424 -0.392035 0.7472105 0.5430175 -0.3835558 0.7470054 0.545437 -0.379406 0.7473617 0.5472848 -0.3851225 0.7430747 0.5375477 -0.405572 0.7392929 0.5554432 -0.3095088 0.7718078 0.5656804 -0.2912336 0.7714848 0.571738 -0.2074878 0.793766 0.5827956 -0.1794213 0.7925639 0.5955105 -0.03060907 0.8027642 0.5794623 -0.0997489 0.8088719 0.5789787 0.05420458 0.8135389 0.5904375 0.1253823 0.7972847 0.5603051 0.2452709 0.7911387 0.5682185 0.2786846 0.7742497 0.5313721 0.4214957 0.7348368 0.535759 0.4351329 0.7236171 0.4956154 0.5449871 0.6762799 0.5610182 0.3469779 0.7515751 0.5171373 0.4262037 0.7422395 0.4550054 0.5879231 0.6688175 0.523665 0.4746609 0.7074406 0.5014508 0.547685 0.6697674 0.4763616 0.5781852 0.662406 -0.6438272 -0.5859447 -0.4920929 -0.8128541 -0.07318747 -0.5778511 -0.8026046 0.02454251 -0.5960063 -0.8085672 0.1283183 -0.5742416 -0.8004896 0.1483433 -0.5806985 -0.7779488 0.2600226 -0.572 -0.777099 0.3008906 -0.5527949 -0.7594462 0.3365148 -0.5567759 -0.7476269 0.391084 -0.5367566 -0.747506 0.3856765 -0.540822 -0.7403665 0.4039382 -0.5373001 -0.7518416 0.3690564 -0.5463806 -0.7410868 0.386091 -0.5492944 -0.7721892 0.2987341 -0.5607868 -0.7718984 0.2910774 -0.5651963 -0.7949017 0.2058761 -0.570742 -0.7930419 0.1757971 -0.5832496 -0.8111702 0.06165438 -0.5815511 -0.8050603 0.03205239 -0.5923265 -0.8084632 -0.09925639 -0.5801169 -0.7947537 -0.1471024 -0.5888358 -0.794561 -0.2193928 -0.5661622 -0.762834 -0.3250517 -0.5589506 -0.7476719 -0.3528577 -0.5625639 -0.7373682 -0.4295434 -0.5213259 -0.6732941 -0.5358636 -0.5094362 -0.7317916 -0.5017545 -0.4612199 -0.6978401 -0.4845373 -0.5274873 -0.7908843 -0.152395 -0.592687 -0.7914671 -0.2452607 -0.5598455 -0.7526132 -0.3460305 -0.560211 -0.7456585 -0.4165813 -0.5200514 -0.6699402 -0.5872076 -0.454277 -0.6606788 -0.5720538 -0.4860638 0.6796193 -0.2010522 -0.7054755 0.6948854 -0.2423183 -0.6770644 0.706243 -0.1319555 -0.6955636 0.6935102 -0.1580068 -0.7029064 0.6954093 -0.1621542 -0.7000799 0.7036707 -0.1050577 -0.7027165 0.7458733 -0.04626148 -0.6644794 0.7563663 0.002910733 -0.654142 0.7506546 0.01271384 -0.6605726 0.7809409 0.1069918 -0.6153733 0.7862791 0.1815797 -0.5905879 0.7816814 0.1643207 -0.601642 0.7906113 0.14433 -0.5950652 0.7782835 0.210402 -0.5916128 0.6522957 0.2320983 -0.7215544 0.6692501 0.1643372 -0.7246363 0.6621905 0.1733226 -0.7290151 0.6602329 0.09530699 -0.7449894 0.6680762 0.1111108 -0.7357503 0.6607046 0.131796 -0.7389853 0.613753 -0.004759788 -0.7894839 0.5619715 -0.125203 -0.817626 0.581586 -0.1001513 -0.8072965 0.5518178 -0.18389 -0.8134382 0.5607402 -0.1600964 -0.8123666 0.562985 -0.157993 -0.8112251 0.5562797 -0.2107855 -0.8038175 0.556963 -0.2100477 -0.8035373 0.7344576 0.2089697 -0.6456809 0.7710694 0.218213 -0.5981933 0.6905827 0.2068263 -0.6930502 0.7396547 0.220497 -0.6358396 0.7480174 0.1642652 -0.6430294 0.7480151 0.1642717 -0.6430306 0.7536237 0.1110814 -0.6478521 0.7637957 0.09773153 -0.6380162 0.761542 0.05715256 -0.6455908 0.7585543 0.06456446 -0.6484033 0.7143657 -0.08897107 -0.6940935 0.715711 -0.05595147 -0.6961517 0.7125207 -0.0512883 -0.6997742 0.7134567 0.002909302 -0.7006933 0.713458 0.002909183 -0.7006921 0.7122938 0.05716556 -0.6995497 0.712294 0.05716532 -0.6995494 0.7090443 0.1110835 -0.6963596 0.7090449 0.1110821 -0.6963592 0.7037684 0.1642687 -0.6911772 0.7037683 0.1642677 -0.6911775 0.6965827 0.2162209 -0.6841206 0.6593541 0.2162929 -0.7200483 0.6654078 0.211376 -0.7159279 0.6630709 0.04980373 -0.7468981 0.6598578 0.05715274 -0.7492138 0.6556524 0.01550507 -0.7549036 0.6654652 0.002908289 -0.7464232 0.6645926 -0.05128824 -0.7454437 0.6645914 -0.05128884 -0.7454447 0.6617861 -0.1050335 -0.7422986 0.6617875 -0.105032 -0.7422975 0.6571139 -0.1579456 -0.7370581 0.6571155 -0.1579473 -0.7370563 0.6509791 -0.2075424 -0.7301729 0.6906797 -0.2109609 -0.6917058 0.6543101 -0.2111173 -0.7261596 0.6031929 -0.2136371 -0.7684514 0.6007505 -0.2107279 -0.7711632 0.6068357 -0.1579452 -0.7789762 0.6068372 -0.1579461 -0.7789749 0.6111519 -0.1050322 -0.7845137 0.6020402 -0.09317702 -0.7930105 0.6101629 -0.05128157 -0.7906148 0.6136702 -0.0597065 -0.7873018 0.3313809 -0.874235 0.3548237 0.3323919 -0.87312 0.3566191 0.4190966 -0.7991843 0.430886 0.4617596 -0.7149936 0.5249403 0.4903712 -0.6942725 0.5268035 0.5723224 -0.5794335 0.580262 0.677073 -0.3135631 0.6657706 0.6112049 -0.4514229 0.6501123 0.5857654 -0.4723297 0.6586225 0.565621 -0.7032451 0.4307196 0.5231994 -0.7611479 0.3832966 0.3760325 -0.8727067 0.3114206 0.3733348 -0.8750046 0.3082014 0.4356841 -0.8249679 0.3600104 0.5779405 -0.666457 0.4709778 0.6319389 -0.5791786 0.5149809 0.4678561 -0.7704132 0.4330983 0.5277677 -0.6940539 0.4896432 0.5092985 -0.713758 0.4807958 0.5927822 -0.579182 0.5596048 0.5927792 -0.5791829 0.559607 0.6489077 -0.451276 0.6125921 0.7194941 -0.4514832 0.5277228 0.6917705 -0.4512767 0.5637402 0.6682151 -0.5817558 0.4637336 0.6687862 -0.5791482 0.4661677 0.631936 -0.5791825 0.5149802 0.6917704 -0.4512758 0.563741 0.6489062 -0.4512817 0.6125892 0.6956938 -0.2909963 0.6567583 0.6904667 -0.359406 0.6277604 0.7808706 -0.326308 0.5326953 0.7798443 -0.3465716 0.5212783 0.7442729 -0.2796126 0.6065267 0.7372624 -0.356195 0.5740813 0.4501788 0.8003966 0.3958592 0.5485447 0.7149833 0.4334717 0.5513225 0.6942837 0.462616 0.6082771 0.5794339 0.5424532 0.6442916 0.418931 0.6398322 0.7107493 0.2892028 0.6412466 0.6747937 0.4924948 0.5496385 0.5510296 0.4513345 0.7019 0.5897827 0.2909623 0.7533242 0.5637418 0.3395246 0.7529398 0.5216261 0.5794383 0.6262248 0.5361804 0.475354 0.6975308 0.4583109 0.6732987 0.5801896 0.6190901 0.3490501 0.7034853 0.6948292 0.2934078 0.6566005 0.6507201 0.4511428 0.6107648 0.6559946 0.4207291 0.6266244 0.5894816 0.5791737 0.5630891 0.58948 0.5791748 0.5630896 0.5205022 0.6941709 0.4971963 0.5204992 0.6941725 0.4971975 0.4562858 0.7757798 0.4358543 0.638193 0.3049291 0.7069145 0.5979953 0.4512718 0.6623862 0.5979942 0.4512743 0.6623855 0.5462732 0.5791761 0.6050957 0.5462737 0.5791749 0.6050963 0.4644861 0.7207913 0.5145023 0.4758923 0.6939802 0.5402944 0.4032132 0.7944808 0.4541139 0.3919231 0.8135888 0.4294994 0.3282481 0.8734523 0.3596311 0.3238424 0.8780596 0.3523313 0.3707743 0.8743408 0.3131365 0.3644052 0.8781812 0.3098495 -0.6443619 0.5659757 0.514266 -0.7914574 0.2467623 0.559199 -0.7907176 0.1533384 0.592666 -0.8128689 0.0732975 0.5778164 -0.8007606 -0.0359776 0.5979033 -0.8111081 -0.1270323 0.5709348 -0.7853428 -0.1994669 0.5860459 -0.7770386 -0.2998458 0.5534471 -0.7648084 -0.3208535 0.5586781 -0.7473286 -0.3793987 0.5454876 -0.7417941 -0.3867541 0.5478712 -0.7395699 -0.4056339 0.5371198 -0.7478201 -0.3897399 0.5374645 -0.7475827 -0.3833007 0.5424028 -0.7718386 -0.3095002 0.5554052 -0.7715299 -0.291136 0.5656692 -0.7937582 -0.2074895 0.5717483 -0.7925479 -0.1794555 0.5828067 -0.8027775 -0.03052353 0.595497 -0.8088787 -0.09974849 0.5794528 -0.8135395 0.05420452 0.578978 -0.7972677 0.1254447 0.5904473 -0.7911472 0.2452778 0.56029 -0.7742092 0.2787929 0.5682207 -0.7348489 0.4215039 0.5313488 -0.7246776 0.4338924 0.5353314 -0.6761783 0.5446912 0.4960792 -0.7597581 0.3284108 0.5611721 -0.7385627 0.4191076 0.5280852 -0.739373 0.4257905 0.521565 -0.6691342 0.5892068 0.452874 -0.6708471 0.5416117 0.5065779 -0.6620702 0.5787326 0.4761636 0.5742796 0.1281779 -0.8085625 0.5960096 0.02453798 -0.8026024 0.5778513 -0.0731759 -0.8128549 0.5807663 0.1483287 -0.8004431 0.5567753 0.3365132 -0.7594474 0.5527834 0.3008081 -0.777139 0.5719847 0.2600271 -0.7779585 0.5408225 0.3856783 -0.7475047 0.5364429 0.3915022 -0.747633 0.5375034 0.4039391 -0.7402185 0.5492901 0.3851751 -0.7415664 0.546475 0.3690641 -0.7517691 0.5652365 0.2906479 -0.7720308 0.5606265 0.298712 -0.7723141 0.592327 0.03205209 -0.80506 0.5815521 0.06165254 -0.8111697 0.5832496 0.1757975 -0.7930418 0.5707423 0.2058742 -0.7949019 0.5661629 -0.2193971 -0.7945594 0.5888356 -0.1471009 -0.7947542 0.5801162 -0.09925657 -0.8084636 0.5632237 -0.3584296 -0.7445183 0.5589512 -0.3250462 -0.7628359 0.5218743 -0.4292871 -0.7371295 0.5025499 -0.5406275 -0.6746596 0.5191613 -0.5531547 -0.6515302 0.527485 -0.4845353 -0.6978433 0.5926887 -0.1523939 -0.7908833 0.559807 -0.2453532 -0.7914657 0.5602164 -0.3460339 -0.7526075 0.5200587 -0.4166711 -0.7456033 0.450631 -0.5888153 -0.6709906 0.4859589 -0.5722661 -0.6605722 0.7054747 -0.2010548 0.6796194 0.6770645 -0.242318 0.6948854 0.6955644 -0.1319536 0.7062425 0.7029074 -0.1580078 0.6935091 0.7000789 -0.1621539 0.6954105 0.7027157 -0.105058 0.7036715 0.6644574 -0.0462532 0.7458934 0.6540794 0.00291115 0.7564204 0.6605833 0.01281803 0.7506434 0.6153382 0.107054 0.78096 0.5905876 0.1815775 0.7862799 0.6016426 0.1643214 0.7816808 0.5950657 0.1443291 0.7906112 0.5916106 0.2104042 0.7782847 0.7215546 0.232098 0.6522955 0.724638 0.1643362 0.6692485 0.7290148 0.1733227 0.6621909 0.7449883 0.09531116 0.6602335 0.7357509 0.1111101 0.6680758 0.7389855 0.1317977 0.6607041 0.7894859 -0.004757821 0.6137503 0.8176254 -0.125202 0.5619726 0.8072958 -0.1001504 0.581587 0.8134387 -0.183888 0.5518176 0.8123685 -0.1600971 0.5607375 0.8112264 -0.1579937 0.5629829 0.803817 -0.2107873 0.5562797 0.8035387 -0.2100487 0.5569605 0.6456818 0.2089664 0.7344577 0.5981943 0.2182122 0.7710688 0.6930491 0.2068258 0.6905839 0.635841 0.2204985 0.7396531 0.643029 0.164268 0.7480173 0.6430307 0.1642686 0.7480156 0.647852 0.1110832 0.7536235 0.6380286 0.0977475 0.7637833 0.6455575 0.05715173 0.7615702 0.6484269 0.06469517 0.7585231 0.6940951 -0.08897095 0.7143642 0.6961513 -0.05595153 0.7157114 0.6997733 -0.05128914 0.7125214 0.7006926 0.002910196 0.7134574 0.7006923 0.002909362 0.7134577 0.6995487 0.05716645 0.7122946 0.6995502 0.05716598 0.7122932 0.6963591 0.1110826 0.7090449 0.6963589 0.1110814 0.7090454 0.6911771 0.1642685 0.7037686 0.6911777 0.1642681 0.703768 0.6841203 0.2162204 0.6965833 0.7200481 0.2162917 0.6593548 0.7159306 0.2113755 0.665405 0.7468969 0.04980343 0.6630722 0.7492141 0.05715411 0.6598575 0.7549027 0.01550251 0.6556537 0.7464231 0.002910673 0.6654654 0.7454441 -0.05129086 0.6645919 0.7454444 -0.05128705 0.6645919 0.7422975 -0.1050335 0.6617873 0.7422987 -0.1050316 0.6617862 0.7370567 -0.1579456 0.6571154 0.7370561 -0.1579483 0.6571154 0.7301735 -0.2075428 0.6509783 0.6917055 -0.2109596 0.6906805 0.7261592 -0.2111176 0.6543105 0.768451 -0.2136343 0.6031943 0.7711632 -0.2107285 0.6007502 0.778976 -0.157944 0.6068361 0.7789741 -0.1579481 0.6068375 0.784514 -0.1050322 0.6111516 0.7930109 -0.09317702 0.6020398 0.7906154 -0.05128097 0.6101619 0.7872992 -0.05970859 0.6136734 0.4423117 -0.8730308 -0.2053719 0.4721446 -0.8558309 -0.2112652 0.540736 -0.7981554 -0.2656176 0.641942 -0.714991 -0.2769448 0.6525509 -0.6942721 -0.3035845 0.728716 -0.5794389 -0.3649981 0.8424102 -0.3135712 -0.4381991 0.8071681 -0.4514203 -0.3803938 0.8073992 -0.4723302 -0.3535688 0.5845976 -0.7031016 -0.404838 0.4019552 -0.8761889 -0.265942 0.5262466 -0.7612073 -0.378983 0.4344332 -0.85724 -0.2764192 0.4769533 -0.8249884 -0.303166 0.6265177 -0.666459 -0.4041141 0.6850574 -0.5791779 -0.4418704 0.3995382 -0.8905504 -0.2174609 0.5572907 -0.7696442 -0.3115684 0.6287737 -0.6940476 -0.3506303 0.6146409 -0.7137632 -0.3357957 0.7153964 -0.5791823 -0.3908401 0.7153964 -0.5791814 -0.3908416 0.7831311 -0.4512796 -0.4278463 0.7242128 -0.4514791 -0.5212317 0.7499152 -0.4512818 -0.4837064 0.6470879 -0.5823171 -0.492122 0.6501094 -0.5791532 -0.4918735 0.685054 -0.5791836 -0.4418681 0.7499165 -0.4512796 -0.4837065 0.7831301 -0.4512818 -0.4278461 0.8395944 -0.2910013 -0.4586934 0.8104023 -0.3594036 -0.4626848 0.7477525 -0.3266301 -0.5780822 0.7367487 -0.34658 -0.5805891 0.8068345 -0.2796127 -0.5204179 0.7738105 -0.3561908 -0.5237801 0.4125078 0.8735377 -0.2583976 0.4345362 0.8557476 -0.2808456 0.5172156 0.7983726 -0.3083655 0.5821328 0.7147269 -0.3876685 0.6103424 0.6942813 -0.3813866 0.7038701 0.5794354 -0.4108791 0.807608 0.4189394 -0.4150412 0.8294967 0.2892006 -0.4778059 0.731259 0.4925028 -0.4719125 0.890293 0.3395311 -0.3034749 0.8987081 0.2909588 -0.3281263 0.8378219 0.4513379 -0.3071621 0.8290669 0.4753913 -0.2943656 0.7567673 0.5794387 -0.3025795 0.6934037 0.6733115 -0.2565988 0.4407431 0.8770473 -0.1911379 0.8603625 0.3490523 -0.3714013 0.468584 0.8572328 -0.2134971 0.5263196 0.8158158 -0.239651 0.5565152 0.7944584 -0.24316 0.6609053 0.6939844 -0.2856394 0.6328548 0.7207916 -0.2827619 0.7442878 0.5791757 -0.3325526 0.7442885 0.5791758 -0.3325511 0.8147591 0.4512692 -0.3640383 0.8147564 0.4512752 -0.3640369 0.8695298 0.3049234 -0.3885097 0.8391743 0.2934225 -0.4579192 0.7819553 0.4511418 -0.430136 0.7986714 0.4207234 -0.4302509 0.7176913 0.5791715 -0.386626 0.7176879 0.5791758 -0.3866258 0.6337019 0.6941764 -0.3413812 0.6337065 0.6941705 -0.3413845 0.5564936 0.774882 -0.2997882 0.3996064 0.8908956 -0.2159162 0.2899804 0.5659735 0.7717419 0.2872543 0.2467687 0.9255217 0.3193131 0.1533385 0.9351612 0.2983459 0.07330119 0.9516391 0.3211899 -0.03597718 0.9463312 0.2923421 -0.1270321 0.9478391 0.3146775 -0.1994673 0.9280038 0.2843178 -0.3061383 0.9085389 0.2922554 -0.320748 0.9009482 0.2899158 -0.383122 0.8770213 0.2882511 -0.3794416 0.8791674 0.2889072 -0.3806333 0.8784366 0.2841877 -0.3991941 0.8717119 0.275946 -0.4055313 0.8714346 0.2894132 -0.3094614 0.9058001 0.2997271 -0.2898318 0.9089342 0.2983917 -0.2074753 0.9316204 0.3093619 -0.178979 0.9339496 0.3182558 -0.03041428 0.9475169 0.3011288 -0.09974795 0.9483522 0.2992447 0.0542072 0.9526355 0.3151534 0.1253283 0.9407291 0.2884171 0.24527 0.9255583 0.3013019 0.2790124 0.9117946 0.2781183 0.4215646 0.8630954 0.2851456 0.4341748 0.8545083 0.2628513 0.5446882 0.7963819 0.2989284 0.3284106 0.8959847 0.2739658 0.4192659 0.8655396 0.2691119 0.4242997 0.8646089 0.2268376 0.5877575 0.776586 0.2748908 0.5417673 0.7943069 0.2481312 0.5787293 0.7768547 -0.4606541 -0.5859433 -0.6666845 -0.5915449 0.1283879 -0.7959846 -0.5791445 0.02453935 -0.8148556 -0.5945188 -0.07329064 -0.8007346 -0.5818883 0.1483472 -0.7996243 -0.5511089 0.336338 -0.7636463 -0.5688878 0.3071584 -0.7629027 -0.5630882 0.2600194 -0.7844244 -0.539765 0.3854534 -0.7483846 -0.5383142 0.3989696 -0.7423214 -0.5426108 0.4038857 -0.736512 -0.5461548 0.3690567 -0.7520055 -0.5380201 0.3815231 -0.7516479 -0.5611957 0.2987225 -0.7718966 -0.559675 0.2915332 -0.7757399 -0.5794703 0.2059047 -0.788554 -0.5738192 0.1767075 -0.7996912 -0.5917589 0.06165385 -0.8037539 -0.5826209 0.03206253 -0.8121114 -0.589627 -0.09925717 -0.8015536 -0.5738915 -0.1471043 -0.805611 -0.5807123 -0.2193986 -0.7839883 -0.5527793 -0.325042 -0.7673219 -0.5373909 -0.3525967 -0.7660854 -0.5402324 -0.429581 -0.7236084 -0.4828715 -0.5357606 -0.692673 -0.5528815 -0.5016096 -0.6653646 -0.5690299 -0.1523946 -0.8080723 -0.5796753 -0.2453385 -0.7770364 -0.5427948 -0.3457398 -0.7654005 -0.5487534 -0.4171587 -0.7244642 -0.5007127 -0.4854387 -0.7166842 -0.4977139 -0.5868135 -0.6386947 -0.4786743 -0.5715164 -0.6665133 0.8643589 -0.2010546 -0.4609346 0.8700998 -0.2423173 -0.4291954 0.8866173 -0.131956 -0.4432803 0.8767772 -0.1580082 -0.4541974 0.8777112 -0.1621536 -0.4509208 0.8863818 -0.1050579 -0.4508773 0.9147027 -0.04626154 -0.4014708 0.9215093 0.002910196 -0.3883454 0.9180454 0.01276552 -0.3962697 0.9328983 0.1071746 -0.3438232 0.9302989 0.1815727 -0.3187087 0.9293409 0.1643228 -0.330641 0.9358013 0.1443307 -0.321628 0.9230089 0.2104077 -0.322154 0.8433429 0.2320964 -0.484669 0.8604193 0.1643379 -0.4823606 0.8550584 0.1733217 -0.4887073 0.858134 0.09530615 -0.5045028 0.8627381 0.1111109 -0.4932925 0.8567263 0.1317954 -0.4986484 0.8276759 -0.004759669 -0.5611863 0.7871273 -0.1252036 -0.6039493 0.8025039 -0.1002913 -0.5881574 0.7761756 -0.1838933 -0.6031044 0.7843292 -0.1600968 -0.5993303 0.7861113 -0.157993 -0.5975509 0.7774467 -0.210785 -0.5925761 0.7780084 -0.2100473 -0.5921008 0.8980371 0.2089688 -0.3871194 0.9181824 0.2182126 -0.3306422 0.8709475 0.2068237 -0.445729 0.8999379 0.2204986 -0.3761548 0.9101131 0.1642669 -0.3804084 0.9101133 0.1642672 -0.3804076 0.9169364 0.1110833 -0.3832598 0.9235509 0.09777122 -0.3708028 0.9238178 0.05715328 -0.3785423 0.9217796 0.06477224 -0.3822658 0.8938891 -0.08897143 -0.4393705 0.8958047 -0.05595308 -0.4409119 0.8938897 -0.05128639 -0.4453439 0.8950637 0.002911031 -0.4459289 0.8950642 0.002907693 -0.4459279 0.8936046 0.05716723 -0.4451999 0.8936044 0.05716472 -0.4452004 0.8895286 0.1110833 -0.4431697 0.889529 0.1110805 -0.4431698 0.8829087 0.1642703 -0.4398722 0.8829091 0.1642676 -0.4398724 0.8738947 0.2162222 -0.4353803 0.8495899 0.2162917 -0.4810559 0.8540747 0.2113757 -0.4752651 0.861423 0.04980218 -0.5054405 0.8590815 0.05715358 -0.508638 0.8568406 0.01550447 -0.5153483 0.8635535 0.002909779 -0.504249 0.8624202 -0.05128741 -0.5035884 0.862419 -0.0512889 -0.5035902 0.8587795 -0.1050333 -0.5014637 0.85878 -0.1050336 -0.5014628 0.852717 -0.1579454 -0.4979227 0.8527165 -0.1579458 -0.4979233 0.8447535 -0.2075417 -0.4932727 0.8706261 -0.2109618 -0.4444159 0.8466817 -0.2111172 -0.4884257 0.8111356 -0.2136349 -0.5444439 0.8096507 -0.2107284 -0.5477768 0.8178526 -0.1579459 -0.5533264 0.8178529 -0.1579465 -0.5533258 0.8236674 -0.1050308 -0.5572617 0.8176472 -0.09321284 -0.5681236 0.8245539 -0.05128228 -0.5634546 0.8269212 -0.05985087 -0.5591236 0.209392 -0.8635472 0.4587389 0.2060238 -0.873137 0.4417985 0.2654739 -0.7989708 0.5396013 0.2769448 -0.714995 0.6419375 0.3035771 -0.6942722 0.6525543 0.3649999 -0.5794377 0.728716 0.4382042 -0.3135633 0.8424104 0.3803887 -0.451424 0.8071684 0.3535687 -0.4723305 0.8073989 0.4048391 -0.7032401 0.5844302 0.3791134 -0.7612162 0.5261397 0.2656551 -0.8783058 0.3975002 0.2222273 -0.8893111 0.3996758 0.2776759 -0.8554601 0.4371317 0.3031734 -0.8248065 0.4772633 0.4041137 -0.6664566 0.6265204 0.44187 -0.5791829 0.6850534 0.3114298 -0.7698765 0.5570472 0.3506326 -0.6940501 0.6287696 0.3357952 -0.7137596 0.6146454 0.3908405 -0.5791829 0.7153956 0.3908404 -0.5791813 0.7153971 0.4278457 -0.4512789 0.7831318 0.5212081 -0.4514768 0.7242313 0.4837056 -0.4512769 0.7499188 0.4922083 -0.581757 0.647526 0.4920005 -0.5791534 0.650013 0.4418688 -0.5791827 0.6850544 0.483707 -0.4512801 0.7499159 0.4278448 -0.4512804 0.7831314 0.458694 -0.2909961 0.8395959 0.4626804 -0.3594113 0.8104015 0.5781068 -0.3261417 0.7479466 0.5807197 -0.346729 0.7365757 0.5204216 -0.2796102 0.8068332 0.5237794 -0.356193 0.7738099 0.3061087 0.8002027 0.5157259 0.387725 0.714916 0.581863 0.381384 0.6942822 0.610343 0.4108772 0.579436 0.7038708 0.4150422 0.4189196 0.8076176 0.4778075 0.2892054 0.829494 0.4719148 0.4925002 0.7312592 0.3034743 0.3395268 0.8902948 0.3281282 0.2909593 0.8987073 0.3071607 0.4513375 0.8378227 0.2943878 0.4753532 0.8290809 0.3025872 0.5794354 0.7567666 0.2565345 0.6734029 0.6933389 0.371399 0.3490435 0.8603671 0.4579194 0.2934206 0.8391747 0.4301341 0.4511418 0.7819564 0.4302498 0.4207279 0.7986696 0.3866267 0.5791754 0.7176879 0.3866273 0.5791746 0.7176881 0.341386 0.6941711 0.6337051 0.3413829 0.6941708 0.6337071 0.2996997 0.7750368 0.5563256 0.3885107 0.3049238 0.8695291 0.3640377 0.4512727 0.8147574 0.3640377 0.4512749 0.8147562 0.3325523 0.5791727 0.7442904 0.3325505 0.5791741 0.7442899 0.2827419 0.7208404 0.6328082 0.2856128 0.6939788 0.6609227 0.2431409 0.7945515 0.5563907 0.2400615 0.8130979 0.530323 0.2006052 0.8737449 0.4430888 0.19949 0.8764129 0.438297 0.2576679 0.8722259 0.4157273 0.2449767 0.8818536 0.4028903 0.6670477 -0.5843942 -0.462094 0.7968314 -0.1709009 -0.5795281 0.8049908 -0.1517565 -0.5735504 0.8044427 -0.01563584 -0.5938246 0.8121492 0.02540856 -0.5828964 0.7980841 0.1387282 -0.5863585 0.7997176 0.1480846 -0.5818271 0.7843036 0.2599307 -0.5632973 0.7658883 0.3003441 -0.5685144 0.7642066 0.3365114 -0.5502258 0.7408351 0.3920426 -0.5454044 0.7453465 0.3856764 -0.5437945 0.740175 0.4039435 -0.5375599 0.7520389 0.3690617 -0.5461053 0.7516105 0.3839055 -0.5363751 0.7718454 0.2987128 -0.5612712 0.7761427 0.2906461 -0.5595778 0.7884456 0.2058759 -0.579628 0.7997671 0.1757973 -0.573993 0.8037545 0.06165713 -0.5917579 0.8121118 0.03205943 -0.5826206 0.8015544 -0.09925645 -0.589626 0.8056102 -0.147092 -0.5738956 0.783986 -0.2193965 -0.5807163 0.7673213 -0.325047 -0.5527771 0.7660646 -0.353001 -0.5371549 0.7237046 -0.4295246 -0.5401486 0.692506 -0.535908 -0.4829475 0.6647332 -0.5018357 -0.5534354 0.711457 -0.4752932 -0.5176151 0.701743 -0.4850584 -0.5218001 0.7620097 -0.3283187 -0.558165 0.7624024 -0.3431706 -0.5486135 0.6382443 -0.5975306 -0.4853878 0.6668457 -0.5759956 -0.4728064 -0.7717466 0.5659577 0.2899989 -0.9255229 0.2467618 0.2872561 -0.9351609 0.1533409 0.3193129 -0.9516392 0.07329732 0.2983462 -0.9463309 -0.03597819 0.321191 -0.9478389 -0.1270311 0.2923437 -0.9280034 -0.1994679 0.314678 -0.9101753 -0.2992332 0.2864274 -0.8999516 -0.3208358 0.2952143 -0.8793116 -0.3794103 0.2878525 -0.8734697 -0.3888738 0.2929642 -0.8696186 -0.4055341 0.2816124 -0.8781331 -0.3863851 0.2821153 -0.8787526 -0.3832446 0.28446 -0.9056903 -0.3095037 0.2897114 -0.9086152 -0.2908256 0.2997317 -0.9316207 -0.2074748 0.2983909 -0.9339504 -0.1789728 0.309363 -0.9475175 -0.03041046 0.3182544 -0.9483522 -0.09974926 0.3011285 -0.9526355 0.05420643 0.2992447 -0.9407293 0.1253283 0.3151528 -0.9255587 0.2452687 0.2884169 -0.9118047 0.27899 0.3012921 -0.8630938 0.4215628 0.2781259 -0.8545696 0.4340794 0.2851071 -0.7963814 0.5446791 0.2628714 -0.8959843 0.3284111 0.2989287 -0.8656008 0.4191097 0.2740118 -0.8666129 0.4133221 0.2795481 -0.8062515 0.5305008 0.2617777 -0.7969053 0.5572881 0.233178 -0.7737439 0.5821381 0.2498715 0.484669 0.2320987 0.8433423 0.4823611 0.1643369 0.8604192 0.4887081 0.173321 0.8550581 0.5045022 0.0953052 0.8581344 0.493292 0.1111094 0.8627385 0.4986486 0.1317976 0.8567259 0.5611863 -0.004759371 0.8276759 0.6039819 -0.1252497 0.787095 0.5880658 -0.100152 0.8025885 0.6031054 -0.1838893 0.7761757 0.599336 -0.1601428 0.7843154 0.5975263 -0.1579952 0.7861297 0.5925766 -0.2107859 0.7774461 0.5920481 -0.2099677 0.7780699 0.4609329 -0.2010514 0.8643607 0.4291962 -0.2423183 0.8700991 0.44328 -0.1319544 0.8866178 0.4541959 -0.1580079 0.876778 0.4509217 -0.1621536 0.8777105 0.4508776 -0.1050587 0.8863815 0.4014713 -0.04626238 0.9147025 0.388149 0.002910196 0.9215922 0.3962501 0.01294755 0.9180514 0.3438957 0.1070531 0.9328855 0.3187088 0.1815744 0.9302986 0.330643 0.1643205 0.9293407 0.3216278 0.1443315 0.9358013 0.3221524 0.2104061 0.9230098 0.3871194 0.2089693 0.898037 0.3306435 0.2182127 0.918182 0.4457291 0.2068243 0.8709474 0.3761551 0.220498 0.8999378 0.3804091 0.1642687 0.9101125 0.380406 0.1642686 0.9101139 0.3832579 0.1110814 0.9169375 0.3707781 0.09774774 0.9235633 0.3786246 0.05715107 0.9237843 0.3823806 0.06488305 0.9217241 0.43937 -0.08896881 0.8938896 0.4409118 -0.0559538 0.8958048 0.4453451 -0.05128717 0.8938889 0.4459269 0.002910196 0.8950647 0.4459281 0.002909064 0.8950642 0.4452012 0.0571655 0.8936039 0.4451996 0.05716663 0.8936046 0.4431711 0.1110816 0.8895282 0.4431706 0.1110813 0.8895283 0.439872 0.1642689 0.882909 0.4398716 0.1642687 0.8829094 0.4353811 0.2162209 0.8738946 0.4810522 0.2162942 0.8495915 0.4752672 0.2113741 0.8540738 0.5054413 0.04980319 0.8614225 0.5086371 0.05715405 0.859082 0.5153493 0.01550495 0.85684 0.5042494 0.002908825 0.8635531 0.5035888 -0.05129003 0.8624197 0.5035875 -0.05128729 0.8624206 0.501465 -0.1050317 0.8587789 0.5014633 -0.1050333 0.8587798 0.4979224 -0.157948 0.8527167 0.4979233 -0.157945 0.8527167 0.493274 -0.2075418 0.8447528 0.4444159 -0.2109621 0.870626 0.488425 -0.2111169 0.8466822 0.5444445 -0.213635 0.8111352 0.5477754 -0.2107281 0.8096517 0.553328 -0.1579465 0.8178515 0.5533249 -0.1579469 0.8178536 0.5572615 -0.1050322 0.8236674 0.5681565 -0.09317719 0.8176285 0.5633722 -0.05128091 0.8246102 0.5591306 -0.0597068 0.826927 -0.2094429 -0.8688185 -0.4486517 -0.2660318 -0.799782 -0.5381225 -0.2802596 -0.71237 -0.6434156 -0.3034764 -0.694273 -0.6526003 -0.3650458 -0.579436 -0.7286944 -0.4382042 -0.3135633 -0.8424104 -0.3803887 -0.451424 -0.8071684 -0.353751 -0.4721934 -0.8073995 -0.4048391 -0.7032401 -0.5844302 -0.3793781 -0.7606771 -0.5267284 -0.2581216 -0.8765823 -0.4061734 -0.2642028 -0.871798 -0.4125108 -0.3055633 -0.8233097 -0.4783222 -0.4041137 -0.6664566 -0.6265204 -0.44187 -0.5791829 -0.6850534 -0.2046118 -0.8812319 -0.4261037 -0.3118748 -0.7691087 -0.5578585 -0.3506326 -0.6940501 -0.6287696 -0.3357952 -0.7137596 -0.6146454 -0.3908405 -0.5791829 -0.7153956 -0.3908404 -0.5791813 -0.7153971 -0.4278457 -0.4512789 -0.7831318 -0.5212081 -0.4514768 -0.7242313 -0.4837056 -0.4512769 -0.7499188 -0.4922083 -0.581757 -0.647526 -0.4920005 -0.5791534 -0.650013 -0.4418688 -0.5791827 -0.6850544 -0.483707 -0.4512801 -0.7499159 -0.4278448 -0.4512804 -0.7831314 -0.458694 -0.2909961 -0.8395959 -0.4626804 -0.3594113 -0.8104015 -0.578038 -0.3263119 -0.7479256 -0.5805906 -0.3465769 -0.736749 -0.5204216 -0.2796102 -0.8068332 -0.5237794 -0.356193 -0.7738099 -0.2131592 0.8895514 -0.4040564 -0.2711277 0.8631868 -0.4259089 -0.2577091 0.8736423 -0.4127171 -0.3075436 0.7991421 -0.5165162 -0.3876674 0.7147264 -0.5821341 -0.381384 0.6942822 -0.610343 -0.4108772 0.579436 -0.7038708 -0.4150452 0.4189244 -0.8076139 -0.4778053 0.2892037 -0.8294959 -0.4719157 0.4924995 -0.7312592 -0.3040779 0.3392969 -0.8901765 -0.3280638 0.2916035 -0.8985219 -0.3071607 0.4513375 -0.8378227 -0.2943878 0.4753532 -0.8290809 -0.3025872 0.5794354 -0.7567666 -0.2565904 0.6733009 -0.6934172 -0.3714017 0.3490453 -0.8603652 -0.3885107 0.3049238 -0.8695291 -0.3640377 0.4512727 -0.8147574 -0.3640377 0.4512749 -0.8147562 -0.3325523 0.5791727 -0.7442904 -0.3325505 0.5791741 -0.7442899 -0.282762 0.7207949 -0.632851 -0.2856395 0.6939799 -0.66091 -0.2432039 0.7943697 -0.5566227 -0.2397542 0.8158634 -0.5261987 -0.2149461 0.8555988 -0.4709023 -0.1878933 0.8788664 -0.4385086 -0.2994611 0.7754442 -0.5558862 -0.341383 0.694171 -0.6337069 -0.341386 0.6941703 -0.6337059 -0.3866276 0.5791751 -0.7176876 -0.3866265 0.5791745 -0.7176886 -0.4302504 0.4207288 -0.7986688 -0.4301331 0.4511426 -0.7819566 -0.4579185 0.2934213 -0.839175 0.7669436 0.5798229 -0.2749601 0.796647 0.5509032 -0.2487156 0.9254428 0.2467477 -0.2875261 0.9346556 0.1587651 -0.3181396 0.9516752 0.07538861 -0.2977095 0.946318 -0.03396052 -0.3214486 0.94864 -0.09880506 -0.3005323 0.9299309 -0.2005083 -0.3082612 0.9293523 -0.20993 -0.3037 0.9036232 -0.3160117 -0.2891401 0.90091 -0.3211249 -0.291959 0.8770184 -0.3830577 -0.2900096 0.8793123 -0.3794091 -0.2878519 0.8782618 -0.3811311 -0.2887826 0.8716391 -0.3993883 -0.2841379 0.871352 -0.4055382 -0.2761969 0.9056903 -0.3095023 -0.2897131 0.908613 -0.2908338 -0.29973 0.9316206 -0.2074741 -0.2983915 0.9339493 -0.1789789 -0.3093628 0.9475173 -0.03041106 -0.318255 0.9483521 -0.09974902 -0.3011288 0.9526356 0.05420696 -0.2992442 0.9407295 0.1253241 -0.3151539 0.9255579 0.2452713 -0.2884175 0.9118008 0.2789977 -0.3012967 0.8628796 0.4220688 -0.2780229 0.8514568 0.4387311 -0.2872915 0.8959038 0.3286966 -0.2988559 0.865603 0.4191076 -0.2740082 0.8642523 0.4263408 -0.2670236 0.7759565 0.5882248 -0.2277789 0.7945026 0.5416577 -0.2745408 0.7763144 0.5793709 -0.2483251 -0.666685 -0.5859404 0.4606571 -0.8007551 -0.07318037 0.5945048 -0.814855 0.02454072 0.5791452 -0.7960295 0.1281856 0.5915281 -0.7996893 0.1483305 0.5818033 -0.7843935 0.2600263 0.5631281 -0.7654771 0.301654 0.5683747 -0.7640413 0.3365355 0.5504405 -0.7395775 0.4037953 0.5384928 -0.743502 0.3885475 0.5442754 -0.7454481 0.3857563 0.5435984 -0.7519788 0.3690546 0.546193 -0.7513248 0.3887314 0.5332908 -0.7719293 0.298729 0.5611472 -0.7759507 0.2912203 0.5595458 -0.7884808 0.2058857 0.5795768 -0.7996977 0.1762239 0.5739589 -0.8037751 0.06166142 0.5917294 -0.8121153 0.03219622 0.5826082 -0.8015539 -0.09925645 0.5896266 -0.8056211 -0.1472516 0.5738394 -0.784007 -0.2193878 0.580691 -0.7672865 -0.3250582 0.5528189 -0.7660076 -0.353109 0.5371653 -0.723684 -0.4295359 0.540167 -0.6925179 -0.535878 0.4829636 -0.665398 -0.5020117 0.5524762 -0.7171831 -0.4843236 0.5010781 -0.8080764 -0.1523967 0.5690237 -0.7768003 -0.2458375 0.5797803 -0.7654163 -0.3460631 0.5425665 -0.7265858 -0.4145442 0.5479291 -0.6435255 -0.5801275 0.4993265 -0.665731 -0.5682904 0.4835788 -0.4609329 -0.2010514 -0.8643607 -0.4291962 -0.2423183 -0.8700991 -0.44328 -0.1319544 -0.8866178 -0.4541959 -0.1580079 -0.876778 -0.4509217 -0.1621536 -0.8777105 -0.4508776 -0.1050587 -0.8863815 -0.4014713 -0.04626238 -0.9147025 -0.3883467 0.002911031 -0.9215088 -0.3962695 0.01276469 -0.9180456 -0.3438957 0.1070531 -0.9328855 -0.3183403 0.182067 -0.9303284 -0.3306409 0.1643207 -0.9293414 -0.3216362 0.1443133 -0.9358012 -0.3226183 0.2110694 -0.9226956 -0.484669 0.2320987 -0.8433423 -0.4823611 0.1643369 -0.8604192 -0.4887081 0.173321 -0.8550581 -0.5045022 0.0953052 -0.8581344 -0.493292 0.1111094 -0.8627385 -0.4986486 0.1317976 -0.8567259 -0.5613613 -0.004838407 -0.8275567 -0.6039515 -0.1252008 -0.7871261 -0.5880658 -0.100152 -0.8025885 -0.6031053 -0.1838898 -0.7761756 -0.5993281 -0.1600958 -0.7843311 -0.5975515 -0.1579948 -0.7861106 -0.5925762 -0.2107858 -0.7774465 -0.5920999 -0.210048 -0.7780088 -0.3871191 0.2089686 -0.8980373 -0.3304843 0.2182374 -0.9182335 -0.44573 0.2068236 -0.8709471 -0.3761559 0.2204983 -0.8999373 -0.3804091 0.1642687 -0.9101125 -0.380406 0.1642686 -0.9101139 -0.3832579 0.1110814 -0.9169375 -0.3707781 0.09774774 -0.9235633 -0.3786246 0.05715107 -0.9237843 -0.3822767 0.06466233 -0.9217827 -0.43937 -0.08896881 -0.8938896 -0.4409118 -0.0559538 -0.8958048 -0.4453451 -0.05128717 -0.8938889 -0.4459269 0.002910196 -0.8950647 -0.4459281 0.002909064 -0.8950642 -0.4452012 0.0571655 -0.8936039 -0.4451996 0.05716663 -0.8936046 -0.4431711 0.1110816 -0.8895282 -0.4431706 0.1110813 -0.8895283 -0.439872 0.1642689 -0.882909 -0.4398716 0.1642687 -0.8829094 -0.4353811 0.2162209 -0.8738946 -0.4810522 0.2162942 -0.8495915 -0.4752672 0.2113741 -0.8540738 -0.5054413 0.04980319 -0.8614225 -0.5086371 0.05715405 -0.859082 -0.5153493 0.01550495 -0.85684 -0.5042494 0.002908825 -0.8635531 -0.5035888 -0.05129003 -0.8624197 -0.5035875 -0.05128729 -0.8624206 -0.501465 -0.1050317 -0.8587789 -0.5014633 -0.1050333 -0.8587798 -0.4979224 -0.157948 -0.8527167 -0.4979233 -0.157945 -0.8527167 -0.493274 -0.2075418 -0.8447528 -0.4444159 -0.2109621 -0.870626 -0.488425 -0.2111169 -0.8466822 -0.5444445 -0.213635 -0.8111352 -0.5477754 -0.2107281 -0.8096517 -0.553328 -0.1579465 -0.8178515 -0.5533249 -0.1579469 -0.8178536 -0.5572615 -0.1050322 -0.8236674 -0.5681565 -0.09317719 -0.8176285 -0.5633722 -0.05128091 -0.8246102 -0.5590176 -0.05993157 -0.8269871 0 1 -4.35493e-7 0 1 4.86899e-7 0 1 -2.68933e-7 0 1 -5.37699e-7 0 1 -9.75642e-7 0 1 9.76571e-7 0 1 1.95796e-6 0 1 2.12991e-6 0 1 -2.12539e-6 0 1 1.0063e-6 0 1 -5.05022e-7 0 1 -2.53504e-7 0 1 -1.27278e-7 0 1 -5.12566e-7 0 1 5.13674e-7 0 1 -9.90711e-7 0 1 1.95931e-6 0 1 -2.14883e-6 0 1 -2.19404e-6 0 1 1.91238e-6 0 1 -2.21048e-6 0 1 1.90014e-6 0 1 -2.22765e-6 0 1 1.87513e-6 0 1 -2.26428e-6 0 1 -2.30418e-6 0 1 1.82326e-6 0 1 -2.34764e-6 0 1 1.1854e-6 0 1 1.5291e-7 -0.9979454 0 0.0640704 -0.9979454 0 0.06407034 -0.9815592 0 0.191159 -0.9815592 0 0.1911588 -0.9490559 0 0.3151081 -0.9490558 0 0.315108 -0.9009689 0 0.4338837 -0.9009691 0 0.4338835 -0.8380883 0 0.5455347 -0.838088 0 0.5455352 -0.7614457 0 0.6482289 -0.7614459 0 0.6482287 -0.672301 0 0.740278 -0.6723014 0 0.7402776 -0.5721164 0 0.8201725 -0.5721173 0 0.8201718 -0.4625376 0 0.8865998 -0.4625389 0 0.8865991 -0.345364 0 0.9384688 -0.3453655 0 0.9384683 -0.2225211 0 0.974928 -0.2225212 0 0.9749279 -0.09602236 0 0.9953792 -0.09602385 0 0.995379 0.03205233 0 0.9994863 0.0320509 0 0.9994863 0.1595999 0 0.9871818 0.1595999 0 0.9871819 0.2845271 0 0.9586681 0.2845284 0 0.9586677 0.4047828 0 0.9144129 0.4047829 0 0.9144129 0.5183939 0 0.855142 0.5183919 0 0.8551433 0.6234899 0 0.7818313 0.6234901 0 0.7818313 0.718349 0 0.695683 0.7183498 0 0.6956822 0.8014134 0 0.5981109 0.8014136 0 0.5981107 0.8713189 0 0.4907172 0.8713191 0 0.4907171 0.9269167 0 0.3752674 0.9269168 0 0.375267 0.9672949 0 0.2536547 0.9672948 0 0.2536548 0.9917901 0 0.127877 0.9917901 0 0.1278771 1 0 0 0.9917901 0 -0.127877 0.9917901 0 -0.1278771 0.9672948 0 -0.2536548 0.9672949 0 -0.2536548 0.9269168 0 -0.3752672 0.9269167 0 -0.3752672 0.8713189 0 -0.4907172 0.8713191 0 -0.4907171 0.8014134 0 -0.5981109 0.8014136 0 -0.5981107 0.7183498 0 -0.6956822 0.718349 0 -0.695683 0.6234899 0 -0.7818313 0.6234901 0 -0.7818313 0.5183919 0 -0.8551433 0.5183939 0 -0.855142 0.4047828 0 -0.9144129 0.4047829 0 -0.9144129 0.2845284 0 -0.9586677 0.2845271 0 -0.9586681 0.1595999 0 -0.9871818 0.1595999 0 -0.9871819 0.0320509 0 -0.9994863 0.03205233 0 -0.9994863 -0.09602379 0 -0.995379 -0.09602242 0 -0.9953792 -0.2225211 0 -0.974928 -0.2225212 0 -0.9749279 -0.3453654 0 -0.9384684 -0.3453642 0 -0.9384688 -0.4625387 0 -0.8865991 -0.4625377 0 -0.8865997 -0.5721173 0 -0.8201718 -0.5721164 0 -0.8201725 -0.6723014 0 -0.7402776 -0.672301 0 -0.740278 -0.7614457 0 -0.6482289 -0.7614459 0 -0.6482287 -0.8380879 0 -0.5455354 -0.8380885 0 -0.5455345 -0.9009689 0 -0.4338837 -0.9009691 0 -0.4338835 -0.9490559 0 -0.3151082 -0.9490559 0 -0.3151079 -0.9815592 0 -0.191159 -0.9815592 0 -0.1911588 -0.9979454 0 -0.0640704 -0.9979454 0 -0.06407034 0 1 -2.08415e-7 0 1 4.47998e-7 0 1 2.07858e-7 0 1 -4.50002e-7 0 1 0 0 1 4.51854e-7 0 1 -3.09685e-7 0 1 0 0 1 5.10618e-7 0 1 -9.21976e-7 0 1 2.02856e-7 0 1 2.08415e-7 0 1 -4.4822e-7 0 1 4.49165e-7 0 1 4.50674e-7 0 1 -4.13927e-7 0 1 4.52757e-7 0 1 -4.12156e-7 0 1 4.55431e-7 0 1 -4.09985e-7 0 1 -4.58715e-7 0 1 4.07426e-7 0 1 0 0 1 0 0 1 -2.07755e-7 0 1 2.06271e-7 0 1 -4.07968e-7 0 1 -4.05111e-7 0 1 2.5281e-7 0 1 -3.21903e-7 0 1 0 0 1 0 0 1 -2.06634e-7 0 1 2.26878e-7 0 1 -4.56669e-7 0 1 4.60206e-7 0 1 -2.03149e-7 0 1 0 0 1 0 0 1 4.01897e-7 0 1 4.47865e-7 0 1 -4.48364e-7 0 1 2.24711e-7 0 1 -4.15049e-7 0 1 0 0 1 -1.72292e-7 0 1 0 -0.997859 0 0.06540346 -0.9978589 0 0.06540375 -0.9807856 0 0.1950893 -0.9807853 0 0.1950905 -0.9469303 0 0.3214391 -0.9469299 0 0.3214402 -0.8968732 0 0.4422878 -0.8968724 0 0.4422895 -0.8314701 0 0.5555697 -0.7518411 0 0.6593444 -0.7518383 0 0.6593477 -0.6593458 0 0.7518399 -0.5555723 0 0.8314683 -0.5555694 0 0.8314703 -0.4422872 0 0.8968735 -0.4422893 0 0.8968725 -0.3214393 0 0.9469302 -0.3214377 0 0.9469308 -0.1950909 0 0.9807852 -0.1950899 0 0.9807854 -0.06540328 0 0.997859 -0.06540292 0 0.997859 0.06540328 0 0.997859 0.06540292 0 0.997859 0.1950909 0 0.9807852 0.1950899 0 0.9807854 0.3214393 0 0.9469302 0.3214377 0 0.9469308 0.4422893 0 0.8968725 0.4422872 0 0.8968735 0.5555741 0 0.8314672 0.5555676 0 0.8314715 0.6593458 0 0.7518399 0.7518408 0 0.6593447 0.7518385 0 0.6593473 0.8314701 0 0.5555697 0.8968734 0 0.4422875 0.8968722 0 0.4422898 0.9469303 0 0.3214391 0.9469299 0 0.3214402 0.9807856 0 0.1950892 0.9807853 0 0.1950905 0.997859 0 0.06540346 0.9978589 0 0.06540375 0.997859 0 -0.06540346 0.9978589 0 -0.06540375 0.9807856 0 -0.1950893 0.9807853 0 -0.1950905 0.9469303 0 -0.3214391 0.9469299 0 -0.3214402 0.8968732 0 -0.4422878 0.8968724 0 -0.4422895 0.8314701 0 -0.5555697 0.7518411 0 -0.6593444 0.7518383 0 -0.6593477 0.6593458 0 -0.7518399 0.5555723 0 -0.8314683 0.5555694 0 -0.8314703 0.4422872 0 -0.8968735 0.4422893 0 -0.8968725 0.3214393 0 -0.9469302 0.3214377 0 -0.9469308 0.1950909 0 -0.9807852 0.1950899 0 -0.9807854 0.06540328 0 -0.997859 0.06540292 0 -0.997859 -0.06540328 0 -0.997859 -0.06540292 0 -0.997859 -0.1950909 0 -0.9807852 -0.1950899 0 -0.9807854 -0.3214393 0 -0.9469302 -0.3214377 0 -0.9469308 -0.4422893 0 -0.8968725 -0.4422872 0 -0.8968735 -0.5555741 0 -0.8314672 -0.5555676 0 -0.8314715 -0.6593458 0 -0.7518399 -0.7518408 0 -0.6593447 -0.7518385 0 -0.6593473 -0.8314701 0 -0.5555697 -0.8968734 0 -0.4422875 -0.8968722 0 -0.4422898 -0.9469303 0 -0.3214391 -0.9469299 0 -0.3214402 -0.9807856 0 -0.1950892 -0.9807853 0 -0.1950905 -0.997859 0 -0.06540346 -0.9978589 0 -0.06540375 0.8796081 2.54741e-4 0.4756992 -0.8396248 0 0.5431668 -0.999231 0 0.03921127 -0.8796081 2.54741e-4 -0.4756992 0.8396248 0 -0.5431668 0.999231 0 -0.03921127 0.9422223 -0.009070932 -0.3348658 0.9508789 0 -0.3095633 0.9790841 0 -0.2034557 0.9976688 0 -0.06824243 0.6310598 -0.009389519 -0.7756773 0.660198 0 -0.7510917 0.7308365 0 -0.6825527 0.7308358 0 -0.6825534 0.8169698 0 -0.5766806 0.3984009 0 -0.9172115 0.2576945 0 -0.9662265 0.2697846 0.008909165 -0.9628795 0.1361571 -0.01196181 -0.9906151 0.1032924 0.001447618 -0.9946501 -0.4051806 0 -0.9142368 -0.4088485 4.98849e-4 -0.9126021 -0.3983961 -0.005178987 -0.917199 -0.2697958 0.003050744 -0.9629129 -0.2745491 0 -0.9615731 -0.1361666 0 -0.9906861 -0.5141842 2.80317e-5 -0.8576798 -0.5140417 0 -0.8577651 -0.5195809 -0.003277957 -0.8544151 -0.6263716 0.003377735 -0.7795173 -0.6310877 0 -0.7757116 -0.7281143 0 -0.6854558 -0.7308349 -0.002088844 -0.6825512 -0.9790626 -0.006637394 -0.2034512 -0.9758434 0 -0.2184714 -0.942261 0 -0.3348795 -0.9366353 0.009088873 -0.3501881 -0.8878563 -0.008099079 -0.4600497 -0.9422223 -0.009070932 0.3348658 -0.9508789 0 0.3095633 -0.9790841 0 0.2034557 -0.9976688 0 0.06824243 -0.6310598 -0.009389519 0.7756773 -0.660198 0 0.7510917 -0.7308365 0 0.6825527 -0.7308358 0 0.6825534 -0.8169698 0 0.5766806 -0.3984009 0 0.9172115 -0.2576945 0 0.9662265 -0.2697846 0.008909165 0.9628795 -0.1361571 -0.01196181 0.9906151 -0.1032924 0.001447618 0.9946501 0.4051806 0 0.9142368 0.4088485 4.98849e-4 0.9126021 0.3983961 -0.005178987 0.917199 0.2697958 0.003050744 0.9629129 0.2745491 0 0.9615731 0.1361666 0 0.9906861 0.5141842 2.80317e-5 0.8576798 0.5140417 0 0.8577651 0.5195809 -0.003277957 0.8544151 0.6263716 0.003377735 0.7795173 0.6310877 0 0.7757116 0.7281143 0 0.6854558 0.7308349 -0.002088844 0.6825512 0.9790626 -0.006637394 0.2034512 0.9758434 0 0.2184714 0.942261 0 0.3348795 0.9366353 0.009088873 0.3501881 0.8878563 -0.008099079 0.4600497 -0.9304377 -0.001712381 0.3664462 -0.896878 0.002777755 0.4422694 -0.8878852 0 0.4600649 -0.8396247 0 0.5431671 -0.8005043 -0.01551091 0.5991263 -0.6074022 0 0.7943946 -0.607403 0 0.7943939 -0.5111229 0 0.8595077 -0.5195832 0.001705884 0.8544182 -0.4353185 -0.001506865 0.9002752 -0.3832374 -0.009170532 0.9236044 0.1411922 -0.002828061 0.9899783 0.0830298 -4.03079e-4 0.9965471 0 4.55261e-4 1 0.003041386 0 0.9999955 -0.1175316 0 0.9930692 0.769374 -1.94661e-4 0.6387987 0.8152552 4.13331e-4 0.5791018 0.8169698 0 0.5766806 0.8787293 0 0.4773204 0.9874058 -8.6826e-4 0.1582057 0.9968205 0.001595735 0.07966428 0.9976688 0 0.06824243 0.999231 0 -0.03921127 0.9939881 -0.02184891 -0.107286 0.9304377 -0.001712381 -0.3664462 0.896878 0.002777755 -0.4422694 0.8878852 0 -0.4600649 0.8396247 0 -0.5431671 0.8005043 -0.01551091 -0.5991263 0.6074022 0 -0.7943946 0.607403 0 -0.7943939 0.5111229 0 -0.8595077 0.5195832 0.001705884 -0.8544182 0.4353185 -0.001506865 -0.9002752 0.3832374 -0.009170532 -0.9236044 -0.1411922 -0.002828061 -0.9899783 -0.0830298 -4.03079e-4 -0.9965471 0 4.55261e-4 -1 -0.003041386 0 -0.9999955 0.1175316 0 -0.9930692 -0.769374 -1.94661e-4 -0.6387987 -0.8152552 4.13331e-4 -0.5791018 -0.8169698 0 -0.5766806 -0.8787293 0 -0.4773204 -0.9874058 -8.6826e-4 -0.1582057 -0.9968205 0.001595735 -0.07966428 -0.9976688 0 -0.06824243 -0.999231 0 0.03921127 -0.9939881 -0.02184891 0.107286 0 -1 0 0 -1 0 0 -1 -5.23193e-7 0 -1 1.27467e-7 0 -1 0 0 -1 0 0 -1 -2.04459e-7 0 -1 0 0 -1 1.30788e-7 0 -1 -2.63461e-7 0 -1 7.2252e-7 0 -1 -1.00502e-6 0 -1 2.63542e-7 0 -1 0 0 -1 2.96567e-7 0 -1 0 0 -1 4.57075e-7 0 -1 -1.30836e-7 0 -1 2.63882e-7 0 -1 -3.6063e-7 0 -1 2.61971e-7 0 -1 0 0 -1 -2.63811e-7 0 -1 1.9747e-7 0 -1 -9.08834e-7 0 -1 0 0 -1 0 0 -1 1.9501e-7 0.2721062 0 -0.9622673 0.4345235 0 -0.9006605 0.4345249 0 -0.9006599 0.5838304 0 -0.8118758 0.7155196 0 -0.6985927 0.7155194 0 -0.6985929 0.8256179 0 -0.5642296 0.8256179 0 -0.5642299 0.9108033 0 -0.4128407 0.9108033 0 -0.4128409 0.9685049 0 -0.2489945 0.9969819 0 -0.07763534 0.9969819 0 -0.07763534 0.9953749 0 0.09606707 0.9953749 0 0.09606707 0.9637323 0 0.2668709 0.9637323 0 0.2668711 0.9030092 0 0.4296213 0.9030091 0 0.4296216 0.8150378 0 0.5794079 0.8150373 0 0.5794086 0.7024723 0 0.7117111 0.5687096 0 0.8225386 0.5687096 0 0.8225385 0.4177864 0 0.9085453 0.4177857 0 0.9085456 0.254256 0 0.967137 0.2542567 0 0.9671369 0.08305412 0 0.9965451 0.08305323 0 0.9965451 -0.0906555 0 0.9958823 -0.09065467 0 0.9958825 -0.2616279 0 0.9651688 -0.261627 0 0.9651691 -0.4247063 0 0.9053313 -0.4247062 0 0.9053313 -0.5749689 0 0.8181754 -0.5749689 0 0.8181753 -0.7078824 0 0.7063304 -0.7078819 0 0.7063308 -0.8194343 0 0.5731732 -0.8194345 0 0.5731728 -0.9062609 0 0.4227189 -0.9062609 0 0.4227191 -0.9657406 0 0.2595096 -0.9657406 0 0.2595096 -0.9960789 0 0.08846998 -0.9960789 0 0.08846998 -0.9963605 0 -0.08523911 -0.9963606 0 -0.08523911 -0.9665769 0 -0.2563771 -0.9665769 0 -0.2563771 -0.9076268 0 -0.4197783 -0.8212888 0 -0.5705127 -0.8212888 0 -0.5705128 -0.7101684 0 -0.704032 -0.7101688 0 -0.7040315 -0.5776188 0 -0.8163066 -0.4276394 0 -0.9039495 -0.42764 0 -0.9039492 -0.2647553 0 -0.9643157 -0.2647569 0 -0.9643152 0 -1 0 0 -1 -6.54816e-7 0 -1 1.58522e-7 0 -1 -2.64642e-7 0 -1 5.54288e-7 0 -1 0 0 -1 0 0 -1 0 0 -1 6.38018e-7 0 -1 -1.31894e-7 0 -1 0 0 -1 -3.84172e-7 0 -1 -1.44358e-7 0 -1 0 0 -1 1.32238e-7 0 -1 0 0 -1 0 0 -1 0 0 -1 1.58789e-7 0 -1 -1.32133e-7 0 -1 0 0 -1 -1.32317e-7 0 -1 -1.26695e-6 0 -1 2.64646e-7 0 -1 -1.65301e-7 0 -1 0 0 -1 -6.33516e-7 0 -1 0 0 -1 0 0 -1 0 0 -1 -1.2702e-6 0 -1 9.12577e-7 0 -1 -1.27569e-6 0 -1 1.44274e-7 0 -1 0 0 -1 -1.32328e-7 0 -1 -1.32196e-7 0 -1 6.36756e-7 0 -1 0 0 -1 1.65366e-7 0.07836401 0 0.9969249 0.07836371 0 0.9969249 0.0716657 -2.18054e-4 -0.9974288 0.07177919 -2.33972e-4 -0.9974206 0 -1 2.14927e-7 -3.53736e-5 -1 -2.43157e-5 -0.4305973 0 0.9025442 -0.4338373 -4.99229e-4 0.9009911 0.5597425 -4.19925e-5 -0.8286668 0.5608724 -2.3401e-4 -0.8279024 0 -1 -1.17572e-6 0 -1 1.36017e-6 5.46854e-6 -1 -1.73344e-5 -2.40453e-5 -1 -1.70985e-5 -0.8241803 0 0.5663276 -0.8248442 -1.63158e-4 0.5653603 0.8989533 -1.10543e-4 -0.4380448 0.8993355 -2.33005e-4 -0.4372594 0 -1 4.80324e-7 -1.49224e-5 -1 -3.47375e-5 1.45959e-5 -1 -2.02939e-5 -0.9968996 0 0.07868421 -0.9969249 -4.44837e-5 0.07836377 0.9975386 -3.48602e-4 0.07011884 0.9975975 -2.31214e-4 0.06927746 4.33068e-6 -1 -3.68e-5 2.29977e-5 -1 -1.51064e-5 0 -1 7.90653e-7 -0.9031469 0 -0.4293316 -0.9025443 -1.92628e-4 -0.4305972 0.8288346 0 0.5594938 0.827902 -2.33841e-4 0.5608728 2.23943e-5 -1 -2.85303e-5 3.0245e-5 -1 -5.61436e-6 0 -1 -6.95343e-7 -0.5663272 0 -0.8241807 -0.566328 0 -0.8241801 0.434894 -4.92083e-4 0.9004815 0.4365479 -2.34104e-4 0.8996811 0 -1 -2.31681e-7 4.30618e-5 -1 3.75103e-6 -0.07836401 0 -0.9969249 -0.07836371 0 -0.9969249 -0.0716657 -2.18054e-4 0.9974288 -0.07177919 -2.33972e-4 0.9974206 0 -1 -2.14927e-7 3.53736e-5 -1 2.43157e-5 0.4305973 0 -0.9025442 0.4338373 -4.99229e-4 -0.9009911 -0.5597425 -4.19925e-5 0.8286668 -0.5608724 -2.3401e-4 0.8279024 0 -1 1.17572e-6 0 -1 -1.36017e-6 -5.46854e-6 -1 1.73344e-5 2.40453e-5 -1 1.70985e-5 0.8241803 0 -0.5663276 0.8248442 -1.63158e-4 -0.5653603 -0.8989533 -1.10543e-4 0.4380448 -0.8993355 -2.33005e-4 0.4372594 0 -1 -4.80324e-7 1.49224e-5 -1 3.47375e-5 -1.45959e-5 -1 2.02939e-5 0.9968996 0 -0.07868421 0.9969249 -4.44837e-5 -0.07836377 -0.9975386 -3.48602e-4 -0.07011884 -0.9975975 -2.31214e-4 -0.06927746 -4.33068e-6 -1 3.68e-5 -2.29977e-5 -1 1.51064e-5 0 -1 -7.90653e-7 0.9031469 0 0.4293316 0.9025443 -1.92628e-4 0.4305972 -0.8288346 0 -0.5594938 -0.827902 -2.33841e-4 -0.5608728 -2.23943e-5 -1 2.85303e-5 -3.0245e-5 -1 5.61436e-6 0 -1 6.95343e-7 0.5663272 0 0.8241807 0.566328 0 0.8241801 -0.434894 -4.92083e-4 -0.9004815 -0.4365479 -2.34104e-4 -0.8996811 0 -1 2.31681e-7 -4.30618e-5 -1 -3.75103e-6 -0.9973324 0 0.07299524 -0.976076 0 0.2174302 -0.976076 0 0.2174301 -0.9340161 0 0.357231 -0.9340161 0 0.3572311 -0.8720495 0 0.4894177 -0.7914962 0 0.6111742 -0.7914966 0 0.6111736 -0.6940745 0 0.7199033 -0.6940736 0 0.7199041 -0.5818597 0 0.8132892 -0.5818592 0 0.8132897 -0.4572414 0 0.8893427 -0.4572427 0 0.889342 -0.3228799 0 0.9464401 -0.3228812 0 0.9464395 -0.1816375 0 0.9833657 -0.1816364 0 0.9833658 -0.03652143 0 0.9993329 -0.0365225 0 0.9993329 0.1093717 0 0.9940009 0.2529329 0 0.9674838 0.2529326 0 0.9674839 0.3911055 0 0.9203459 0.3911044 0 0.9203464 0.5209414 0 0.8535925 0.5209395 0 0.8535936 0.639673 0 0.7686473 0.7447723 0 0.6673187 0.744772 0 0.667319 0.8339979 0 0.5517676 0.833998 0 0.5517675 0.9054481 0 0.4244571 0.9054483 0 0.4244566 0.9576007 0 0.288099 0.9576008 0 0.2880988 0.9893434 0 0.1456012 0.9893434 0 0.1456014 0.9893435 0 -0.1456012 0.9893434 0 -0.1456013 0.9576007 0 -0.288099 0.9576008 0 -0.2880988 0.9054481 0 -0.4244569 0.9054483 0 -0.4244569 0.8339977 0 -0.5517679 0.8339982 0 -0.5517672 0.7447723 0 -0.6673187 0.744772 0 -0.667319 0.639673 0 -0.7686473 0.5209398 0 -0.8535935 0.5209411 0 -0.8535926 0.3911045 0 -0.9203463 0.3911054 0 -0.920346 0.2529329 0 -0.9674838 0.2529326 0 -0.9674839 0.1093717 0 -0.9940009 -0.03652256 0 -0.9993329 -0.03652137 0 -0.9993329 -0.1816364 0 -0.9833658 -0.1816375 0 -0.9833657 -0.3228809 0 -0.9464397 -0.3228802 0 -0.9464399 -0.4572423 0 -0.8893422 -0.4572418 0 -0.8893424 -0.581859 0 -0.8132898 -0.58186 0 -0.8132891 -0.6940736 0 -0.7199041 -0.6940745 0 -0.7199033 -0.7914966 0 -0.6111736 -0.7914962 0 -0.6111742 -0.8720495 0 -0.4894177 -0.9340162 0 -0.3572309 -0.934016 0 -0.3572313 -0.976076 0 -0.2174301 -0.976076 0 -0.2174302 -0.9973324 0 -0.07299524 0 1 0 0 1 -2.05502e-7 0 1 4.04117e-7 0 1 0 0 1 2.04018e-7 0 1 -2.97682e-7 0 1 8.03753e-7 0 1 -2.27428e-7 0 1 2.2738e-7 0 1 -1.51506e-7 0 1 2.27065e-7 0 1 -1.88999e-7 0 1 1.62509e-6 0 1 -8.40706e-7 0 1 -3.02584e-7 0 1 3.0298e-7 0 1 2.01255e-7 0 1 -2.00991e-7 0 1 6.06467e-7 0 1 4.16901e-7 0 1 -1.60893e-6 0 1 1.51534e-7 0 1 -1.51418e-7 0 1 -4.15949e-7 0 1 1.62301e-6 0 1 -3.77606e-7 0 1 2.27411e-7 0 1 -4.02031e-7 0 1 8.05231e-7 0 1 -2.2721e-7 0 1 0 0 1 -8.13695e-7 0 1 0 0 1 -2.27428e-7 0 1 -8.038e-7 0 1 3.79048e-7 0 1 -8.03809e-7 0 1 2.27391e-7 0 1 -8.04628e-7 0 1 2.2728e-7 0 1 1.51611e-7 0 1 -2.27422e-7 0 1 2.27337e-7 0 1 1.89321e-7 0 1 -4.16093e-7 0 1 0 0 1 1.51595e-7 -0.2891805 0 -0.9572747 -0.2891802 0 -0.9572747 -0.4490704 0 -0.8934965 -0.44907 0 -0.8934966 -0.5956535 0 -0.8032415 -0.5956519 0 -0.8032428 -0.7245852 0 -0.6891852 -0.7245848 0 -0.6891857 -0.8320462 0 -0.5547063 -0.8320456 0 -0.5547074 -0.9148516 0 -0.4037903 -0.9148514 0 -0.4037906 -0.9705477 0 -0.2409093 -0.9705477 0 -0.2409092 -0.9974842 0 -0.07088959 -0.9974843 0 -0.07088971 -0.994863 0 0.1012313 -0.994863 0 0.1012315 -0.9627615 0 0.2703521 -0.9627615 0 0.2703524 -0.9021313 0 0.4314618 -0.9021309 0 0.4314626 -0.8147686 0 0.5797863 -0.8147686 0 0.5797864 -0.7032622 0 0.7109307 -0.7032619 0 0.710931 -0.5709171 0 0.8210078 -0.5709164 0 0.8210083 -0.4216541 0 0.9067568 -0.4216525 0 0.9067576 -0.2598971 0 0.9656364 -0.2598957 0 0.9656367 -0.09043639 0 0.9959023 0.08170217 0 0.9966568 0.08170306 0 0.9966567 0.2514206 0 0.967878 0.2514191 0 0.9678784 0.4136884 0 0.9104186 0.4136872 0 0.9104191 0.5636979 0 0.8259811 0.5636963 0 0.8259822 0.6970029 0 0.7170684 0.6970021 0 0.7170691 0.8096546 0 0.5869067 0.8096542 0 0.5869073 0.8983138 0 0.4393544 0.8983139 0 0.4393542 0.9603545 0 0.278782 0.9603545 0 0.278782 0.9939373 0 0.1099492 0.9939372 0 0.1099492 0.9980674 0 -0.06214165 0.9726225 0 -0.2323913 0.9726223 0 -0.2323918 0.9183565 0 -0.3957543 0.9183562 0 -0.3957549 0.8368772 0 -0.5473908 0.8368768 0 -0.5473912 0.7305994 0 -0.6828064 0.7305986 0 -0.6828072 0.6026719 0 -0.7979892 0.602672 0 -0.797989 0.4568859 0 -0.8895254 0.2975614 0 -0.9547027 0.297562 0 -0.9547026 0 1 0 0 1 -1.42496e-7 0 1 3.01138e-7 0 1 -7.65757e-7 0 1 1.90107e-6 0 1 -6.76671e-7 0 1 -3.80551e-7 0 1 1.77069e-6 0 1 -1.13543e-6 0 1 5.7075e-7 0 1 -1.77018e-6 0 1 1.04121e-6 0 1 3.80444e-7 0 1 -9.46905e-7 0 1 9.50961e-7 0 1 -7.47201e-7 0 1 -3.78255e-7 0 1 7.65653e-7 0 1 -7.43038e-7 0 1 3.79742e-7 0 1 2.11891e-6 0 1 -2.95598e-6 0 1 1.61514e-6 0 1 2.57945e-6 0 1 -7.54434e-7 0 1 3.73252e-7 0 1 -3.80276e-7 0 1 2.57295e-6 0 1 -1.13308e-6 0 1 3.7951e-7 0 0 1 -0.8638806 0.002197921 -0.5036918 -0.9235367 -0.003699421 -0.3834924 -0.9687484 0.001778185 -0.2480391 -0.9997163 -0.00125426 -0.02378648 -0.9978114 0.00125426 -0.06611216 -0.987113 -0.001778125 0.1600153 -0.9621172 0.002647519 0.2726233 -0.905635 -0.001682281 0.4240548 -0.8184003 0.001657128 0.5746462 -0.7870487 -7.55151e-4 0.6168904 -0.6014108 7.55153e-4 0.7989396 -0.5881732 0 0.8087351 -0.00184977 0 -0.9999983 0 -5.8264e-4 -0.9999999 0.6545748 7.89942e-4 0.755997 0.6723546 -0.001106977 0.7402285 0.8827158 9.10189e-4 0.4699065 0.8965615 -9.10218e-4 0.4429186 0.9889873 9.10218e-4 0.1479976 0.993021 -9.10218e-4 0.1179344 0.9816055 9.1022e-4 -0.1909189 0.9753634 -9.10191e-4 -0.2206022 0.8728764 7.7604e-4 -0.4879411 0.8646081 0 -0.5024469 0.9999964 0 0.00271207 0.9999966 2.89437e-4 0.002608418 0.9999992 -9.6268e-5 0.001322567 -1 0 0</float_array>
          <technique_common>
            <accessor source="#Nano_Atom_Left_Rubber_Wheel_001-mesh-normals-array" count="6968" stride="3">
              <param name="X" type="float"/>
              <param name="Y" type="float"/>
              <param name="Z" type="float"/>
            </accessor>
          </technique_common>
        </source>
        <vertices id="Nano_Atom_Left_Rubber_Wheel_001-mesh-vertices">
          <input semantic="POSITION" source="#Nano_Atom_Left_Rubber_Wheel_001-mesh-positions"/>
        </vertices>
        <triangles material="Back-material" count="6989">
          <input semantic="VERTEX" source="#Nano_Atom_Left_Rubber_Wheel_001-mesh-vertices" offset="0"/>
          <input semantic="NORMAL" source="#Nano_Atom_Left_Rubber_Wheel_001-mesh-normals" offset="1"/>
          <p>1 0 2 0 3 0 14 1 12 1 15 1 17 2 11 2 16 2 49 3 18 3 19 3 24 4 23 4 25 4 21 5 25 5 22 5 27 6 26 6 24 6 24 7 26 7 23 7 6 8 7 8 28 8 1 9 35 9 2 9 34 10 35 10 1 10 29 11 28 11 41 11 41 12 28 12 7 12 41 13 7 13 42 13 33 14 32 14 29 14 33 15 29 15 41 15 43 16 41 16 42 16 43 17 42 17 44 17 30 18 32 18 31 18 31 19 32 19 33 19 33 20 41 20 43 20 40 21 43 21 44 21 40 22 44 22 27 22 8 23 9 23 20 23 2 24 30 24 3 24 3 25 30 25 31 25 45 26 31 26 33 26 45 27 33 27 46 27 46 28 33 28 43 28 46 29 43 29 40 29 24 30 40 30 27 30 47 31 3 31 31 31 47 32 31 32 45 32 48 33 46 33 40 33 48 34 40 34 21 34 21 35 40 35 24 35 21 36 24 36 25 36 8 37 49 37 9 37 9 38 49 38 19 38 50 39 1 39 3 39 50 40 3 40 47 40 51 41 47 41 45 41 51 42 45 42 52 42 52 43 45 43 46 43 52 44 46 44 48 44 11 45 17 45 10 45 36 46 34 46 5 46 5 47 34 47 53 47 53 48 34 48 1 48 53 49 1 49 50 49 54 50 50 50 47 50 54 51 47 51 51 51 9 52 52 52 48 52 9 53 48 53 20 53 20 54 48 54 21 54 20 55 21 55 22 55 4 56 36 56 5 56 55 57 53 57 50 57 55 58 50 58 54 58 56 59 54 59 51 59 56 60 51 60 19 60 19 61 51 61 52 61 19 62 52 62 9 62 37 63 4 63 5 63 37 64 5 64 57 64 57 65 5 65 53 65 57 66 53 66 55 66 58 67 55 67 54 67 58 68 54 68 56 68 38 69 39 69 37 69 38 70 37 70 57 70 60 71 57 71 55 71 60 72 55 72 58 72 17 73 58 73 56 73 17 74 56 74 10 74 10 75 56 75 19 75 10 76 19 76 18 76 0 77 59 77 14 77 14 78 59 78 13 78 14 79 13 79 12 79 17 80 16 80 13 80 17 81 13 81 59 81 60 82 59 82 0 82 58 83 17 83 59 83 58 84 59 84 60 84 57 85 60 85 0 85 57 86 0 86 38 86 63 87 64 87 62 87 66 88 67 88 68 88 75 89 76 89 77 89 82 90 84 90 81 90 83 91 84 91 85 91 90 92 91 92 114 92 114 93 91 93 92 93 93 94 94 94 95 94 95 95 94 95 96 95 95 96 96 96 97 96 76 97 75 97 99 97 68 98 75 98 77 98 100 99 61 99 62 99 101 100 102 100 126 100 126 101 102 101 62 101 62 102 102 102 100 102 103 103 105 103 101 103 101 104 105 104 102 104 104 105 105 105 103 105 6 106 106 106 107 106 73 107 74 107 108 107 6 108 107 108 7 108 7 109 107 109 42 109 42 110 107 110 109 110 42 111 109 111 44 111 44 112 109 112 27 112 26 113 27 113 81 113 81 114 27 114 109 114 81 115 109 115 82 115 82 116 109 116 107 116 82 117 107 117 69 117 69 118 107 118 106 118 69 119 106 119 70 119 94 120 108 120 96 120 97 121 96 121 110 121 97 122 110 122 98 122 98 123 110 123 111 123 98 124 111 124 78 124 78 125 111 125 112 125 78 126 112 126 99 126 78 127 99 127 75 127 73 128 71 128 74 128 74 129 71 129 72 129 74 130 72 130 113 130 113 131 72 131 89 131 113 132 89 132 114 132 114 133 89 133 90 133 79 134 86 134 88 134 88 135 86 135 87 135 88 136 87 136 119 136 120 137 119 137 62 137 122 138 121 138 123 138 122 139 123 139 124 139 124 140 123 140 125 140 125 141 123 141 103 141 125 142 103 142 87 142 87 143 103 143 101 143 87 144 101 144 126 144 120 145 66 145 68 145 120 146 68 146 118 146 118 147 68 147 77 147 113 148 110 148 96 148 113 149 96 149 74 149 74 150 96 150 108 150 110 151 113 151 114 151 110 152 114 152 111 152 111 153 114 153 112 153 112 154 114 154 92 154 112 155 92 155 99 155 99 156 92 156 115 156 99 157 115 157 76 157 76 158 115 158 116 158 76 159 116 159 77 159 77 160 116 160 117 160 77 161 117 161 118 161 120 162 65 162 66 162 88 163 118 163 117 163 88 164 117 164 79 164 79 165 117 165 116 165 79 166 116 166 80 166 80 167 116 167 115 167 80 168 115 168 92 168 80 169 92 169 91 169 118 170 88 170 119 170 118 171 119 171 120 171 65 172 120 172 64 172 62 173 64 173 120 173 126 174 62 174 119 174 126 175 119 175 87 175 125 176 87 176 86 176 125 177 86 177 124 177 124 178 86 178 83 178 124 179 83 179 122 179 122 180 83 180 85 180 85 181 121 181 122 181 62 182 61 182 63 182 104 183 103 183 123 183 104 184 123 184 70 184 70 185 123 185 121 185 70 186 121 186 69 186 69 187 121 187 85 187 69 188 85 188 82 188 82 189 85 189 84 189 192 190 128 190 129 190 128 191 130 191 131 191 132 192 133 192 134 192 144 193 173 193 139 193 145 194 146 194 147 194 147 195 146 195 139 195 139 196 146 196 144 196 148 197 153 197 145 197 145 198 153 198 146 198 152 199 151 199 153 199 152 200 153 200 148 200 131 201 130 201 155 201 149 202 154 202 155 202 155 203 154 203 131 203 157 204 158 204 159 204 159 205 158 205 160 205 164 206 165 206 166 206 166 207 165 207 167 207 138 208 139 208 173 208 135 209 136 209 174 209 139 210 137 210 136 210 139 211 136 211 175 211 162 212 175 212 163 212 162 213 163 213 161 213 161 214 163 214 142 214 137 215 174 215 136 215 175 216 136 216 176 216 175 217 176 217 163 217 142 218 163 218 177 218 142 219 177 219 143 219 143 220 177 220 178 220 143 221 178 221 167 221 143 222 167 222 165 222 151 223 152 223 179 223 151 224 179 224 150 224 150 225 179 225 180 225 150 226 180 226 181 226 150 227 181 227 149 227 149 228 181 228 154 228 182 229 172 229 183 229 183 230 172 230 170 230 183 231 170 231 184 231 184 232 170 232 185 232 185 233 170 233 141 233 185 234 141 234 140 234 185 235 140 235 168 235 136 236 132 236 134 236 136 237 134 237 171 237 176 238 171 238 172 238 176 239 172 239 182 239 186 240 185 240 187 240 187 241 185 241 168 241 187 242 168 242 127 242 160 243 158 243 156 243 160 244 156 244 188 244 188 245 156 245 129 245 163 246 176 246 177 246 164 247 166 247 186 247 164 248 186 248 187 248 164 249 187 249 15 249 15 250 187 250 127 250 189 251 168 251 169 251 189 252 169 252 39 252 191 253 179 253 152 253 191 254 152 254 190 254 190 255 152 255 148 255 190 256 148 256 162 256 162 257 148 257 145 257 162 258 145 258 147 258 129 259 128 259 131 259 129 260 131 260 188 260 188 261 131 261 154 261 188 262 154 262 160 262 160 263 154 263 181 263 160 264 181 264 159 264 159 265 181 265 180 265 159 266 180 266 191 266 191 267 180 267 179 267 175 268 162 268 147 268 175 269 147 269 139 269 137 270 139 270 138 270 190 271 162 271 161 271 190 272 161 272 191 272 191 273 161 273 157 273 191 274 157 274 159 274 156 275 249 275 192 275 156 276 192 276 129 276 14 277 15 277 127 277 0 278 14 278 127 278 185 279 186 279 166 279 185 280 166 280 184 280 184 281 166 281 167 281 184 282 167 282 183 282 183 283 167 283 178 283 183 284 178 284 182 284 182 285 178 285 177 285 182 286 177 286 176 286 171 287 176 287 136 287 132 288 136 288 135 288 140 289 169 289 168 289 168 290 189 290 127 290 127 291 189 291 0 291 39 292 38 292 189 292 189 293 38 293 0 293 207 294 193 294 66 294 66 295 193 295 67 295 67 296 193 296 194 296 196 297 195 297 67 297 196 298 67 298 194 298 196 299 198 299 195 299 197 300 199 300 196 300 199 301 198 301 196 301 196 302 194 302 200 302 196 303 200 303 201 303 196 304 201 304 202 304 196 305 202 305 197 305 203 306 138 306 209 306 138 307 203 307 205 307 204 308 66 308 205 308 204 309 206 309 66 309 206 310 207 310 66 310 173 311 208 311 209 311 173 312 209 312 138 312 173 313 144 313 210 313 173 314 210 314 208 314 225 315 211 315 132 315 132 316 211 316 212 316 132 317 212 317 133 317 214 318 213 318 133 318 214 319 133 319 212 319 215 320 213 320 214 320 216 321 217 321 214 321 217 322 215 322 214 322 214 323 212 323 218 323 214 324 218 324 219 324 214 325 219 325 220 325 214 326 220 326 216 326 221 327 222 327 63 327 63 328 222 328 223 328 224 329 135 329 223 329 224 330 132 330 135 330 132 331 224 331 225 331 61 332 226 332 227 332 61 333 227 333 63 333 63 334 227 334 221 334 61 335 100 335 226 335 65 336 137 336 138 336 65 337 138 337 66 337 66 338 138 338 205 338 63 339 174 339 64 339 64 340 174 340 137 340 64 341 137 341 65 341 63 342 223 342 135 342 63 343 135 343 174 343 229 344 230 344 15 344 15 345 230 345 164 345 164 346 230 346 165 346 165 347 230 347 231 347 231 348 142 348 143 348 231 349 143 349 165 349 229 350 15 350 12 350 229 351 12 351 232 351 232 352 12 352 233 352 12 353 13 353 233 353 13 354 16 354 233 354 233 355 16 355 234 355 234 356 16 356 11 356 234 357 11 357 235 357 235 358 11 358 10 358 235 359 10 359 236 359 236 360 10 360 18 360 228 361 49 361 8 361 236 362 18 362 49 362 236 363 49 363 228 363 228 364 8 364 20 364 228 365 20 365 237 365 238 366 22 366 239 366 237 367 20 367 22 367 237 368 22 368 238 368 239 369 25 369 240 369 239 370 22 370 25 370 25 371 23 371 240 371 240 372 23 372 241 372 241 373 23 373 26 373 241 374 26 374 242 374 242 375 26 375 81 375 242 376 81 376 84 376 242 377 84 377 243 377 243 378 84 378 83 378 243 379 83 379 86 379 246 380 157 380 161 380 247 381 158 381 246 381 246 382 158 382 157 382 248 383 249 383 247 383 247 384 249 384 156 384 247 385 156 385 158 385 250 386 249 386 251 386 251 387 249 387 248 387 250 388 251 388 252 388 250 389 252 389 253 389 253 390 252 390 254 390 253 391 254 391 255 391 255 392 254 392 256 392 255 393 256 393 257 393 257 394 256 394 258 394 257 395 258 395 259 395 260 396 259 396 258 396 260 397 261 397 259 397 262 398 263 398 260 398 260 399 263 399 261 399 264 400 265 400 262 400 262 401 265 401 263 401 245 402 244 402 264 402 264 403 244 403 265 403 72 404 266 404 267 404 72 405 268 405 266 405 266 406 268 406 245 406 245 407 268 407 244 407 72 408 267 408 89 408 89 409 267 409 90 409 90 410 267 410 269 410 90 411 269 411 91 411 91 412 269 412 270 412 270 413 79 413 80 413 270 414 80 414 91 414 71 415 73 415 271 415 293 416 272 416 273 416 244 417 268 417 71 417 71 418 268 418 72 418 265 419 244 419 274 419 265 420 274 420 263 420 263 421 274 421 275 421 276 422 259 422 261 422 276 423 257 423 259 423 257 424 277 424 255 424 253 425 255 425 278 425 278 426 250 426 253 426 250 427 278 427 279 427 279 428 249 428 250 428 249 429 279 429 192 429 281 430 155 430 130 430 280 431 282 431 281 431 280 432 281 432 130 432 283 433 284 433 280 433 280 434 284 434 282 434 285 435 284 435 283 435 287 436 285 436 286 436 289 437 287 437 288 437 290 438 289 438 288 438 291 439 290 439 273 439 273 440 272 440 291 440 292 441 293 441 273 441 292 442 93 442 293 442 94 443 93 443 292 443 94 444 292 444 108 444 73 445 108 445 294 445 294 446 108 446 292 446 294 447 292 447 273 447 294 448 273 448 295 448 295 449 273 449 290 449 295 450 290 450 288 450 296 451 73 451 294 451 296 452 294 452 297 452 297 453 294 453 295 453 297 454 295 454 298 454 298 455 295 455 288 455 298 456 288 456 286 456 286 457 288 457 287 457 271 458 73 458 296 458 271 459 296 459 274 459 274 460 296 460 297 460 274 461 297 461 299 461 299 462 297 462 298 462 299 463 298 463 300 463 300 464 298 464 286 464 300 465 286 465 301 465 301 466 286 466 285 466 301 467 285 467 283 467 280 468 130 468 302 468 280 469 302 469 283 469 283 470 302 470 303 470 283 471 303 471 301 471 301 472 303 472 304 472 301 473 304 473 300 473 300 474 304 474 305 474 300 475 305 475 299 475 299 476 305 476 275 476 299 477 275 477 274 477 271 478 274 478 244 478 271 479 244 479 71 479 130 480 128 480 302 480 302 481 128 481 306 481 302 482 306 482 303 482 303 483 306 483 307 483 303 484 307 484 304 484 304 485 307 485 308 485 304 486 308 486 305 486 305 487 308 487 276 487 305 488 276 488 275 488 275 489 276 489 261 489 275 490 261 490 263 490 128 491 192 491 306 491 306 492 192 492 309 492 306 493 309 493 307 493 307 494 309 494 310 494 307 495 310 495 308 495 308 496 310 496 277 496 308 497 277 497 276 497 276 498 277 498 257 498 309 499 192 499 279 499 309 500 279 500 278 500 309 501 278 501 310 501 310 502 278 502 255 502 310 503 255 503 277 503 231 504 251 504 248 504 252 505 251 505 236 505 236 506 254 506 252 506 228 507 256 507 236 507 236 508 256 508 254 508 248 509 247 509 231 509 161 510 142 510 246 510 246 511 142 511 231 511 246 512 231 512 247 512 239 513 240 513 270 513 270 514 240 514 241 514 239 515 258 515 238 515 258 516 237 516 238 516 258 517 228 517 237 517 228 518 258 518 256 518 241 519 242 519 270 519 270 520 242 520 243 520 270 521 243 521 79 521 269 522 262 522 260 522 269 523 264 523 262 523 269 524 245 524 264 524 269 525 267 525 266 525 269 526 266 526 245 526 260 527 258 527 269 527 269 528 258 528 270 528 270 529 258 529 239 529 79 530 243 530 86 530 235 531 236 531 230 531 230 532 234 532 235 532 233 533 234 533 230 533 232 534 233 534 230 534 230 535 229 535 232 535 230 536 236 536 231 536 231 537 236 537 251 537 197 538 293 538 199 538 199 539 293 539 93 539 202 540 272 540 293 540 202 541 293 541 197 541 272 542 202 542 291 542 291 543 202 543 201 543 291 544 201 544 290 544 290 545 201 545 200 545 290 546 200 546 289 546 289 547 200 547 194 547 289 548 194 548 193 548 289 549 193 549 287 549 206 550 284 550 285 550 206 551 285 551 207 551 207 552 285 552 193 552 193 553 285 553 287 553 204 554 284 554 206 554 203 555 282 555 205 555 205 556 282 556 204 556 204 557 282 557 284 557 203 558 281 558 282 558 208 559 149 559 209 559 209 560 149 560 155 560 209 561 155 561 203 561 203 562 155 562 281 562 208 563 150 563 149 563 210 564 146 564 153 564 210 565 153 565 151 565 210 566 151 566 208 566 208 567 151 567 150 567 210 568 144 568 146 568 199 569 93 569 198 569 198 570 93 570 95 570 198 571 95 571 97 571 198 572 97 572 195 572 78 573 195 573 98 573 98 574 195 574 97 574 67 575 75 575 68 575 195 576 78 576 75 576 195 577 75 577 67 577 216 578 37 578 217 578 217 579 37 579 39 579 220 580 4 580 216 580 216 581 4 581 37 581 4 582 220 582 36 582 36 583 220 583 219 583 36 584 219 584 34 584 34 585 219 585 218 585 34 586 218 586 35 586 35 587 218 587 212 587 35 588 212 588 2 588 2 589 212 589 211 589 211 590 30 590 2 590 30 591 211 591 225 591 30 592 225 592 32 592 32 593 225 593 224 593 32 594 224 594 29 594 29 595 224 595 223 595 222 596 28 596 223 596 223 597 28 597 29 597 221 598 6 598 222 598 222 599 6 599 28 599 227 600 106 600 6 600 227 601 6 601 221 601 226 602 70 602 227 602 227 603 70 603 106 603 226 604 102 604 105 604 226 605 105 605 104 605 226 606 104 606 70 606 226 607 100 607 102 607 217 608 39 608 215 608 215 609 39 609 169 609 215 610 169 610 213 610 213 611 169 611 140 611 213 612 140 612 141 612 213 613 141 613 170 613 133 614 172 614 171 614 171 615 134 615 133 615 170 616 172 616 213 616 213 617 172 617 133 617 312 618 311 618 313 618 315 619 314 619 316 619 315 620 317 620 318 620 315 621 319 621 314 621 315 622 318 622 320 622 315 623 320 623 319 623 315 624 321 624 322 624 322 625 317 625 315 625 316 626 313 626 311 626 316 627 311 627 323 627 316 628 323 628 315 628 315 629 323 629 321 629 325 630 324 630 326 630 327 631 328 631 325 631 325 632 328 632 324 632 326 633 329 633 325 633 331 634 330 634 332 634 331 635 332 635 312 635 332 636 333 636 312 636 312 637 333 637 311 637 327 638 334 638 328 638 334 639 327 639 335 639 357 640 337 640 336 640 336 641 337 641 338 641 344 642 339 642 340 642 340 643 341 643 342 643 343 644 344 644 340 644 340 645 342 645 345 645 340 646 345 646 343 646 340 647 346 647 347 647 340 648 347 648 348 648 340 649 348 649 341 649 339 650 338 650 337 650 339 651 337 651 340 651 340 652 337 652 346 652 331 653 349 653 350 653 351 654 352 654 353 654 351 655 353 655 331 655 331 656 353 656 349 656 331 657 350 657 354 657 331 658 354 658 325 658 331 659 325 659 330 659 330 660 325 660 329 660 354 661 355 661 325 661 325 662 355 662 356 662 325 663 356 663 357 663 357 664 336 664 325 664 358 665 352 665 351 665 335 666 327 666 360 666 335 667 360 667 361 667 361 668 360 668 362 668 361 669 362 669 363 669 363 670 364 670 365 670 365 671 364 671 366 671 370 672 371 672 369 672 372 673 373 673 374 673 374 674 373 674 375 674 376 675 373 675 372 675 379 676 381 676 378 676 338 677 380 677 336 677 325 678 360 678 327 678 363 679 362 679 381 679 363 680 381 680 364 680 365 681 366 681 382 681 365 682 382 682 367 682 367 683 382 683 368 683 368 684 382 684 383 684 368 685 383 685 384 685 368 686 384 686 369 686 369 687 384 687 385 687 369 688 385 688 370 688 386 689 379 689 377 689 386 690 377 690 387 690 387 691 377 691 388 691 388 692 377 692 376 692 388 693 376 693 389 693 389 694 376 694 372 694 390 695 371 695 370 695 359 696 390 696 370 696 359 697 370 697 385 697 389 698 385 698 384 698 389 699 384 699 388 699 388 700 384 700 383 700 388 701 383 701 387 701 387 702 383 702 382 702 387 703 382 703 386 703 386 704 382 704 366 704 386 705 366 705 364 705 336 706 360 706 325 706 391 707 359 707 374 707 374 708 359 708 372 708 372 709 359 709 385 709 372 710 385 710 389 710 379 711 386 711 364 711 379 712 364 712 381 712 378 713 381 713 362 713 378 714 362 714 380 714 380 715 362 715 360 715 380 716 360 716 336 716 375 717 391 717 374 717 393 718 394 718 395 718 395 719 394 719 396 719 395 720 396 720 397 720 397 721 398 721 399 721 402 722 423 722 401 722 313 723 403 723 312 723 404 724 405 724 424 724 424 725 405 725 392 725 392 726 405 726 358 726 392 727 358 727 351 727 422 728 408 728 404 728 409 729 410 729 411 729 412 730 413 730 409 730 412 731 409 731 411 731 415 732 416 732 417 732 394 733 415 733 396 733 397 734 396 734 425 734 397 735 425 735 398 735 399 736 398 736 418 736 399 737 418 737 400 737 400 738 418 738 419 738 400 739 419 739 402 739 414 740 410 740 409 740 392 741 312 741 403 741 392 742 403 742 424 742 424 743 403 743 401 743 424 744 401 744 423 744 422 745 423 745 402 745 422 746 402 746 419 746 425 747 418 747 398 747 417 748 425 748 396 748 417 749 396 749 415 749 417 750 416 750 414 750 417 751 414 751 409 751 417 752 409 752 425 752 425 753 409 753 413 753 425 754 413 754 420 754 425 755 420 755 418 755 418 756 420 756 419 756 419 757 420 757 421 757 419 758 421 758 422 758 312 759 392 759 331 759 392 760 351 760 331 760 404 761 424 761 423 761 404 762 423 762 422 762 408 763 422 763 421 763 408 764 421 764 407 764 407 765 421 765 420 765 407 766 420 766 406 766 406 767 420 767 413 767 406 768 413 768 412 768 426 769 427 769 428 769 429 770 430 770 431 770 453 771 436 771 432 771 443 772 439 772 442 772 445 773 444 773 446 773 448 774 449 774 450 774 450 775 449 775 451 775 394 776 393 776 434 776 393 777 448 777 434 777 452 778 411 778 410 778 430 779 454 779 431 779 435 780 430 780 429 780 427 781 426 781 455 781 455 782 426 782 456 782 458 783 459 783 457 783 461 784 460 784 459 784 436 785 452 785 432 785 432 786 452 786 410 786 432 787 410 787 414 787 416 788 432 788 414 788 431 789 454 789 453 789 431 790 453 790 462 790 462 791 453 791 432 791 462 792 432 792 463 792 463 793 432 793 416 793 463 794 416 794 433 794 433 795 416 795 415 795 434 796 433 796 415 796 434 797 415 797 394 797 447 798 437 798 451 798 429 799 431 799 464 799 464 800 431 800 462 800 464 801 462 801 465 801 465 802 462 802 463 802 465 803 463 803 466 803 466 804 463 804 433 804 466 805 433 805 450 805 450 806 433 806 434 806 450 807 434 807 448 807 438 808 444 808 445 808 427 809 435 809 428 809 428 810 435 810 429 810 428 811 429 811 467 811 467 812 429 812 464 812 468 813 426 813 428 813 468 814 428 814 467 814 469 815 467 815 464 815 469 816 464 816 470 816 470 817 464 817 465 817 470 818 465 818 437 818 437 819 465 819 466 819 437 820 466 820 451 820 451 821 466 821 450 821 439 822 443 822 446 822 458 823 457 823 456 823 458 824 456 824 471 824 471 825 456 825 426 825 471 826 426 826 468 826 472 827 468 827 467 827 472 828 467 828 469 828 473 829 471 829 468 829 473 830 468 830 472 830 474 831 472 831 469 831 474 832 469 832 445 832 445 833 469 833 470 833 445 834 470 834 438 834 438 835 470 835 437 835 438 836 437 836 447 836 461 837 459 837 458 837 461 838 458 838 471 838 461 839 471 839 473 839 475 840 473 840 472 840 475 841 472 841 474 841 375 842 460 842 391 842 391 843 460 843 461 843 476 844 461 844 473 844 476 845 473 845 475 845 443 846 475 846 474 846 443 847 474 847 446 847 446 848 474 848 445 848 390 849 441 849 440 849 440 850 371 850 390 850 477 851 441 851 390 851 477 852 390 852 359 852 443 853 442 853 441 853 443 854 441 854 477 854 476 855 477 855 359 855 476 856 359 856 391 856 475 857 443 857 477 857 475 858 477 858 476 858 461 859 476 859 391 859 333 860 332 860 442 860 318 861 448 861 320 861 317 862 449 862 448 862 317 863 448 863 318 863 322 864 451 864 317 864 317 865 451 865 449 865 321 866 447 866 322 866 322 867 447 867 451 867 447 868 321 868 438 868 438 869 321 869 323 869 438 870 323 870 311 870 438 871 311 871 444 871 311 872 446 872 444 872 333 873 439 873 446 873 333 874 446 874 311 874 442 875 439 875 333 875 330 876 441 876 332 876 332 877 441 877 442 877 326 878 440 878 329 878 329 879 440 879 330 879 330 880 440 880 441 880 440 881 326 881 371 881 371 882 326 882 324 882 371 883 324 883 369 883 369 884 324 884 328 884 369 885 328 885 368 885 368 886 328 886 367 886 367 887 328 887 334 887 367 888 334 888 365 888 361 889 363 889 335 889 335 890 363 890 334 890 334 891 363 891 365 891 320 892 448 892 393 892 320 893 393 893 319 893 319 894 393 894 395 894 319 895 395 895 397 895 319 896 397 896 314 896 397 897 399 897 314 897 314 898 399 898 400 898 314 899 400 899 316 899 316 900 401 900 403 900 316 901 403 901 313 901 316 902 400 902 402 902 316 903 402 903 401 903 355 904 354 904 436 904 342 905 459 905 460 905 342 906 460 906 345 906 341 907 459 907 342 907 348 908 457 908 459 908 348 909 459 909 341 909 347 910 456 910 457 910 347 911 457 911 348 911 346 912 455 912 456 912 346 913 456 913 347 913 455 914 346 914 337 914 455 915 337 915 427 915 427 916 337 916 435 916 357 917 430 917 337 917 337 918 430 918 435 918 356 919 454 919 357 919 357 920 454 920 430 920 355 921 453 921 356 921 356 922 453 922 454 922 355 923 436 923 453 923 350 924 452 924 354 924 452 925 436 925 354 925 349 926 411 926 350 926 350 927 411 927 452 927 406 928 412 928 353 928 353 929 412 929 349 929 349 930 412 930 411 930 406 931 353 931 352 931 406 932 352 932 407 932 407 933 352 933 358 933 407 934 358 934 408 934 405 935 404 935 358 935 358 936 404 936 408 936 345 937 460 937 375 937 345 938 375 938 343 938 343 939 375 939 373 939 343 940 373 940 344 940 339 941 377 941 379 941 344 942 373 942 376 942 344 943 376 943 339 943 339 944 376 944 377 944 339 945 378 945 380 945 339 946 380 946 338 946 339 947 379 947 378 947 479 948 478 948 480 948 482 949 481 949 483 949 482 950 484 950 485 950 482 951 486 951 481 951 482 952 485 952 487 952 482 953 487 953 486 953 482 954 488 954 489 954 489 955 484 955 482 955 483 956 480 956 478 956 483 957 478 957 490 957 483 958 490 958 482 958 482 959 490 959 488 959 492 960 491 960 493 960 494 961 495 961 492 961 492 962 495 962 491 962 493 963 496 963 492 963 498 964 497 964 499 964 498 965 499 965 479 965 499 966 500 966 479 966 479 967 500 967 478 967 494 968 501 968 495 968 501 969 494 969 502 969 524 970 504 970 503 970 503 971 504 971 505 971 511 972 506 972 507 972 507 973 508 973 509 973 510 974 511 974 507 974 507 975 509 975 512 975 507 976 512 976 510 976 507 977 513 977 514 977 507 978 514 978 515 978 507 979 515 979 508 979 506 980 505 980 504 980 506 981 504 981 507 981 507 982 504 982 513 982 498 983 516 983 517 983 518 984 519 984 520 984 518 985 520 985 498 985 498 986 520 986 516 986 498 987 517 987 521 987 498 988 521 988 492 988 498 989 492 989 497 989 497 990 492 990 496 990 521 991 522 991 492 991 492 992 522 992 523 992 492 993 523 993 524 993 524 994 503 994 492 994 525 995 519 995 518 995 502 996 494 996 527 996 502 997 527 997 528 997 528 998 527 998 529 998 528 999 529 999 530 999 530 1000 531 1000 532 1000 532 1001 531 1001 533 1001 537 1002 538 1002 536 1002 539 1003 540 1003 541 1003 541 1004 540 1004 542 1004 543 1005 540 1005 539 1005 546 1006 548 1006 545 1006 505 1007 547 1007 503 1007 492 1008 527 1008 494 1008 530 1009 529 1009 548 1009 530 1010 548 1010 531 1010 532 1011 533 1011 549 1011 532 1012 549 1012 534 1012 534 1013 549 1013 535 1013 535 1014 549 1014 550 1014 535 1015 550 1015 551 1015 535 1016 551 1016 536 1016 536 1017 551 1017 552 1017 536 1018 552 1018 537 1018 553 1019 546 1019 544 1019 553 1020 544 1020 554 1020 554 1021 544 1021 555 1021 555 1022 544 1022 543 1022 555 1023 543 1023 556 1023 556 1024 543 1024 539 1024 557 1025 538 1025 537 1025 526 1026 557 1026 537 1026 526 1027 537 1027 552 1027 556 1028 552 1028 551 1028 556 1029 551 1029 555 1029 555 1030 551 1030 550 1030 555 1031 550 1031 554 1031 554 1032 550 1032 549 1032 554 1033 549 1033 553 1033 553 1034 549 1034 533 1034 553 1035 533 1035 531 1035 503 1036 527 1036 492 1036 558 1037 526 1037 541 1037 541 1038 526 1038 539 1038 539 1039 526 1039 552 1039 539 1040 552 1040 556 1040 546 1041 553 1041 531 1041 546 1042 531 1042 548 1042 545 1043 548 1043 529 1043 545 1044 529 1044 547 1044 547 1045 529 1045 527 1045 547 1046 527 1046 503 1046 542 1047 558 1047 541 1047 560 1048 561 1048 562 1048 562 1049 561 1049 563 1049 562 1050 563 1050 564 1050 564 1051 565 1051 566 1051 569 1052 590 1052 568 1052 480 1053 570 1053 479 1053 571 1054 572 1054 591 1054 591 1055 572 1055 559 1055 559 1056 572 1056 525 1056 559 1057 525 1057 518 1057 589 1058 575 1058 571 1058 576 1059 577 1059 578 1059 579 1060 580 1060 576 1060 579 1061 576 1061 578 1061 582 1062 583 1062 584 1062 561 1063 582 1063 563 1063 564 1064 563 1064 592 1064 564 1065 592 1065 565 1065 566 1066 565 1066 585 1066 566 1067 585 1067 567 1067 567 1068 585 1068 586 1068 567 1069 586 1069 569 1069 581 1070 577 1070 576 1070 559 1071 479 1071 570 1071 559 1072 570 1072 591 1072 591 1073 570 1073 568 1073 591 1074 568 1074 590 1074 589 1075 590 1075 569 1075 589 1076 569 1076 586 1076 592 1077 585 1077 565 1077 584 1078 592 1078 563 1078 584 1079 563 1079 582 1079 584 1080 583 1080 581 1080 584 1081 581 1081 576 1081 584 1082 576 1082 592 1082 592 1083 576 1083 580 1083 592 1084 580 1084 587 1084 592 1085 587 1085 585 1085 585 1086 587 1086 586 1086 586 1087 587 1087 588 1087 586 1088 588 1088 589 1088 479 1089 559 1089 498 1089 559 1090 518 1090 498 1090 571 1091 591 1091 590 1091 571 1092 590 1092 589 1092 575 1093 589 1093 588 1093 575 1094 588 1094 574 1094 574 1095 588 1095 587 1095 574 1096 587 1096 573 1096 573 1097 587 1097 580 1097 573 1098 580 1098 579 1098 593 1099 594 1099 595 1099 596 1100 597 1100 598 1100 620 1101 603 1101 599 1101 610 1102 606 1102 609 1102 612 1103 611 1103 613 1103 615 1104 616 1104 617 1104 617 1105 616 1105 618 1105 561 1106 560 1106 601 1106 560 1107 615 1107 601 1107 619 1108 578 1108 577 1108 597 1109 621 1109 598 1109 602 1110 597 1110 596 1110 594 1111 593 1111 622 1111 622 1112 593 1112 623 1112 625 1113 626 1113 624 1113 628 1114 627 1114 626 1114 603 1115 619 1115 599 1115 599 1116 619 1116 577 1116 599 1117 577 1117 581 1117 583 1118 599 1118 581 1118 598 1119 621 1119 620 1119 598 1120 620 1120 629 1120 629 1121 620 1121 599 1121 629 1122 599 1122 630 1122 630 1123 599 1123 583 1123 630 1124 583 1124 600 1124 600 1125 583 1125 582 1125 601 1126 600 1126 582 1126 601 1127 582 1127 561 1127 614 1128 604 1128 618 1128 596 1129 598 1129 631 1129 631 1130 598 1130 629 1130 631 1131 629 1131 632 1131 632 1132 629 1132 630 1132 632 1133 630 1133 633 1133 633 1134 630 1134 600 1134 633 1135 600 1135 617 1135 617 1136 600 1136 601 1136 617 1137 601 1137 615 1137 605 1138 611 1138 612 1138 594 1139 602 1139 595 1139 595 1140 602 1140 596 1140 595 1141 596 1141 634 1141 634 1142 596 1142 631 1142 635 1143 593 1143 595 1143 635 1144 595 1144 634 1144 636 1145 634 1145 631 1145 636 1146 631 1146 637 1146 637 1147 631 1147 632 1147 637 1148 632 1148 604 1148 604 1149 632 1149 633 1149 604 1150 633 1150 618 1150 618 1151 633 1151 617 1151 606 1152 610 1152 613 1152 625 1153 624 1153 623 1153 625 1154 623 1154 638 1154 638 1155 623 1155 593 1155 638 1156 593 1156 635 1156 639 1157 635 1157 634 1157 639 1158 634 1158 636 1158 640 1159 638 1159 635 1159 640 1160 635 1160 639 1160 641 1161 639 1161 636 1161 641 1162 636 1162 612 1162 612 1163 636 1163 637 1163 612 1164 637 1164 605 1164 605 1165 637 1165 604 1165 605 1166 604 1166 614 1166 628 1167 626 1167 625 1167 628 1168 625 1168 638 1168 628 1169 638 1169 640 1169 642 1170 640 1170 639 1170 642 1171 639 1171 641 1171 542 1172 627 1172 558 1172 558 1173 627 1173 628 1173 643 1174 628 1174 640 1174 643 1175 640 1175 642 1175 610 1176 642 1176 641 1176 610 1177 641 1177 613 1177 613 1178 641 1178 612 1178 557 1179 608 1179 607 1179 607 1180 538 1180 557 1180 644 1181 608 1181 557 1181 644 1182 557 1182 526 1182 610 1183 609 1183 608 1183 610 1184 608 1184 644 1184 643 1185 644 1185 526 1185 643 1186 526 1186 558 1186 642 1187 610 1187 644 1187 642 1188 644 1188 643 1188 628 1189 643 1189 558 1189 500 1190 499 1190 609 1190 485 1191 615 1191 487 1191 484 1192 616 1192 615 1192 484 1193 615 1193 485 1193 489 1194 618 1194 484 1194 484 1195 618 1195 616 1195 488 1196 614 1196 489 1196 489 1197 614 1197 618 1197 614 1198 488 1198 605 1198 605 1199 488 1199 490 1199 605 1200 490 1200 478 1200 605 1201 478 1201 611 1201 478 1202 613 1202 611 1202 500 1203 606 1203 613 1203 500 1204 613 1204 478 1204 609 1205 606 1205 500 1205 497 1206 608 1206 499 1206 499 1207 608 1207 609 1207 493 1208 607 1208 496 1208 496 1209 607 1209 497 1209 497 1210 607 1210 608 1210 607 1211 493 1211 538 1211 538 1212 493 1212 491 1212 538 1213 491 1213 536 1213 536 1214 491 1214 495 1214 536 1215 495 1215 535 1215 535 1216 495 1216 534 1216 534 1217 495 1217 501 1217 534 1218 501 1218 532 1218 528 1219 530 1219 502 1219 502 1220 530 1220 501 1220 501 1221 530 1221 532 1221 487 1222 615 1222 560 1222 487 1223 560 1223 486 1223 486 1224 560 1224 562 1224 486 1225 562 1225 564 1225 486 1226 564 1226 481 1226 564 1227 566 1227 481 1227 481 1228 566 1228 567 1228 481 1229 567 1229 483 1229 483 1230 568 1230 570 1230 483 1231 570 1231 480 1231 483 1232 567 1232 569 1232 483 1233 569 1233 568 1233 522 1234 521 1234 603 1234 509 1235 626 1235 627 1235 509 1236 627 1236 512 1236 508 1237 626 1237 509 1237 515 1238 624 1238 626 1238 515 1239 626 1239 508 1239 514 1240 623 1240 624 1240 514 1241 624 1241 515 1241 513 1242 622 1242 623 1242 513 1243 623 1243 514 1243 622 1244 513 1244 504 1244 622 1245 504 1245 594 1245 594 1246 504 1246 602 1246 524 1247 597 1247 504 1247 504 1248 597 1248 602 1248 523 1249 621 1249 524 1249 524 1250 621 1250 597 1250 522 1251 620 1251 523 1251 523 1252 620 1252 621 1252 522 1253 603 1253 620 1253 517 1254 619 1254 521 1254 619 1255 603 1255 521 1255 516 1256 578 1256 517 1256 517 1257 578 1257 619 1257 573 1258 579 1258 520 1258 520 1259 579 1259 516 1259 516 1260 579 1260 578 1260 573 1261 520 1261 519 1261 573 1262 519 1262 574 1262 574 1263 519 1263 525 1263 574 1264 525 1264 575 1264 572 1265 571 1265 525 1265 525 1266 571 1266 575 1266 512 1267 627 1267 542 1267 512 1268 542 1268 510 1268 510 1269 542 1269 540 1269 510 1270 540 1270 511 1270 506 1271 544 1271 546 1271 511 1272 540 1272 543 1272 511 1273 543 1273 506 1273 506 1274 543 1274 544 1274 506 1275 545 1275 547 1275 506 1276 547 1276 505 1276 506 1277 546 1277 545 1277 646 1278 645 1278 647 1278 649 1279 648 1279 650 1279 649 1280 651 1280 652 1280 649 1281 653 1281 648 1281 649 1282 652 1282 654 1282 649 1283 654 1283 653 1283 649 1284 655 1284 656 1284 656 1285 651 1285 649 1285 650 1286 647 1286 645 1286 650 1287 645 1287 657 1287 650 1288 657 1288 649 1288 649 1289 657 1289 655 1289 659 1290 658 1290 660 1290 661 1291 662 1291 659 1291 659 1292 662 1292 658 1292 660 1293 663 1293 659 1293 665 1294 664 1294 666 1294 665 1295 666 1295 646 1295 666 1296 667 1296 646 1296 646 1297 667 1297 645 1297 661 1298 668 1298 662 1298 668 1299 661 1299 669 1299 691 1300 671 1300 670 1300 670 1301 671 1301 672 1301 678 1302 673 1302 674 1302 674 1303 675 1303 676 1303 677 1304 678 1304 674 1304 674 1305 676 1305 679 1305 674 1306 679 1306 677 1306 674 1307 680 1307 681 1307 674 1308 681 1308 682 1308 674 1309 682 1309 675 1309 673 1310 672 1310 671 1310 673 1311 671 1311 674 1311 674 1312 671 1312 680 1312 665 1313 683 1313 684 1313 685 1314 686 1314 687 1314 685 1315 687 1315 665 1315 665 1316 687 1316 683 1316 665 1317 684 1317 688 1317 665 1318 688 1318 659 1318 665 1319 659 1319 664 1319 664 1320 659 1320 663 1320 688 1321 689 1321 659 1321 659 1322 689 1322 690 1322 659 1323 690 1323 691 1323 691 1324 670 1324 659 1324 692 1325 686 1325 685 1325 669 1326 661 1326 694 1326 669 1327 694 1327 695 1327 695 1328 694 1328 696 1328 695 1329 696 1329 697 1329 697 1330 698 1330 699 1330 699 1331 698 1331 700 1331 704 1332 705 1332 703 1332 706 1333 707 1333 708 1333 708 1334 707 1334 709 1334 710 1335 707 1335 706 1335 713 1336 715 1336 712 1336 672 1337 714 1337 670 1337 659 1338 694 1338 661 1338 697 1339 696 1339 715 1339 697 1340 715 1340 698 1340 699 1341 700 1341 716 1341 699 1342 716 1342 701 1342 701 1343 716 1343 702 1343 702 1344 716 1344 717 1344 702 1345 717 1345 718 1345 702 1346 718 1346 703 1346 703 1347 718 1347 719 1347 703 1348 719 1348 704 1348 720 1349 713 1349 711 1349 720 1350 711 1350 721 1350 721 1351 711 1351 722 1351 722 1352 711 1352 710 1352 722 1353 710 1353 723 1353 723 1354 710 1354 706 1354 724 1355 705 1355 704 1355 693 1356 724 1356 704 1356 693 1357 704 1357 719 1357 723 1358 719 1358 718 1358 723 1359 718 1359 722 1359 722 1360 718 1360 717 1360 722 1361 717 1361 721 1361 721 1362 717 1362 716 1362 721 1363 716 1363 720 1363 720 1364 716 1364 700 1364 720 1365 700 1365 698 1365 670 1366 694 1366 659 1366 725 1367 693 1367 708 1367 708 1368 693 1368 706 1368 706 1369 693 1369 719 1369 706 1370 719 1370 723 1370 713 1371 720 1371 698 1371 713 1372 698 1372 715 1372 712 1373 715 1373 696 1373 712 1374 696 1374 714 1374 714 1375 696 1375 694 1375 714 1376 694 1376 670 1376 709 1377 725 1377 708 1377 727 1378 728 1378 729 1378 729 1379 728 1379 730 1379 729 1380 730 1380 731 1380 731 1381 732 1381 733 1381 736 1382 757 1382 735 1382 647 1383 737 1383 646 1383 738 1384 739 1384 758 1384 758 1385 739 1385 726 1385 726 1386 739 1386 692 1386 726 1387 692 1387 685 1387 756 1388 742 1388 738 1388 743 1389 744 1389 745 1389 746 1390 747 1390 743 1390 746 1391 743 1391 745 1391 749 1392 750 1392 751 1392 728 1393 749 1393 730 1393 731 1394 730 1394 759 1394 731 1395 759 1395 732 1395 733 1396 732 1396 752 1396 733 1397 752 1397 734 1397 734 1398 752 1398 753 1398 734 1399 753 1399 736 1399 748 1400 744 1400 743 1400 726 1401 646 1401 737 1401 726 1402 737 1402 758 1402 758 1403 737 1403 735 1403 758 1404 735 1404 757 1404 756 1405 757 1405 736 1405 756 1406 736 1406 753 1406 759 1407 752 1407 732 1407 751 1408 759 1408 730 1408 751 1409 730 1409 749 1409 751 1410 750 1410 748 1410 751 1411 748 1411 743 1411 751 1412 743 1412 759 1412 759 1413 743 1413 747 1413 759 1414 747 1414 754 1414 759 1415 754 1415 752 1415 752 1416 754 1416 753 1416 753 1417 754 1417 755 1417 753 1418 755 1418 756 1418 646 1419 726 1419 665 1419 726 1420 685 1420 665 1420 738 1421 758 1421 757 1421 738 1422 757 1422 756 1422 742 1423 756 1423 755 1423 742 1424 755 1424 741 1424 741 1425 755 1425 754 1425 741 1426 754 1426 740 1426 740 1427 754 1427 747 1427 740 1428 747 1428 746 1428 760 1429 761 1429 762 1429 763 1430 764 1430 765 1430 787 1431 770 1431 766 1431 777 1432 773 1432 776 1432 779 1433 778 1433 780 1433 782 1434 783 1434 784 1434 784 1435 783 1435 785 1435 728 1436 727 1436 768 1436 727 1437 782 1437 768 1437 786 1438 745 1438 744 1438 764 1439 788 1439 765 1439 769 1440 764 1440 763 1440 761 1441 760 1441 789 1441 789 1442 760 1442 790 1442 792 1443 793 1443 791 1443 795 1444 794 1444 793 1444 770 1445 786 1445 766 1445 766 1446 786 1446 744 1446 766 1447 744 1447 748 1447 750 1448 766 1448 748 1448 765 1449 788 1449 787 1449 765 1450 787 1450 796 1450 796 1451 787 1451 766 1451 796 1452 766 1452 797 1452 797 1453 766 1453 750 1453 797 1454 750 1454 767 1454 767 1455 750 1455 749 1455 768 1456 767 1456 749 1456 768 1457 749 1457 728 1457 781 1458 771 1458 785 1458 763 1459 765 1459 798 1459 798 1460 765 1460 796 1460 798 1461 796 1461 799 1461 799 1462 796 1462 797 1462 799 1463 797 1463 800 1463 800 1464 797 1464 767 1464 800 1465 767 1465 784 1465 784 1466 767 1466 768 1466 784 1467 768 1467 782 1467 772 1468 778 1468 779 1468 761 1469 769 1469 762 1469 762 1470 769 1470 763 1470 762 1471 763 1471 801 1471 801 1472 763 1472 798 1472 802 1473 760 1473 762 1473 802 1474 762 1474 801 1474 803 1475 801 1475 798 1475 803 1476 798 1476 804 1476 804 1477 798 1477 799 1477 804 1478 799 1478 771 1478 771 1479 799 1479 800 1479 771 1480 800 1480 785 1480 785 1481 800 1481 784 1481 773 1482 777 1482 780 1482 792 1483 791 1483 790 1483 792 1484 790 1484 805 1484 805 1485 790 1485 760 1485 805 1486 760 1486 802 1486 806 1487 802 1487 801 1487 806 1488 801 1488 803 1488 807 1489 805 1489 802 1489 807 1490 802 1490 806 1490 808 1491 806 1491 803 1491 808 1492 803 1492 779 1492 779 1493 803 1493 804 1493 779 1494 804 1494 772 1494 772 1495 804 1495 771 1495 772 1496 771 1496 781 1496 795 1497 793 1497 792 1497 795 1498 792 1498 805 1498 795 1499 805 1499 807 1499 809 1500 807 1500 806 1500 809 1501 806 1501 808 1501 709 1502 794 1502 725 1502 725 1503 794 1503 795 1503 810 1504 795 1504 807 1504 810 1505 807 1505 809 1505 777 1506 809 1506 808 1506 777 1507 808 1507 780 1507 780 1508 808 1508 779 1508 724 1509 775 1509 774 1509 774 1510 705 1510 724 1510 811 1511 775 1511 724 1511 811 1512 724 1512 693 1512 777 1513 776 1513 775 1513 777 1514 775 1514 811 1514 810 1515 811 1515 693 1515 810 1516 693 1516 725 1516 809 1517 777 1517 811 1517 809 1518 811 1518 810 1518 795 1519 810 1519 725 1519 667 1520 666 1520 776 1520 652 1521 782 1521 654 1521 651 1522 783 1522 782 1522 651 1523 782 1523 652 1523 656 1524 785 1524 651 1524 651 1525 785 1525 783 1525 655 1526 781 1526 656 1526 656 1527 781 1527 785 1527 781 1528 655 1528 772 1528 772 1529 655 1529 657 1529 772 1530 657 1530 645 1530 772 1531 645 1531 778 1531 645 1532 780 1532 778 1532 667 1533 773 1533 780 1533 667 1534 780 1534 645 1534 776 1535 773 1535 667 1535 664 1536 775 1536 666 1536 666 1537 775 1537 776 1537 660 1538 774 1538 663 1538 663 1539 774 1539 664 1539 664 1540 774 1540 775 1540 774 1541 660 1541 705 1541 705 1542 660 1542 658 1542 705 1543 658 1543 703 1543 703 1544 658 1544 662 1544 703 1545 662 1545 702 1545 702 1546 662 1546 701 1546 701 1547 662 1547 668 1547 701 1548 668 1548 699 1548 695 1549 697 1549 669 1549 669 1550 697 1550 668 1550 668 1551 697 1551 699 1551 654 1552 782 1552 727 1552 654 1553 727 1553 653 1553 653 1554 727 1554 729 1554 653 1555 729 1555 731 1555 653 1556 731 1556 648 1556 731 1557 733 1557 648 1557 648 1558 733 1558 734 1558 648 1559 734 1559 650 1559 650 1560 735 1560 737 1560 650 1561 737 1561 647 1561 650 1562 734 1562 736 1562 650 1563 736 1563 735 1563 689 1564 688 1564 770 1564 676 1565 793 1565 794 1565 676 1566 794 1566 679 1566 675 1567 793 1567 676 1567 682 1568 791 1568 793 1568 682 1569 793 1569 675 1569 681 1570 790 1570 791 1570 681 1571 791 1571 682 1571 680 1572 789 1572 790 1572 680 1573 790 1573 681 1573 789 1574 680 1574 671 1574 789 1575 671 1575 761 1575 761 1576 671 1576 769 1576 691 1577 764 1577 671 1577 671 1578 764 1578 769 1578 690 1579 788 1579 691 1579 691 1580 788 1580 764 1580 689 1581 787 1581 690 1581 690 1582 787 1582 788 1582 689 1583 770 1583 787 1583 684 1584 786 1584 688 1584 786 1585 770 1585 688 1585 683 1586 745 1586 684 1586 684 1587 745 1587 786 1587 740 1588 746 1588 687 1588 687 1589 746 1589 683 1589 683 1590 746 1590 745 1590 740 1591 687 1591 686 1591 740 1592 686 1592 741 1592 741 1593 686 1593 692 1593 741 1594 692 1594 742 1594 739 1595 738 1595 692 1595 692 1596 738 1596 742 1596 679 1597 794 1597 709 1597 679 1598 709 1598 677 1598 677 1599 709 1599 707 1599 677 1600 707 1600 678 1600 673 1601 711 1601 713 1601 678 1602 707 1602 710 1602 678 1603 710 1603 673 1603 673 1604 710 1604 711 1604 673 1605 712 1605 714 1605 673 1606 714 1606 672 1606 673 1607 713 1607 712 1607 813 1608 812 1608 814 1608 816 1609 815 1609 817 1609 816 1610 818 1610 819 1610 816 1611 820 1611 815 1611 816 1612 819 1612 821 1612 816 1613 821 1613 820 1613 816 1614 822 1614 823 1614 823 1615 818 1615 816 1615 817 1616 814 1616 812 1616 817 1617 812 1617 824 1617 817 1618 824 1618 816 1618 816 1619 824 1619 822 1619 826 1620 825 1620 827 1620 828 1621 829 1621 826 1621 826 1622 829 1622 825 1622 827 1623 830 1623 826 1623 832 1624 831 1624 833 1624 832 1625 833 1625 813 1625 833 1626 834 1626 813 1626 813 1627 834 1627 812 1627 828 1628 835 1628 829 1628 835 1629 828 1629 836 1629 858 1630 838 1630 837 1630 837 1631 838 1631 839 1631 845 1632 840 1632 841 1632 841 1633 842 1633 843 1633 844 1634 845 1634 841 1634 841 1635 843 1635 846 1635 841 1636 846 1636 844 1636 841 1637 847 1637 848 1637 841 1638 848 1638 849 1638 841 1639 849 1639 842 1639 840 1640 839 1640 838 1640 840 1641 838 1641 841 1641 841 1642 838 1642 847 1642 832 1643 850 1643 851 1643 852 1644 853 1644 854 1644 852 1645 854 1645 832 1645 832 1646 854 1646 850 1646 832 1647 851 1647 855 1647 832 1648 855 1648 826 1648 832 1649 826 1649 831 1649 831 1650 826 1650 830 1650 855 1651 856 1651 826 1651 826 1652 856 1652 857 1652 826 1653 857 1653 858 1653 858 1654 837 1654 826 1654 859 1655 853 1655 852 1655 836 1656 828 1656 861 1656 836 1657 861 1657 862 1657 862 1658 861 1658 863 1658 862 1659 863 1659 864 1659 864 1660 865 1660 866 1660 866 1661 865 1661 867 1661 871 1662 872 1662 870 1662 873 1663 874 1663 875 1663 875 1664 874 1664 876 1664 877 1665 874 1665 873 1665 880 1666 882 1666 879 1666 839 1667 881 1667 837 1667 826 1668 861 1668 828 1668 864 1669 863 1669 882 1669 864 1670 882 1670 865 1670 866 1671 867 1671 883 1671 866 1672 883 1672 868 1672 868 1673 883 1673 869 1673 869 1674 883 1674 884 1674 869 1675 884 1675 885 1675 869 1676 885 1676 870 1676 870 1677 885 1677 886 1677 870 1678 886 1678 871 1678 887 1679 880 1679 878 1679 887 1680 878 1680 888 1680 888 1681 878 1681 889 1681 889 1682 878 1682 877 1682 889 1683 877 1683 890 1683 890 1684 877 1684 873 1684 891 1685 872 1685 871 1685 860 1686 891 1686 871 1686 860 1687 871 1687 886 1687 890 1688 886 1688 885 1688 890 1689 885 1689 889 1689 889 1690 885 1690 884 1690 889 1691 884 1691 888 1691 888 1692 884 1692 883 1692 888 1693 883 1693 887 1693 887 1694 883 1694 867 1694 887 1695 867 1695 865 1695 837 1696 861 1696 826 1696 892 1697 860 1697 875 1697 875 1698 860 1698 873 1698 873 1699 860 1699 886 1699 873 1700 886 1700 890 1700 880 1701 887 1701 865 1701 880 1702 865 1702 882 1702 879 1703 882 1703 863 1703 879 1704 863 1704 881 1704 881 1705 863 1705 861 1705 881 1706 861 1706 837 1706 876 1707 892 1707 875 1707 894 1708 895 1708 896 1708 896 1709 895 1709 897 1709 896 1710 897 1710 898 1710 898 1711 899 1711 900 1711 903 1712 924 1712 902 1712 814 1713 904 1713 813 1713 905 1714 906 1714 925 1714 925 1715 906 1715 893 1715 893 1716 906 1716 859 1716 893 1717 859 1717 852 1717 923 1718 909 1718 905 1718 910 1719 911 1719 912 1719 913 1720 914 1720 910 1720 913 1721 910 1721 912 1721 916 1722 917 1722 918 1722 895 1723 916 1723 897 1723 898 1724 897 1724 926 1724 898 1725 926 1725 899 1725 900 1726 899 1726 919 1726 900 1727 919 1727 901 1727 901 1728 919 1728 920 1728 901 1729 920 1729 903 1729 915 1730 911 1730 910 1730 893 1731 813 1731 904 1731 893 1732 904 1732 925 1732 925 1733 904 1733 902 1733 925 1734 902 1734 924 1734 923 1735 924 1735 903 1735 923 1736 903 1736 920 1736 926 1737 919 1737 899 1737 918 1738 926 1738 897 1738 918 1739 897 1739 916 1739 918 1740 917 1740 915 1740 918 1741 915 1741 910 1741 918 1742 910 1742 926 1742 926 1743 910 1743 914 1743 926 1744 914 1744 921 1744 926 1745 921 1745 919 1745 919 1746 921 1746 920 1746 920 1747 921 1747 922 1747 920 1748 922 1748 923 1748 813 1749 893 1749 832 1749 893 1750 852 1750 832 1750 905 1751 925 1751 924 1751 905 1752 924 1752 923 1752 909 1753 923 1753 922 1753 909 1754 922 1754 908 1754 908 1755 922 1755 921 1755 908 1756 921 1756 907 1756 907 1757 921 1757 914 1757 907 1758 914 1758 913 1758 927 1759 928 1759 929 1759 930 1760 931 1760 932 1760 954 1761 937 1761 933 1761 944 1762 940 1762 943 1762 946 1763 945 1763 947 1763 949 1764 950 1764 951 1764 951 1765 950 1765 952 1765 895 1766 894 1766 935 1766 894 1767 949 1767 935 1767 953 1768 912 1768 911 1768 931 1769 955 1769 932 1769 936 1770 931 1770 930 1770 928 1771 927 1771 956 1771 956 1772 927 1772 957 1772 959 1773 960 1773 958 1773 962 1774 961 1774 960 1774 937 1775 953 1775 933 1775 933 1776 953 1776 911 1776 933 1777 911 1777 915 1777 917 1778 933 1778 915 1778 932 1779 955 1779 954 1779 932 1780 954 1780 963 1780 963 1781 954 1781 933 1781 963 1782 933 1782 964 1782 964 1783 933 1783 917 1783 964 1784 917 1784 934 1784 934 1785 917 1785 916 1785 935 1786 934 1786 916 1786 935 1787 916 1787 895 1787 948 1788 938 1788 952 1788 930 1789 932 1789 965 1789 965 1790 932 1790 963 1790 965 1791 963 1791 966 1791 966 1792 963 1792 964 1792 966 1793 964 1793 967 1793 967 1794 964 1794 934 1794 967 1795 934 1795 951 1795 951 1796 934 1796 935 1796 951 1797 935 1797 949 1797 939 1798 945 1798 946 1798 928 1799 936 1799 929 1799 929 1800 936 1800 930 1800 929 1801 930 1801 968 1801 968 1802 930 1802 965 1802 969 1803 927 1803 929 1803 969 1804 929 1804 968 1804 970 1805 968 1805 965 1805 970 1806 965 1806 971 1806 971 1807 965 1807 966 1807 971 1808 966 1808 938 1808 938 1809 966 1809 967 1809 938 1810 967 1810 952 1810 952 1811 967 1811 951 1811 940 1812 944 1812 947 1812 959 1813 958 1813 957 1813 959 1814 957 1814 972 1814 972 1815 957 1815 927 1815 972 1816 927 1816 969 1816 973 1817 969 1817 968 1817 973 1818 968 1818 970 1818 974 1819 972 1819 969 1819 974 1820 969 1820 973 1820 975 1821 973 1821 970 1821 975 1822 970 1822 946 1822 946 1823 970 1823 971 1823 946 1824 971 1824 939 1824 939 1825 971 1825 938 1825 939 1826 938 1826 948 1826 962 1827 960 1827 959 1827 962 1828 959 1828 972 1828 962 1829 972 1829 974 1829 976 1830 974 1830 973 1830 976 1831 973 1831 975 1831 876 1832 961 1832 892 1832 892 1833 961 1833 962 1833 977 1834 962 1834 974 1834 977 1835 974 1835 976 1835 944 1836 976 1836 975 1836 944 1837 975 1837 947 1837 947 1838 975 1838 946 1838 891 1839 942 1839 941 1839 941 1840 872 1840 891 1840 978 1841 942 1841 891 1841 978 1842 891 1842 860 1842 944 1843 943 1843 942 1843 944 1844 942 1844 978 1844 977 1845 978 1845 860 1845 977 1846 860 1846 892 1846 976 1847 944 1847 978 1847 976 1848 978 1848 977 1848 962 1849 977 1849 892 1849 834 1850 833 1850 943 1850 819 1851 949 1851 821 1851 818 1852 950 1852 949 1852 818 1853 949 1853 819 1853 823 1854 952 1854 818 1854 818 1855 952 1855 950 1855 822 1856 948 1856 823 1856 823 1857 948 1857 952 1857 948 1858 822 1858 939 1858 939 1859 822 1859 824 1859 939 1860 824 1860 812 1860 939 1861 812 1861 945 1861 812 1862 947 1862 945 1862 834 1863 940 1863 947 1863 834 1864 947 1864 812 1864 943 1865 940 1865 834 1865 831 1866 942 1866 833 1866 833 1867 942 1867 943 1867 827 1868 941 1868 830 1868 830 1869 941 1869 831 1869 831 1870 941 1870 942 1870 941 1871 827 1871 872 1871 872 1872 827 1872 825 1872 872 1873 825 1873 870 1873 870 1874 825 1874 829 1874 870 1875 829 1875 869 1875 869 1876 829 1876 868 1876 868 1877 829 1877 835 1877 868 1878 835 1878 866 1878 862 1879 864 1879 836 1879 836 1880 864 1880 835 1880 835 1881 864 1881 866 1881 821 1882 949 1882 894 1882 821 1883 894 1883 820 1883 820 1884 894 1884 896 1884 820 1885 896 1885 898 1885 820 1886 898 1886 815 1886 898 1887 900 1887 815 1887 815 1888 900 1888 901 1888 815 1889 901 1889 817 1889 817 1890 902 1890 904 1890 817 1891 904 1891 814 1891 817 1892 901 1892 903 1892 817 1893 903 1893 902 1893 856 1894 855 1894 937 1894 843 1895 960 1895 961 1895 843 1896 961 1896 846 1896 842 1897 960 1897 843 1897 849 1898 958 1898 960 1898 849 1899 960 1899 842 1899 848 1900 957 1900 958 1900 848 1901 958 1901 849 1901 847 1902 956 1902 957 1902 847 1903 957 1903 848 1903 956 1904 847 1904 838 1904 956 1905 838 1905 928 1905 928 1906 838 1906 936 1906 858 1907 931 1907 838 1907 838 1908 931 1908 936 1908 857 1909 955 1909 858 1909 858 1910 955 1910 931 1910 856 1911 954 1911 857 1911 857 1912 954 1912 955 1912 856 1913 937 1913 954 1913 851 1914 953 1914 855 1914 953 1915 937 1915 855 1915 850 1916 912 1916 851 1916 851 1917 912 1917 953 1917 907 1918 913 1918 854 1918 854 1919 913 1919 850 1919 850 1920 913 1920 912 1920 907 1921 854 1921 853 1921 907 1922 853 1922 908 1922 908 1923 853 1923 859 1923 908 1924 859 1924 909 1924 906 1925 905 1925 859 1925 859 1926 905 1926 909 1926 846 1927 961 1927 876 1927 846 1928 876 1928 844 1928 844 1929 876 1929 874 1929 844 1930 874 1930 845 1930 840 1931 878 1931 880 1931 845 1932 874 1932 877 1932 845 1933 877 1933 840 1933 840 1934 877 1934 878 1934 840 1935 879 1935 881 1935 840 1936 881 1936 839 1936 840 1937 880 1937 879 1937 979 1938 980 1938 981 1938 980 1939 979 1939 982 1939 982 1940 986 1940 983 1940 979 1941 984 1941 982 1941 982 1942 984 1942 985 1942 982 1943 985 1943 986 1943 987 1944 988 1944 989 1944 987 1945 989 1945 990 1945 987 1946 990 1946 991 1946 987 1947 991 1947 981 1947 981 1948 991 1948 979 1948 992 1949 993 1949 988 1949 996 1950 997 1950 998 1950 998 1951 999 1951 996 1951 998 1952 997 1952 993 1952 998 1953 993 1953 992 1953 1000 1954 1001 1954 998 1954 998 1955 1001 1955 999 1955 1004 1956 1002 1956 1003 1956 1004 1957 1003 1957 1005 1957 1005 1958 1006 1958 1007 1958 1003 1959 1008 1959 1005 1959 1005 1960 1008 1960 1009 1960 1005 1961 1009 1961 1010 1961 1005 1962 1010 1962 1006 1962 988 1963 987 1963 994 1963 988 1964 994 1964 995 1964 988 1965 995 1965 992 1965 992 1966 995 1966 1011 1966 1011 1967 1002 1967 992 1967 1002 1968 1011 1968 1012 1968 1002 1969 1012 1969 1013 1969 1002 1970 1013 1970 1003 1970 1016 1971 1014 1971 1015 1971 1014 1972 1017 1972 1015 1972 1015 1973 1017 1973 994 1973 994 1974 1017 1974 995 1974 1015 1975 1018 1975 1019 1975 1015 1976 1019 1976 1016 1976 1020 1977 1034 1977 1022 1977 1025 1978 1026 1978 1027 1978 1027 1979 1026 1979 1028 1979 1028 1980 1026 1980 1024 1980 1025 1981 1029 1981 1026 1981 1031 1982 1030 1982 1029 1982 1034 1983 1033 1983 1022 1983 1039 1984 1038 1984 1040 1984 1000 1985 998 1985 1024 1985 1029 1986 1025 1986 1044 1986 1029 1987 1044 1987 1031 1987 1030 1988 1031 1988 1045 1988 1030 1989 1045 1989 1032 1989 1032 1990 1045 1990 1046 1990 1032 1991 1046 1991 1047 1991 1032 1992 1047 1992 1048 1992 1032 1993 1048 1993 1033 1993 1033 1994 1048 1994 1022 1994 1042 1995 1037 1995 1041 1995 1041 1996 1037 1996 1049 1996 1049 1997 1037 1997 1038 1997 1049 1998 1038 1998 1039 1998 1050 1999 1039 1999 1040 1999 1050 2000 1040 2000 1036 2000 992 2001 1002 2001 1043 2001 1028 2002 1043 2002 1023 2002 1028 2003 1023 2003 1027 2003 1027 2004 1023 2004 1025 2004 1025 2005 1023 2005 1042 2005 1025 2006 1042 2006 1041 2006 1050 2007 1049 2007 1039 2007 1021 2008 1050 2008 1036 2008 1051 2009 1036 2009 1035 2009 1051 2010 1035 2010 1052 2010 1021 2011 1020 2011 1022 2011 1021 2012 1022 2012 1048 2012 1021 2013 1048 2013 1050 2013 1050 2014 1048 2014 1047 2014 1050 2015 1047 2015 1046 2015 1050 2016 1046 2016 1049 2016 1049 2017 1046 2017 1045 2017 1049 2018 1045 2018 1041 2018 1041 2019 1045 2019 1031 2019 1041 2020 1031 2020 1044 2020 1041 2021 1044 2021 1025 2021 1043 2022 1028 2022 1024 2022 1043 2023 1024 2023 992 2023 992 2024 1024 2024 998 2024 1040 2025 1035 2025 1036 2025 1036 2026 1051 2026 1021 2026 1021 2027 1051 2027 1053 2027 1021 2028 1053 2028 1020 2028 1052 2029 1053 2029 1051 2029 994 2030 987 2030 1054 2030 1056 2031 1075 2031 1055 2031 1058 2032 1056 2032 1059 2032 1061 2033 1058 2033 1059 2033 1061 2034 1059 2034 1062 2034 1062 2035 1059 2035 1063 2035 1062 2036 1063 2036 1064 2036 1064 2037 1065 2037 1066 2037 1015 2038 1054 2038 1018 2038 1018 2039 1054 2039 1071 2039 1071 2040 1054 2040 1080 2040 1071 2041 1080 2041 1079 2041 1071 2042 1079 2042 1078 2042 1071 2043 1078 2043 1072 2043 1075 2044 1111 2044 1055 2044 1064 2045 1063 2045 1076 2045 1064 2046 1076 2046 1065 2046 1066 2047 1065 2047 1077 2047 1066 2048 1077 2048 1067 2048 1067 2049 1077 2049 1068 2049 1067 2050 1068 2050 1069 2050 1059 2051 1056 2051 1057 2051 1059 2052 1057 2052 1063 2052 1063 2053 1057 2053 1076 2053 1065 2054 1076 2054 1077 2054 1069 2055 1068 2055 1078 2055 1069 2056 1078 2056 1060 2056 1060 2057 1078 2057 1079 2057 1060 2058 1079 2058 1080 2058 1060 2059 1080 2059 1070 2059 1070 2060 1080 2060 1054 2060 1054 2061 987 2061 1070 2061 1070 2062 987 2062 981 2062 1081 2063 1078 2063 1068 2063 1081 2064 1068 2064 1082 2064 1082 2065 1068 2065 1077 2065 1082 2066 1077 2066 1076 2066 1082 2067 1076 2067 1083 2067 1083 2068 1076 2068 1084 2068 1084 2069 1076 2069 1057 2069 1084 2070 1057 2070 1055 2070 1055 2071 1057 2071 1056 2071 994 2072 1054 2072 1015 2072 1111 2073 1085 2073 1055 2073 1055 2074 1085 2074 1084 2074 1084 2075 1085 2075 1074 2075 1084 2076 1074 2076 1083 2076 1083 2077 1074 2077 1082 2077 1082 2078 1074 2078 1073 2078 1082 2079 1073 2079 1081 2079 1081 2080 1073 2080 1072 2080 1081 2081 1072 2081 1078 2081 1088 2082 1089 2082 1090 2082 1034 2083 1098 2083 1033 2083 1034 2084 1099 2084 1098 2084 1100 2085 1101 2085 1099 2085 1102 2086 1101 2086 1100 2086 1103 2087 1097 2087 1102 2087 1123 2088 1104 2088 1105 2088 1107 2089 1108 2089 1109 2089 1109 2090 1108 2090 1110 2090 1058 2091 1061 2091 1093 2091 1061 2092 1107 2092 1093 2092 1113 2093 1112 2093 1114 2093 1089 2094 1113 2094 1090 2094 1088 2095 1115 2095 1089 2095 1087 2096 1115 2096 1088 2096 1087 2097 1116 2097 1115 2097 1086 2098 1116 2098 1087 2098 1118 2099 1117 2099 1095 2099 1118 2100 1119 2100 1052 2100 1075 2101 1092 2101 1091 2101 1075 2102 1091 2102 1111 2102 1114 2103 1112 2103 1091 2103 1114 2104 1091 2104 1092 2104 1120 2105 1092 2105 1075 2105 1120 2106 1075 2106 1056 2106 1114 2107 1092 2107 1120 2107 1090 2108 1113 2108 1114 2108 1121 2109 1114 2109 1120 2109 1093 2110 1120 2110 1056 2110 1093 2111 1056 2111 1058 2111 1106 2112 1096 2112 1110 2112 1090 2113 1114 2113 1122 2113 1122 2114 1114 2114 1121 2114 1121 2115 1120 2115 1093 2115 1106 2116 1123 2116 1096 2116 1096 2117 1123 2117 1105 2117 1124 2118 1121 2118 1093 2118 1124 2119 1093 2119 1109 2119 1109 2120 1093 2120 1107 2120 1125 2121 1088 2121 1090 2121 1125 2122 1090 2122 1126 2122 1126 2123 1090 2123 1122 2123 1126 2124 1122 2124 1096 2124 1096 2125 1122 2125 1121 2125 1096 2126 1121 2126 1124 2126 1104 2127 1097 2127 1103 2127 1095 2128 1094 2128 1086 2128 1095 2129 1086 2129 1127 2129 1127 2130 1086 2130 1087 2130 1128 2131 1087 2131 1088 2131 1128 2132 1088 2132 1125 2132 1096 2133 1124 2133 1110 2133 1110 2134 1124 2134 1109 2134 1117 2135 1094 2135 1095 2135 1127 2136 1087 2136 1128 2136 1128 2137 1125 2137 1129 2137 1129 2138 1125 2138 1126 2138 1129 2139 1126 2139 1105 2139 1105 2140 1126 2140 1096 2140 1119 2141 1118 2141 1095 2141 1119 2142 1095 2142 1127 2142 1130 2143 1127 2143 1128 2143 1053 2144 1052 2144 1119 2144 1131 2145 1119 2145 1127 2145 1131 2146 1127 2146 1130 2146 1130 2147 1128 2147 1103 2147 1103 2148 1128 2148 1129 2148 1103 2149 1129 2149 1104 2149 1104 2150 1129 2150 1105 2150 1100 2151 1034 2151 1020 2151 1099 2152 1034 2152 1100 2152 1131 2153 1100 2153 1020 2153 1103 2154 1102 2154 1130 2154 1130 2155 1102 2155 1100 2155 1130 2156 1100 2156 1131 2156 1131 2157 1020 2157 1053 2157 1119 2158 1131 2158 1053 2158 986 2159 1107 2159 983 2159 986 2160 1108 2160 1107 2160 985 2161 1108 2161 986 2161 984 2162 1110 2162 985 2162 985 2163 1110 2163 1108 2163 984 2164 1106 2164 1110 2164 979 2165 1106 2165 984 2165 991 2166 1104 2166 979 2166 1104 2167 1123 2167 979 2167 979 2168 1123 2168 1106 2168 991 2169 1097 2169 1104 2169 990 2170 1097 2170 991 2170 989 2171 1102 2171 990 2171 990 2172 1102 2172 1097 2172 988 2173 1101 2173 989 2173 989 2174 1101 2174 1102 2174 1098 2175 1099 2175 997 2175 997 2176 1099 2176 993 2176 993 2177 1099 2177 988 2177 988 2178 1099 2178 1101 2178 1098 2179 997 2179 996 2179 1098 2180 996 2180 1033 2180 1033 2181 996 2181 999 2181 1033 2182 999 2182 1032 2182 999 2183 1030 2183 1032 2183 1001 2184 1029 2184 1030 2184 1001 2185 1030 2185 999 2185 1000 2186 1024 2186 1001 2186 1024 2187 1026 2187 1001 2187 1001 2188 1026 2188 1029 2188 983 2189 1107 2189 1061 2189 983 2190 1061 2190 982 2190 982 2191 1061 2191 1062 2191 982 2192 1062 2192 1064 2192 982 2193 1064 2193 980 2193 1067 2194 980 2194 1066 2194 1066 2195 980 2195 1064 2195 980 2196 1060 2196 1070 2196 980 2197 1070 2197 981 2197 980 2198 1067 2198 1069 2198 980 2199 1069 2199 1060 2199 1118 2200 1006 2200 1010 2200 1118 2201 1010 2201 1117 2201 1117 2202 1010 2202 1009 2202 1117 2203 1009 2203 1094 2203 1094 2204 1009 2204 1008 2204 1094 2205 1008 2205 1086 2205 1086 2206 1008 2206 1003 2206 1086 2207 1003 2207 1116 2207 1115 2208 1003 2208 1013 2208 1115 2209 1013 2209 1089 2209 1003 2210 1115 2210 1116 2210 1089 2211 1013 2211 1113 2211 1113 2212 1013 2212 1012 2212 1113 2213 1012 2213 1011 2213 1113 2214 1011 2214 1112 2214 1112 2215 1011 2215 995 2215 1017 2216 1091 2216 995 2216 995 2217 1091 2217 1112 2217 1014 2218 1111 2218 1017 2218 1017 2219 1111 2219 1091 2219 1019 2220 1073 2220 1016 2220 1016 2221 1073 2221 1074 2221 1016 2222 1074 2222 1085 2222 1016 2223 1085 2223 1014 2223 1014 2224 1085 2224 1111 2224 1019 2225 1072 2225 1073 2225 1018 2226 1071 2226 1019 2226 1019 2227 1071 2227 1072 2227 1006 2228 1118 2228 1052 2228 1006 2229 1052 2229 1007 2229 1007 2230 1052 2230 1035 2230 1007 2231 1035 2231 1005 2231 1005 2232 1035 2232 1040 2232 1005 2233 1040 2233 1038 2233 1005 2234 1038 2234 1004 2234 1004 2235 1038 2235 1037 2235 1002 2236 1023 2236 1043 2236 1004 2237 1037 2237 1042 2237 1004 2238 1042 2238 1002 2238 1002 2239 1042 2239 1023 2239 1132 2240 1133 2240 1134 2240 1133 2241 1132 2241 1135 2241 1135 2242 1139 2242 1136 2242 1132 2243 1137 2243 1135 2243 1135 2244 1137 2244 1138 2244 1135 2245 1138 2245 1139 2245 1140 2246 1141 2246 1142 2246 1140 2247 1142 2247 1143 2247 1140 2248 1143 2248 1144 2248 1140 2249 1144 2249 1134 2249 1134 2250 1144 2250 1132 2250 1145 2251 1146 2251 1141 2251 1149 2252 1150 2252 1151 2252 1151 2253 1152 2253 1149 2253 1151 2254 1150 2254 1146 2254 1151 2255 1146 2255 1145 2255 1153 2256 1154 2256 1151 2256 1151 2257 1154 2257 1152 2257 1157 2258 1155 2258 1156 2258 1157 2259 1156 2259 1158 2259 1158 2260 1159 2260 1160 2260 1156 2261 1161 2261 1158 2261 1158 2262 1161 2262 1162 2262 1158 2263 1162 2263 1163 2263 1158 2264 1163 2264 1159 2264 1141 2265 1140 2265 1147 2265 1141 2266 1147 2266 1148 2266 1141 2267 1148 2267 1145 2267 1145 2268 1148 2268 1164 2268 1164 2269 1155 2269 1145 2269 1155 2270 1164 2270 1165 2270 1155 2271 1165 2271 1166 2271 1155 2272 1166 2272 1156 2272 1169 2273 1167 2273 1168 2273 1167 2274 1170 2274 1168 2274 1168 2275 1170 2275 1147 2275 1147 2276 1170 2276 1148 2276 1168 2277 1171 2277 1172 2277 1168 2278 1172 2278 1169 2278 1173 2279 1187 2279 1175 2279 1178 2280 1179 2280 1180 2280 1180 2281 1179 2281 1181 2281 1181 2282 1179 2282 1177 2282 1178 2283 1182 2283 1179 2283 1184 2284 1183 2284 1182 2284 1187 2285 1186 2285 1175 2285 1192 2286 1191 2286 1193 2286 1153 2287 1151 2287 1177 2287 1182 2288 1178 2288 1197 2288 1182 2289 1197 2289 1184 2289 1183 2290 1184 2290 1198 2290 1183 2291 1198 2291 1185 2291 1185 2292 1198 2292 1199 2292 1185 2293 1199 2293 1200 2293 1185 2294 1200 2294 1201 2294 1185 2295 1201 2295 1186 2295 1186 2296 1201 2296 1175 2296 1195 2297 1190 2297 1194 2297 1194 2298 1190 2298 1202 2298 1202 2299 1190 2299 1191 2299 1202 2300 1191 2300 1192 2300 1203 2301 1192 2301 1193 2301 1203 2302 1193 2302 1189 2302 1145 2303 1155 2303 1196 2303 1181 2304 1196 2304 1176 2304 1181 2305 1176 2305 1180 2305 1180 2306 1176 2306 1178 2306 1178 2307 1176 2307 1195 2307 1178 2308 1195 2308 1194 2308 1203 2309 1202 2309 1192 2309 1174 2310 1203 2310 1189 2310 1204 2311 1189 2311 1188 2311 1204 2312 1188 2312 1205 2312 1174 2313 1173 2313 1175 2313 1174 2314 1175 2314 1201 2314 1174 2315 1201 2315 1203 2315 1203 2316 1201 2316 1200 2316 1203 2317 1200 2317 1199 2317 1203 2318 1199 2318 1202 2318 1202 2319 1199 2319 1198 2319 1202 2320 1198 2320 1194 2320 1194 2321 1198 2321 1184 2321 1194 2322 1184 2322 1197 2322 1194 2323 1197 2323 1178 2323 1196 2324 1181 2324 1177 2324 1196 2325 1177 2325 1145 2325 1145 2326 1177 2326 1151 2326 1193 2327 1188 2327 1189 2327 1189 2328 1204 2328 1174 2328 1174 2329 1204 2329 1206 2329 1174 2330 1206 2330 1173 2330 1205 2331 1206 2331 1204 2331 1147 2332 1140 2332 1207 2332 1209 2333 1229 2333 1208 2333 1211 2334 1209 2334 1212 2334 1214 2335 1211 2335 1212 2335 1214 2336 1212 2336 1215 2336 1215 2337 1212 2337 1216 2337 1215 2338 1216 2338 1217 2338 1217 2339 1218 2339 1219 2339 1168 2340 1207 2340 1171 2340 1171 2341 1207 2341 1224 2341 1224 2342 1207 2342 1234 2342 1224 2343 1234 2343 1225 2343 1225 2344 1234 2344 1233 2344 1225 2345 1233 2345 1232 2345 1225 2346 1232 2346 1226 2346 1229 2347 1265 2347 1208 2347 1217 2348 1216 2348 1230 2348 1217 2349 1230 2349 1218 2349 1219 2350 1218 2350 1231 2350 1219 2351 1231 2351 1220 2351 1220 2352 1231 2352 1221 2352 1220 2353 1221 2353 1222 2353 1212 2354 1209 2354 1210 2354 1212 2355 1210 2355 1216 2355 1216 2356 1210 2356 1230 2356 1218 2357 1230 2357 1231 2357 1222 2358 1221 2358 1232 2358 1222 2359 1232 2359 1213 2359 1213 2360 1232 2360 1233 2360 1213 2361 1233 2361 1234 2361 1213 2362 1234 2362 1223 2362 1223 2363 1234 2363 1207 2363 1207 2364 1140 2364 1223 2364 1223 2365 1140 2365 1134 2365 1235 2366 1232 2366 1221 2366 1235 2367 1221 2367 1236 2367 1236 2368 1221 2368 1231 2368 1236 2369 1231 2369 1230 2369 1236 2370 1230 2370 1237 2370 1237 2371 1230 2371 1238 2371 1238 2372 1230 2372 1210 2372 1238 2373 1210 2373 1208 2373 1208 2374 1210 2374 1209 2374 1147 2375 1207 2375 1168 2375 1265 2376 1239 2376 1208 2376 1208 2377 1239 2377 1238 2377 1238 2378 1239 2378 1228 2378 1238 2379 1228 2379 1237 2379 1237 2380 1228 2380 1236 2380 1236 2381 1228 2381 1227 2381 1236 2382 1227 2382 1235 2382 1235 2383 1227 2383 1226 2383 1235 2384 1226 2384 1232 2384 1242 2385 1243 2385 1244 2385 1187 2386 1252 2386 1186 2386 1187 2387 1253 2387 1252 2387 1254 2388 1255 2388 1253 2388 1256 2389 1255 2389 1254 2389 1257 2390 1251 2390 1256 2390 1277 2391 1258 2391 1259 2391 1261 2392 1262 2392 1263 2392 1263 2393 1262 2393 1264 2393 1211 2394 1214 2394 1247 2394 1214 2395 1261 2395 1247 2395 1267 2396 1266 2396 1268 2396 1243 2397 1267 2397 1244 2397 1242 2398 1269 2398 1243 2398 1241 2399 1269 2399 1242 2399 1241 2400 1270 2400 1269 2400 1240 2401 1270 2401 1241 2401 1272 2402 1271 2402 1249 2402 1272 2403 1273 2403 1205 2403 1229 2404 1246 2404 1245 2404 1229 2405 1245 2405 1265 2405 1268 2406 1266 2406 1245 2406 1268 2407 1245 2407 1246 2407 1274 2408 1246 2408 1229 2408 1274 2409 1229 2409 1209 2409 1268 2410 1246 2410 1274 2410 1244 2411 1267 2411 1268 2411 1275 2412 1268 2412 1274 2412 1247 2413 1274 2413 1209 2413 1247 2414 1209 2414 1211 2414 1260 2415 1250 2415 1264 2415 1244 2416 1268 2416 1276 2416 1276 2417 1268 2417 1275 2417 1275 2418 1274 2418 1247 2418 1260 2419 1277 2419 1250 2419 1250 2420 1277 2420 1259 2420 1278 2421 1275 2421 1247 2421 1278 2422 1247 2422 1263 2422 1263 2423 1247 2423 1261 2423 1279 2424 1242 2424 1244 2424 1279 2425 1244 2425 1280 2425 1280 2426 1244 2426 1276 2426 1280 2427 1276 2427 1250 2427 1250 2428 1276 2428 1275 2428 1250 2429 1275 2429 1278 2429 1258 2430 1251 2430 1257 2430 1249 2431 1248 2431 1240 2431 1249 2432 1240 2432 1281 2432 1281 2433 1240 2433 1241 2433 1282 2434 1241 2434 1242 2434 1282 2435 1242 2435 1279 2435 1250 2436 1278 2436 1264 2436 1264 2437 1278 2437 1263 2437 1271 2438 1248 2438 1249 2438 1281 2439 1241 2439 1282 2439 1282 2440 1279 2440 1283 2440 1283 2441 1279 2441 1280 2441 1283 2442 1280 2442 1259 2442 1259 2443 1280 2443 1250 2443 1273 2444 1272 2444 1249 2444 1273 2445 1249 2445 1281 2445 1284 2446 1281 2446 1282 2446 1206 2447 1205 2447 1273 2447 1285 2448 1273 2448 1281 2448 1285 2449 1281 2449 1284 2449 1284 2450 1282 2450 1257 2450 1257 2451 1282 2451 1283 2451 1257 2452 1283 2452 1258 2452 1258 2453 1283 2453 1259 2453 1254 2454 1187 2454 1173 2454 1253 2455 1187 2455 1254 2455 1285 2456 1254 2456 1173 2456 1257 2457 1256 2457 1284 2457 1284 2458 1256 2458 1254 2458 1284 2459 1254 2459 1285 2459 1285 2460 1173 2460 1206 2460 1273 2461 1285 2461 1206 2461 1139 2462 1261 2462 1136 2462 1139 2463 1262 2463 1261 2463 1138 2464 1262 2464 1139 2464 1137 2465 1264 2465 1138 2465 1138 2466 1264 2466 1262 2466 1137 2467 1260 2467 1264 2467 1132 2468 1260 2468 1137 2468 1144 2469 1258 2469 1132 2469 1258 2470 1277 2470 1132 2470 1132 2471 1277 2471 1260 2471 1144 2472 1251 2472 1258 2472 1143 2473 1251 2473 1144 2473 1142 2474 1256 2474 1143 2474 1143 2475 1256 2475 1251 2475 1141 2476 1255 2476 1142 2476 1142 2477 1255 2477 1256 2477 1252 2478 1253 2478 1150 2478 1150 2479 1253 2479 1146 2479 1146 2480 1253 2480 1141 2480 1141 2481 1253 2481 1255 2481 1252 2482 1150 2482 1149 2482 1252 2483 1149 2483 1186 2483 1186 2484 1149 2484 1152 2484 1186 2485 1152 2485 1185 2485 1152 2486 1183 2486 1185 2486 1154 2487 1182 2487 1183 2487 1154 2488 1183 2488 1152 2488 1153 2489 1177 2489 1154 2489 1177 2490 1179 2490 1154 2490 1154 2491 1179 2491 1182 2491 1136 2492 1261 2492 1214 2492 1136 2493 1214 2493 1135 2493 1135 2494 1214 2494 1215 2494 1135 2495 1215 2495 1217 2495 1135 2496 1217 2496 1133 2496 1220 2497 1133 2497 1219 2497 1219 2498 1133 2498 1217 2498 1133 2499 1213 2499 1223 2499 1133 2500 1223 2500 1134 2500 1133 2501 1220 2501 1222 2501 1133 2502 1222 2502 1213 2502 1272 2503 1159 2503 1163 2503 1272 2504 1163 2504 1271 2504 1271 2505 1163 2505 1162 2505 1271 2506 1162 2506 1248 2506 1248 2507 1162 2507 1161 2507 1248 2508 1161 2508 1240 2508 1240 2509 1161 2509 1156 2509 1240 2510 1156 2510 1270 2510 1269 2511 1156 2511 1166 2511 1269 2512 1166 2512 1243 2512 1156 2513 1269 2513 1270 2513 1243 2514 1166 2514 1267 2514 1267 2515 1166 2515 1165 2515 1267 2516 1165 2516 1164 2516 1267 2517 1164 2517 1266 2517 1266 2518 1164 2518 1148 2518 1170 2519 1245 2519 1148 2519 1148 2520 1245 2520 1266 2520 1167 2521 1265 2521 1170 2521 1170 2522 1265 2522 1245 2522 1172 2523 1227 2523 1169 2523 1169 2524 1227 2524 1228 2524 1169 2525 1228 2525 1239 2525 1169 2526 1239 2526 1167 2526 1167 2527 1239 2527 1265 2527 1172 2528 1226 2528 1227 2528 1224 2529 1225 2529 1171 2529 1171 2530 1225 2530 1172 2530 1172 2531 1225 2531 1226 2531 1159 2532 1272 2532 1205 2532 1159 2533 1205 2533 1160 2533 1160 2534 1205 2534 1188 2534 1160 2535 1188 2535 1158 2535 1158 2536 1188 2536 1193 2536 1158 2537 1193 2537 1191 2537 1158 2538 1191 2538 1157 2538 1157 2539 1191 2539 1190 2539 1155 2540 1176 2540 1196 2540 1157 2541 1190 2541 1195 2541 1157 2542 1195 2542 1155 2542 1155 2543 1195 2543 1176 2543 1286 2544 1287 2544 1288 2544 1287 2545 1286 2545 1289 2545 1289 2546 1293 2546 1290 2546 1286 2547 1291 2547 1289 2547 1289 2548 1291 2548 1292 2548 1289 2549 1292 2549 1293 2549 1294 2550 1295 2550 1296 2550 1294 2551 1296 2551 1297 2551 1294 2552 1297 2552 1298 2552 1294 2553 1298 2553 1288 2553 1288 2554 1298 2554 1286 2554 1299 2555 1300 2555 1295 2555 1303 2556 1304 2556 1305 2556 1305 2557 1306 2557 1303 2557 1305 2558 1304 2558 1300 2558 1305 2559 1300 2559 1299 2559 1307 2560 1308 2560 1305 2560 1305 2561 1308 2561 1306 2561 1311 2562 1309 2562 1310 2562 1311 2563 1310 2563 1312 2563 1312 2564 1313 2564 1314 2564 1310 2565 1315 2565 1312 2565 1312 2566 1315 2566 1316 2566 1312 2567 1316 2567 1317 2567 1312 2568 1317 2568 1313 2568 1295 2569 1294 2569 1301 2569 1295 2570 1301 2570 1302 2570 1295 2571 1302 2571 1299 2571 1299 2572 1302 2572 1318 2572 1318 2573 1309 2573 1299 2573 1309 2574 1318 2574 1319 2574 1309 2575 1319 2575 1320 2575 1309 2576 1320 2576 1310 2576 1323 2577 1321 2577 1322 2577 1321 2578 1324 2578 1322 2578 1322 2579 1324 2579 1301 2579 1301 2580 1324 2580 1302 2580 1322 2581 1325 2581 1326 2581 1322 2582 1326 2582 1323 2582 1327 2583 1341 2583 1329 2583 1332 2584 1333 2584 1334 2584 1334 2585 1333 2585 1335 2585 1335 2586 1333 2586 1331 2586 1332 2587 1336 2587 1333 2587 1338 2588 1337 2588 1336 2588 1341 2589 1340 2589 1329 2589 1346 2590 1345 2590 1347 2590 1307 2591 1305 2591 1331 2591 1336 2592 1332 2592 1351 2592 1336 2593 1351 2593 1338 2593 1337 2594 1338 2594 1352 2594 1337 2595 1352 2595 1339 2595 1339 2596 1352 2596 1353 2596 1339 2597 1353 2597 1354 2597 1339 2598 1354 2598 1355 2598 1339 2599 1355 2599 1340 2599 1340 2600 1355 2600 1329 2600 1349 2601 1344 2601 1348 2601 1348 2602 1344 2602 1356 2602 1356 2603 1344 2603 1345 2603 1356 2604 1345 2604 1346 2604 1357 2605 1346 2605 1347 2605 1357 2606 1347 2606 1343 2606 1299 2607 1309 2607 1350 2607 1335 2608 1350 2608 1330 2608 1335 2609 1330 2609 1334 2609 1334 2610 1330 2610 1332 2610 1332 2611 1330 2611 1349 2611 1332 2612 1349 2612 1348 2612 1357 2613 1356 2613 1346 2613 1328 2614 1357 2614 1343 2614 1358 2615 1343 2615 1342 2615 1358 2616 1342 2616 1359 2616 1328 2617 1327 2617 1329 2617 1328 2618 1329 2618 1355 2618 1328 2619 1355 2619 1357 2619 1357 2620 1355 2620 1354 2620 1357 2621 1354 2621 1353 2621 1357 2622 1353 2622 1356 2622 1356 2623 1353 2623 1352 2623 1356 2624 1352 2624 1348 2624 1348 2625 1352 2625 1338 2625 1348 2626 1338 2626 1351 2626 1348 2627 1351 2627 1332 2627 1350 2628 1335 2628 1331 2628 1350 2629 1331 2629 1299 2629 1299 2630 1331 2630 1305 2630 1347 2631 1342 2631 1343 2631 1343 2632 1358 2632 1328 2632 1328 2633 1358 2633 1360 2633 1328 2634 1360 2634 1327 2634 1359 2635 1360 2635 1358 2635 1301 2636 1294 2636 1361 2636 1363 2637 1383 2637 1362 2637 1365 2638 1363 2638 1366 2638 1368 2639 1365 2639 1366 2639 1368 2640 1366 2640 1369 2640 1369 2641 1366 2641 1370 2641 1369 2642 1370 2642 1371 2642 1371 2643 1372 2643 1373 2643 1322 2644 1361 2644 1325 2644 1325 2645 1361 2645 1378 2645 1378 2646 1361 2646 1388 2646 1378 2647 1388 2647 1379 2647 1379 2648 1388 2648 1387 2648 1379 2649 1387 2649 1386 2649 1379 2650 1386 2650 1380 2650 1383 2651 1419 2651 1362 2651 1371 2652 1370 2652 1384 2652 1371 2653 1384 2653 1372 2653 1373 2654 1372 2654 1385 2654 1373 2655 1385 2655 1374 2655 1374 2656 1385 2656 1375 2656 1374 2657 1375 2657 1376 2657 1366 2658 1363 2658 1364 2658 1366 2659 1364 2659 1370 2659 1370 2660 1364 2660 1384 2660 1372 2661 1384 2661 1385 2661 1376 2662 1375 2662 1386 2662 1376 2663 1386 2663 1367 2663 1367 2664 1386 2664 1387 2664 1367 2665 1387 2665 1388 2665 1367 2666 1388 2666 1377 2666 1377 2667 1388 2667 1361 2667 1361 2668 1294 2668 1377 2668 1377 2669 1294 2669 1288 2669 1389 2670 1386 2670 1375 2670 1389 2671 1375 2671 1390 2671 1390 2672 1375 2672 1385 2672 1390 2673 1385 2673 1384 2673 1390 2674 1384 2674 1391 2674 1391 2675 1384 2675 1392 2675 1392 2676 1384 2676 1364 2676 1392 2677 1364 2677 1362 2677 1362 2678 1364 2678 1363 2678 1301 2679 1361 2679 1322 2679 1419 2680 1393 2680 1362 2680 1362 2681 1393 2681 1392 2681 1392 2682 1393 2682 1382 2682 1392 2683 1382 2683 1391 2683 1391 2684 1382 2684 1390 2684 1390 2685 1382 2685 1381 2685 1390 2686 1381 2686 1389 2686 1389 2687 1381 2687 1380 2687 1389 2688 1380 2688 1386 2688 1396 2689 1397 2689 1398 2689 1341 2690 1406 2690 1340 2690 1341 2691 1407 2691 1406 2691 1408 2692 1409 2692 1407 2692 1410 2693 1409 2693 1408 2693 1411 2694 1405 2694 1410 2694 1431 2695 1412 2695 1413 2695 1415 2696 1416 2696 1417 2696 1417 2697 1416 2697 1418 2697 1365 2698 1368 2698 1401 2698 1368 2699 1415 2699 1401 2699 1421 2700 1420 2700 1422 2700 1397 2701 1421 2701 1398 2701 1396 2702 1423 2702 1397 2702 1395 2703 1423 2703 1396 2703 1395 2704 1424 2704 1423 2704 1394 2705 1424 2705 1395 2705 1426 2706 1425 2706 1403 2706 1426 2707 1427 2707 1359 2707 1383 2708 1400 2708 1399 2708 1383 2709 1399 2709 1419 2709 1422 2710 1420 2710 1399 2710 1422 2711 1399 2711 1400 2711 1428 2712 1400 2712 1383 2712 1428 2713 1383 2713 1363 2713 1422 2714 1400 2714 1428 2714 1398 2715 1421 2715 1422 2715 1429 2716 1422 2716 1428 2716 1401 2717 1428 2717 1363 2717 1401 2718 1363 2718 1365 2718 1414 2719 1404 2719 1418 2719 1398 2720 1422 2720 1430 2720 1430 2721 1422 2721 1429 2721 1429 2722 1428 2722 1401 2722 1414 2723 1431 2723 1404 2723 1404 2724 1431 2724 1413 2724 1432 2725 1429 2725 1401 2725 1432 2726 1401 2726 1417 2726 1417 2727 1401 2727 1415 2727 1433 2728 1396 2728 1398 2728 1433 2729 1398 2729 1434 2729 1434 2730 1398 2730 1430 2730 1434 2731 1430 2731 1404 2731 1404 2732 1430 2732 1429 2732 1404 2733 1429 2733 1432 2733 1412 2734 1405 2734 1411 2734 1403 2735 1402 2735 1394 2735 1403 2736 1394 2736 1435 2736 1435 2737 1394 2737 1395 2737 1436 2738 1395 2738 1396 2738 1436 2739 1396 2739 1433 2739 1404 2740 1432 2740 1418 2740 1418 2741 1432 2741 1417 2741 1425 2742 1402 2742 1403 2742 1435 2743 1395 2743 1436 2743 1436 2744 1433 2744 1437 2744 1437 2745 1433 2745 1434 2745 1437 2746 1434 2746 1413 2746 1413 2747 1434 2747 1404 2747 1427 2748 1426 2748 1403 2748 1427 2749 1403 2749 1435 2749 1438 2750 1435 2750 1436 2750 1360 2751 1359 2751 1427 2751 1439 2752 1427 2752 1435 2752 1439 2753 1435 2753 1438 2753 1438 2754 1436 2754 1411 2754 1411 2755 1436 2755 1437 2755 1411 2756 1437 2756 1412 2756 1412 2757 1437 2757 1413 2757 1408 2758 1341 2758 1327 2758 1407 2759 1341 2759 1408 2759 1439 2760 1408 2760 1327 2760 1411 2761 1410 2761 1438 2761 1438 2762 1410 2762 1408 2762 1438 2763 1408 2763 1439 2763 1439 2764 1327 2764 1360 2764 1427 2765 1439 2765 1360 2765 1293 2766 1415 2766 1290 2766 1293 2767 1416 2767 1415 2767 1292 2768 1416 2768 1293 2768 1291 2769 1418 2769 1292 2769 1292 2770 1418 2770 1416 2770 1291 2771 1414 2771 1418 2771 1286 2772 1414 2772 1291 2772 1298 2773 1412 2773 1286 2773 1412 2774 1431 2774 1286 2774 1286 2775 1431 2775 1414 2775 1298 2776 1405 2776 1412 2776 1297 2777 1405 2777 1298 2777 1296 2778 1410 2778 1297 2778 1297 2779 1410 2779 1405 2779 1295 2780 1409 2780 1296 2780 1296 2781 1409 2781 1410 2781 1406 2782 1407 2782 1304 2782 1304 2783 1407 2783 1300 2783 1300 2784 1407 2784 1295 2784 1295 2785 1407 2785 1409 2785 1406 2786 1304 2786 1303 2786 1406 2787 1303 2787 1340 2787 1340 2788 1303 2788 1306 2788 1340 2789 1306 2789 1339 2789 1306 2790 1337 2790 1339 2790 1308 2791 1336 2791 1337 2791 1308 2792 1337 2792 1306 2792 1307 2793 1331 2793 1308 2793 1331 2794 1333 2794 1308 2794 1308 2795 1333 2795 1336 2795 1290 2796 1415 2796 1368 2796 1290 2797 1368 2797 1289 2797 1289 2798 1368 2798 1369 2798 1289 2799 1369 2799 1371 2799 1289 2800 1371 2800 1287 2800 1374 2801 1287 2801 1373 2801 1373 2802 1287 2802 1371 2802 1287 2803 1367 2803 1377 2803 1287 2804 1377 2804 1288 2804 1287 2805 1374 2805 1376 2805 1287 2806 1376 2806 1367 2806 1426 2807 1313 2807 1317 2807 1426 2808 1317 2808 1425 2808 1425 2809 1317 2809 1316 2809 1425 2810 1316 2810 1402 2810 1402 2811 1316 2811 1315 2811 1402 2812 1315 2812 1394 2812 1394 2813 1315 2813 1310 2813 1394 2814 1310 2814 1424 2814 1423 2815 1310 2815 1320 2815 1423 2816 1320 2816 1397 2816 1310 2817 1423 2817 1424 2817 1397 2818 1320 2818 1421 2818 1421 2819 1320 2819 1319 2819 1421 2820 1319 2820 1318 2820 1421 2821 1318 2821 1420 2821 1420 2822 1318 2822 1302 2822 1324 2823 1399 2823 1302 2823 1302 2824 1399 2824 1420 2824 1321 2825 1419 2825 1324 2825 1324 2826 1419 2826 1399 2826 1326 2827 1381 2827 1323 2827 1323 2828 1381 2828 1382 2828 1323 2829 1382 2829 1393 2829 1323 2830 1393 2830 1321 2830 1321 2831 1393 2831 1419 2831 1326 2832 1380 2832 1381 2832 1378 2833 1379 2833 1325 2833 1325 2834 1379 2834 1326 2834 1326 2835 1379 2835 1380 2835 1313 2836 1426 2836 1359 2836 1313 2837 1359 2837 1314 2837 1314 2838 1359 2838 1342 2838 1314 2839 1342 2839 1312 2839 1312 2840 1342 2840 1347 2840 1312 2841 1347 2841 1345 2841 1312 2842 1345 2842 1311 2842 1311 2843 1345 2843 1344 2843 1309 2844 1330 2844 1350 2844 1311 2845 1344 2845 1349 2845 1311 2846 1349 2846 1309 2846 1309 2847 1349 2847 1330 2847 1440 2848 1441 2848 1442 2848 1441 2849 1440 2849 1443 2849 1443 2850 1447 2850 1444 2850 1440 2851 1445 2851 1443 2851 1443 2852 1445 2852 1446 2852 1443 2853 1446 2853 1447 2853 1448 2854 1449 2854 1450 2854 1448 2855 1450 2855 1451 2855 1448 2856 1451 2856 1452 2856 1448 2857 1452 2857 1442 2857 1442 2858 1452 2858 1440 2858 1453 2859 1454 2859 1449 2859 1457 2860 1458 2860 1459 2860 1459 2861 1460 2861 1457 2861 1459 2862 1458 2862 1454 2862 1459 2863 1454 2863 1453 2863 1461 2864 1462 2864 1459 2864 1459 2865 1462 2865 1460 2865 1465 2866 1463 2866 1464 2866 1465 2867 1464 2867 1466 2867 1466 2868 1467 2868 1468 2868 1464 2869 1469 2869 1466 2869 1466 2870 1469 2870 1470 2870 1466 2871 1470 2871 1471 2871 1466 2872 1471 2872 1467 2872 1449 2873 1448 2873 1455 2873 1449 2874 1455 2874 1456 2874 1449 2875 1456 2875 1453 2875 1453 2876 1456 2876 1472 2876 1472 2877 1463 2877 1453 2877 1463 2878 1472 2878 1473 2878 1463 2879 1473 2879 1474 2879 1463 2880 1474 2880 1464 2880 1477 2881 1475 2881 1476 2881 1475 2882 1478 2882 1476 2882 1476 2883 1478 2883 1455 2883 1455 2884 1478 2884 1456 2884 1476 2885 1479 2885 1480 2885 1476 2886 1480 2886 1477 2886 1481 2887 1494 2887 1483 2887 1486 2888 1487 2888 1488 2888 1488 2889 1487 2889 1489 2889 1489 2890 1487 2890 1485 2890 1486 2891 1490 2891 1487 2891 1492 2892 1491 2892 1490 2892 1494 2893 1560 2893 1483 2893 1499 2894 1498 2894 1500 2894 1461 2895 1459 2895 1485 2895 1490 2896 1486 2896 1504 2896 1490 2897 1504 2897 1492 2897 1491 2898 1492 2898 1505 2898 1491 2899 1505 2899 1493 2899 1493 2900 1505 2900 1506 2900 1493 2901 1506 2901 1507 2901 1493 2902 1507 2902 1508 2902 1493 2903 1508 2903 1509 2903 1509 2904 1508 2904 1483 2904 1509 2905 1483 2905 1560 2905 1502 2906 1497 2906 1501 2906 1501 2907 1497 2907 1510 2907 1510 2908 1497 2908 1498 2908 1510 2909 1498 2909 1499 2909 1511 2910 1499 2910 1500 2910 1511 2911 1500 2911 1496 2911 1453 2912 1463 2912 1503 2912 1489 2913 1503 2913 1484 2913 1489 2914 1484 2914 1488 2914 1488 2915 1484 2915 1486 2915 1486 2916 1484 2916 1502 2916 1486 2917 1502 2917 1501 2917 1511 2918 1510 2918 1499 2918 1482 2919 1511 2919 1496 2919 1512 2920 1496 2920 1495 2920 1512 2921 1495 2921 1513 2921 1482 2922 1481 2922 1483 2922 1482 2923 1483 2923 1508 2923 1482 2924 1508 2924 1511 2924 1511 2925 1508 2925 1507 2925 1511 2926 1507 2926 1506 2926 1511 2927 1506 2927 1510 2927 1510 2928 1506 2928 1505 2928 1510 2929 1505 2929 1501 2929 1501 2930 1505 2930 1492 2930 1501 2931 1492 2931 1504 2931 1501 2932 1504 2932 1486 2932 1503 2933 1489 2933 1485 2933 1503 2934 1485 2934 1453 2934 1453 2935 1485 2935 1459 2935 1500 2936 1495 2936 1496 2936 1496 2937 1512 2937 1482 2937 1482 2938 1512 2938 1514 2938 1482 2939 1514 2939 1481 2939 1513 2940 1514 2940 1512 2940 1455 2941 1448 2941 1515 2941 1517 2942 1537 2942 1516 2942 1519 2943 1517 2943 1520 2943 1522 2944 1519 2944 1520 2944 1522 2945 1520 2945 1523 2945 1523 2946 1520 2946 1524 2946 1523 2947 1524 2947 1525 2947 1525 2948 1526 2948 1527 2948 1476 2949 1515 2949 1479 2949 1479 2950 1515 2950 1532 2950 1532 2951 1515 2951 1542 2951 1532 2952 1542 2952 1533 2952 1533 2953 1542 2953 1541 2953 1533 2954 1541 2954 1540 2954 1533 2955 1540 2955 1534 2955 1537 2956 1574 2956 1516 2956 1525 2957 1524 2957 1538 2957 1525 2958 1538 2958 1526 2958 1527 2959 1526 2959 1539 2959 1527 2960 1539 2960 1528 2960 1528 2961 1539 2961 1529 2961 1528 2962 1529 2962 1530 2962 1520 2963 1517 2963 1518 2963 1520 2964 1518 2964 1524 2964 1524 2965 1518 2965 1538 2965 1526 2966 1538 2966 1539 2966 1530 2967 1529 2967 1540 2967 1530 2968 1540 2968 1521 2968 1521 2969 1540 2969 1541 2969 1521 2970 1541 2970 1542 2970 1521 2971 1542 2971 1531 2971 1531 2972 1542 2972 1515 2972 1515 2973 1448 2973 1531 2973 1531 2974 1448 2974 1442 2974 1543 2975 1540 2975 1529 2975 1543 2976 1529 2976 1544 2976 1544 2977 1529 2977 1539 2977 1544 2978 1539 2978 1538 2978 1544 2979 1538 2979 1545 2979 1545 2980 1538 2980 1546 2980 1546 2981 1538 2981 1518 2981 1546 2982 1518 2982 1516 2982 1516 2983 1518 2983 1517 2983 1455 2984 1515 2984 1476 2984 1574 2985 1547 2985 1516 2985 1516 2986 1547 2986 1546 2986 1546 2987 1547 2987 1536 2987 1546 2988 1536 2988 1545 2988 1545 2989 1536 2989 1544 2989 1544 2990 1536 2990 1535 2990 1544 2991 1535 2991 1543 2991 1543 2992 1535 2992 1534 2992 1543 2993 1534 2993 1540 2993 1550 2994 1551 2994 1552 2994 1494 2995 1561 2995 1560 2995 1562 2996 1563 2996 1561 2996 1564 2997 1563 2997 1562 2997 1565 2998 1559 2998 1564 2998 1568 2999 1567 2999 1566 2999 1570 3000 1571 3000 1572 3000 1572 3001 1571 3001 1573 3001 1519 3002 1522 3002 1555 3002 1522 3003 1570 3003 1555 3003 1576 3004 1575 3004 1577 3004 1551 3005 1576 3005 1552 3005 1550 3006 1578 3006 1551 3006 1549 3007 1578 3007 1550 3007 1549 3008 1579 3008 1578 3008 1548 3009 1579 3009 1549 3009 1581 3010 1580 3010 1557 3010 1581 3011 1582 3011 1513 3011 1537 3012 1554 3012 1553 3012 1537 3013 1553 3013 1574 3013 1577 3014 1575 3014 1553 3014 1577 3015 1553 3015 1554 3015 1583 3016 1554 3016 1537 3016 1583 3017 1537 3017 1517 3017 1577 3018 1554 3018 1583 3018 1552 3019 1576 3019 1577 3019 1584 3020 1577 3020 1583 3020 1555 3021 1583 3021 1517 3021 1555 3022 1517 3022 1519 3022 1569 3023 1558 3023 1573 3023 1552 3024 1577 3024 1585 3024 1585 3025 1577 3025 1584 3025 1584 3026 1583 3026 1555 3026 1569 3027 1567 3027 1558 3027 1558 3028 1567 3028 1568 3028 1586 3029 1584 3029 1555 3029 1586 3030 1555 3030 1572 3030 1572 3031 1555 3031 1570 3031 1587 3032 1550 3032 1552 3032 1587 3033 1552 3033 1588 3033 1588 3034 1552 3034 1585 3034 1588 3035 1585 3035 1558 3035 1558 3036 1585 3036 1584 3036 1558 3037 1584 3037 1586 3037 1566 3038 1559 3038 1565 3038 1557 3039 1556 3039 1548 3039 1557 3040 1548 3040 1589 3040 1589 3041 1548 3041 1549 3041 1590 3042 1549 3042 1550 3042 1590 3043 1550 3043 1587 3043 1558 3044 1586 3044 1573 3044 1573 3045 1586 3045 1572 3045 1580 3046 1556 3046 1557 3046 1589 3047 1549 3047 1590 3047 1590 3048 1587 3048 1591 3048 1591 3049 1587 3049 1588 3049 1591 3050 1588 3050 1568 3050 1568 3051 1588 3051 1558 3051 1582 3052 1581 3052 1557 3052 1582 3053 1557 3053 1589 3053 1592 3054 1589 3054 1590 3054 1514 3055 1513 3055 1582 3055 1593 3056 1582 3056 1589 3056 1593 3057 1589 3057 1592 3057 1592 3058 1590 3058 1565 3058 1565 3059 1590 3059 1591 3059 1565 3060 1591 3060 1566 3060 1566 3061 1591 3061 1568 3061 1562 3062 1494 3062 1481 3062 1561 3063 1494 3063 1562 3063 1593 3064 1562 3064 1481 3064 1565 3065 1564 3065 1592 3065 1592 3066 1564 3066 1562 3066 1592 3067 1562 3067 1593 3067 1593 3068 1481 3068 1514 3068 1582 3069 1593 3069 1514 3069 1447 3070 1570 3070 1444 3070 1447 3071 1571 3071 1570 3071 1446 3072 1571 3072 1447 3072 1445 3073 1573 3073 1446 3073 1446 3074 1573 3074 1571 3074 1445 3075 1569 3075 1573 3075 1440 3076 1569 3076 1445 3076 1452 3077 1566 3077 1440 3077 1440 3078 1566 3078 1567 3078 1440 3079 1567 3079 1569 3079 1452 3080 1559 3080 1566 3080 1451 3081 1559 3081 1452 3081 1450 3082 1564 3082 1451 3082 1451 3083 1564 3083 1559 3083 1449 3084 1563 3084 1450 3084 1450 3085 1563 3085 1564 3085 1560 3086 1561 3086 1458 3086 1458 3087 1561 3087 1454 3087 1454 3088 1561 3088 1449 3088 1449 3089 1561 3089 1563 3089 1560 3090 1458 3090 1457 3090 1560 3091 1457 3091 1509 3091 1509 3092 1457 3092 1460 3092 1509 3093 1460 3093 1493 3093 1460 3094 1491 3094 1493 3094 1462 3095 1490 3095 1491 3095 1462 3096 1491 3096 1460 3096 1461 3097 1485 3097 1462 3097 1485 3098 1487 3098 1462 3098 1462 3099 1487 3099 1490 3099 1444 3100 1570 3100 1522 3100 1444 3101 1522 3101 1443 3101 1443 3102 1522 3102 1523 3102 1443 3103 1523 3103 1525 3103 1443 3104 1525 3104 1441 3104 1528 3105 1441 3105 1527 3105 1527 3106 1441 3106 1525 3106 1441 3107 1521 3107 1531 3107 1441 3108 1531 3108 1442 3108 1441 3109 1528 3109 1530 3109 1441 3110 1530 3110 1521 3110 1581 3111 1467 3111 1471 3111 1581 3112 1471 3112 1580 3112 1580 3113 1471 3113 1470 3113 1580 3114 1470 3114 1556 3114 1556 3115 1470 3115 1469 3115 1556 3116 1469 3116 1548 3116 1548 3117 1469 3117 1464 3117 1548 3118 1464 3118 1579 3118 1578 3119 1464 3119 1474 3119 1578 3120 1474 3120 1551 3120 1464 3121 1578 3121 1579 3121 1551 3122 1474 3122 1576 3122 1576 3123 1474 3123 1473 3123 1576 3124 1473 3124 1472 3124 1576 3125 1472 3125 1575 3125 1575 3126 1472 3126 1456 3126 1478 3127 1553 3127 1456 3127 1456 3128 1553 3128 1575 3128 1475 3129 1574 3129 1478 3129 1478 3130 1574 3130 1553 3130 1480 3131 1535 3131 1477 3131 1477 3132 1535 3132 1536 3132 1477 3133 1536 3133 1547 3133 1477 3134 1547 3134 1475 3134 1475 3135 1547 3135 1574 3135 1480 3136 1534 3136 1535 3136 1532 3137 1533 3137 1479 3137 1479 3138 1533 3138 1480 3138 1480 3139 1533 3139 1534 3139 1467 3140 1581 3140 1513 3140 1467 3141 1513 3141 1468 3141 1468 3142 1513 3142 1495 3142 1468 3143 1495 3143 1466 3143 1466 3144 1495 3144 1500 3144 1466 3145 1500 3145 1498 3145 1466 3146 1498 3146 1465 3146 1465 3147 1498 3147 1497 3147 1463 3148 1484 3148 1503 3148 1465 3149 1497 3149 1502 3149 1465 3150 1502 3150 1463 3150 1463 3151 1502 3151 1484 3151 1594 3152 1595 3152 1596 3152 1595 3153 1594 3153 1597 3153 1597 3154 1601 3154 1598 3154 1594 3155 1599 3155 1597 3155 1597 3156 1599 3156 1600 3156 1597 3157 1600 3157 1601 3157 1602 3158 1603 3158 1604 3158 1602 3159 1604 3159 1605 3159 1602 3160 1605 3160 1606 3160 1602 3161 1606 3161 1596 3161 1596 3162 1606 3162 1594 3162 1607 3163 1608 3163 1603 3163 1611 3164 1612 3164 1613 3164 1613 3165 1614 3165 1611 3165 1613 3166 1612 3166 1608 3166 1613 3167 1608 3167 1607 3167 1615 3168 1616 3168 1613 3168 1613 3169 1616 3169 1614 3169 1619 3170 1617 3170 1618 3170 1619 3171 1618 3171 1620 3171 1620 3172 1621 3172 1622 3172 1618 3173 1623 3173 1620 3173 1620 3174 1623 3174 1624 3174 1620 3175 1624 3175 1625 3175 1620 3176 1625 3176 1621 3176 1603 3177 1602 3177 1609 3177 1603 3178 1609 3178 1610 3178 1603 3179 1610 3179 1607 3179 1607 3180 1610 3180 1626 3180 1626 3181 1617 3181 1607 3181 1617 3182 1626 3182 1627 3182 1617 3183 1627 3183 1628 3183 1617 3184 1628 3184 1618 3184 1631 3185 1629 3185 1630 3185 1629 3186 1632 3186 1630 3186 1630 3187 1632 3187 1609 3187 1609 3188 1632 3188 1610 3188 1630 3189 1633 3189 1634 3189 1630 3190 1634 3190 1631 3190 1635 3191 1648 3191 1637 3191 1640 3192 1641 3192 1642 3192 1642 3193 1641 3193 1643 3193 1643 3194 1641 3194 1639 3194 1640 3195 1644 3195 1641 3195 1646 3196 1645 3196 1644 3196 1648 3197 1714 3197 1637 3197 1653 3198 1652 3198 1654 3198 1615 3199 1613 3199 1639 3199 1644 3200 1640 3200 1658 3200 1644 3201 1658 3201 1646 3201 1645 3202 1646 3202 1659 3202 1645 3203 1659 3203 1647 3203 1647 3204 1659 3204 1660 3204 1647 3205 1660 3205 1661 3205 1647 3206 1661 3206 1662 3206 1647 3207 1662 3207 1663 3207 1663 3208 1662 3208 1637 3208 1663 3209 1637 3209 1714 3209 1656 3210 1651 3210 1655 3210 1655 3211 1651 3211 1664 3211 1664 3212 1651 3212 1652 3212 1664 3213 1652 3213 1653 3213 1665 3214 1653 3214 1654 3214 1665 3215 1654 3215 1650 3215 1607 3216 1617 3216 1657 3216 1643 3217 1657 3217 1638 3217 1643 3218 1638 3218 1642 3218 1642 3219 1638 3219 1640 3219 1640 3220 1638 3220 1656 3220 1640 3221 1656 3221 1655 3221 1665 3222 1664 3222 1653 3222 1636 3223 1665 3223 1650 3223 1666 3224 1650 3224 1649 3224 1666 3225 1649 3225 1667 3225 1636 3226 1635 3226 1637 3226 1636 3227 1637 3227 1662 3227 1636 3228 1662 3228 1665 3228 1665 3229 1662 3229 1661 3229 1665 3230 1661 3230 1660 3230 1665 3231 1660 3231 1664 3231 1664 3232 1660 3232 1659 3232 1664 3233 1659 3233 1655 3233 1655 3234 1659 3234 1646 3234 1655 3235 1646 3235 1658 3235 1655 3236 1658 3236 1640 3236 1657 3237 1643 3237 1639 3237 1657 3238 1639 3238 1607 3238 1607 3239 1639 3239 1613 3239 1654 3240 1649 3240 1650 3240 1650 3241 1666 3241 1636 3241 1636 3242 1666 3242 1668 3242 1636 3243 1668 3243 1635 3243 1667 3244 1668 3244 1666 3244 1609 3245 1602 3245 1669 3245 1671 3246 1691 3246 1670 3246 1673 3247 1671 3247 1674 3247 1676 3248 1673 3248 1674 3248 1676 3249 1674 3249 1677 3249 1677 3250 1674 3250 1678 3250 1677 3251 1678 3251 1679 3251 1679 3252 1680 3252 1681 3252 1630 3253 1669 3253 1633 3253 1633 3254 1669 3254 1686 3254 1686 3255 1669 3255 1696 3255 1686 3256 1696 3256 1687 3256 1687 3257 1696 3257 1695 3257 1687 3258 1695 3258 1694 3258 1687 3259 1694 3259 1688 3259 1691 3260 1728 3260 1670 3260 1679 3261 1678 3261 1692 3261 1679 3262 1692 3262 1680 3262 1681 3263 1680 3263 1693 3263 1681 3264 1693 3264 1682 3264 1682 3265 1693 3265 1683 3265 1682 3266 1683 3266 1684 3266 1674 3267 1671 3267 1672 3267 1674 3268 1672 3268 1678 3268 1678 3269 1672 3269 1692 3269 1680 3270 1692 3270 1693 3270 1684 3271 1683 3271 1694 3271 1684 3272 1694 3272 1675 3272 1675 3273 1694 3273 1695 3273 1675 3274 1695 3274 1696 3274 1675 3275 1696 3275 1685 3275 1685 3276 1696 3276 1669 3276 1669 3277 1602 3277 1685 3277 1685 3278 1602 3278 1596 3278 1697 3279 1694 3279 1683 3279 1697 3280 1683 3280 1698 3280 1698 3281 1683 3281 1693 3281 1698 3282 1693 3282 1692 3282 1698 3283 1692 3283 1699 3283 1699 3284 1692 3284 1700 3284 1700 3285 1692 3285 1672 3285 1700 3286 1672 3286 1670 3286 1670 3287 1672 3287 1671 3287 1609 3288 1669 3288 1630 3288 1728 3289 1701 3289 1670 3289 1670 3290 1701 3290 1700 3290 1700 3291 1701 3291 1690 3291 1700 3292 1690 3292 1699 3292 1699 3293 1690 3293 1698 3293 1698 3294 1690 3294 1689 3294 1698 3295 1689 3295 1697 3295 1697 3296 1689 3296 1688 3296 1697 3297 1688 3297 1694 3297 1704 3298 1705 3298 1706 3298 1648 3299 1715 3299 1714 3299 1716 3300 1717 3300 1715 3300 1718 3301 1717 3301 1716 3301 1719 3302 1713 3302 1718 3302 1722 3303 1721 3303 1720 3303 1724 3304 1725 3304 1726 3304 1726 3305 1725 3305 1727 3305 1673 3306 1676 3306 1709 3306 1676 3307 1724 3307 1709 3307 1730 3308 1729 3308 1731 3308 1705 3309 1730 3309 1706 3309 1704 3310 1732 3310 1705 3310 1703 3311 1732 3311 1704 3311 1703 3312 1733 3312 1732 3312 1702 3313 1733 3313 1703 3313 1735 3314 1734 3314 1711 3314 1735 3315 1736 3315 1667 3315 1691 3316 1708 3316 1707 3316 1691 3317 1707 3317 1728 3317 1731 3318 1729 3318 1707 3318 1731 3319 1707 3319 1708 3319 1737 3320 1708 3320 1691 3320 1737 3321 1691 3321 1671 3321 1731 3322 1708 3322 1737 3322 1706 3323 1730 3323 1731 3323 1738 3324 1731 3324 1737 3324 1709 3325 1737 3325 1671 3325 1709 3326 1671 3326 1673 3326 1723 3327 1712 3327 1727 3327 1706 3328 1731 3328 1739 3328 1739 3329 1731 3329 1738 3329 1738 3330 1737 3330 1709 3330 1723 3331 1721 3331 1712 3331 1712 3332 1721 3332 1722 3332 1740 3333 1738 3333 1709 3333 1740 3334 1709 3334 1726 3334 1726 3335 1709 3335 1724 3335 1741 3336 1704 3336 1706 3336 1741 3337 1706 3337 1742 3337 1742 3338 1706 3338 1739 3338 1742 3339 1739 3339 1712 3339 1712 3340 1739 3340 1738 3340 1712 3341 1738 3341 1740 3341 1720 3342 1713 3342 1719 3342 1711 3343 1710 3343 1702 3343 1711 3344 1702 3344 1743 3344 1743 3345 1702 3345 1703 3345 1744 3346 1703 3346 1704 3346 1744 3347 1704 3347 1741 3347 1712 3348 1740 3348 1727 3348 1727 3349 1740 3349 1726 3349 1734 3350 1710 3350 1711 3350 1743 3351 1703 3351 1744 3351 1744 3352 1741 3352 1745 3352 1745 3353 1741 3353 1742 3353 1745 3354 1742 3354 1722 3354 1722 3355 1742 3355 1712 3355 1736 3356 1735 3356 1711 3356 1736 3357 1711 3357 1743 3357 1746 3358 1743 3358 1744 3358 1668 3359 1667 3359 1736 3359 1747 3360 1736 3360 1743 3360 1747 3361 1743 3361 1746 3361 1746 3362 1744 3362 1719 3362 1719 3363 1744 3363 1745 3363 1719 3364 1745 3364 1720 3364 1720 3365 1745 3365 1722 3365 1716 3366 1648 3366 1635 3366 1715 3367 1648 3367 1716 3367 1747 3368 1716 3368 1635 3368 1719 3369 1718 3369 1746 3369 1746 3370 1718 3370 1716 3370 1746 3371 1716 3371 1747 3371 1747 3372 1635 3372 1668 3372 1736 3373 1747 3373 1668 3373 1601 3374 1724 3374 1598 3374 1601 3375 1725 3375 1724 3375 1600 3376 1725 3376 1601 3376 1599 3377 1727 3377 1600 3377 1600 3378 1727 3378 1725 3378 1599 3379 1723 3379 1727 3379 1594 3380 1723 3380 1599 3380 1606 3381 1720 3381 1594 3381 1594 3382 1720 3382 1721 3382 1594 3383 1721 3383 1723 3383 1606 3384 1713 3384 1720 3384 1605 3385 1713 3385 1606 3385 1604 3386 1718 3386 1605 3386 1605 3387 1718 3387 1713 3387 1603 3388 1717 3388 1604 3388 1604 3389 1717 3389 1718 3389 1714 3390 1715 3390 1612 3390 1612 3391 1715 3391 1608 3391 1608 3392 1715 3392 1603 3392 1603 3393 1715 3393 1717 3393 1714 3394 1612 3394 1611 3394 1714 3395 1611 3395 1663 3395 1663 3396 1611 3396 1614 3396 1663 3397 1614 3397 1647 3397 1614 3398 1645 3398 1647 3398 1616 3399 1644 3399 1645 3399 1616 3400 1645 3400 1614 3400 1615 3401 1639 3401 1616 3401 1639 3402 1641 3402 1616 3402 1616 3403 1641 3403 1644 3403 1598 3404 1724 3404 1676 3404 1598 3405 1676 3405 1597 3405 1597 3406 1676 3406 1677 3406 1597 3407 1677 3407 1679 3407 1597 3408 1679 3408 1595 3408 1682 3409 1595 3409 1681 3409 1681 3410 1595 3410 1679 3410 1595 3411 1675 3411 1685 3411 1595 3412 1685 3412 1596 3412 1595 3413 1682 3413 1684 3413 1595 3414 1684 3414 1675 3414 1735 3415 1621 3415 1625 3415 1735 3416 1625 3416 1734 3416 1734 3417 1625 3417 1624 3417 1734 3418 1624 3418 1710 3418 1710 3419 1624 3419 1623 3419 1710 3420 1623 3420 1702 3420 1702 3421 1623 3421 1618 3421 1702 3422 1618 3422 1733 3422 1732 3423 1618 3423 1628 3423 1732 3424 1628 3424 1705 3424 1618 3425 1732 3425 1733 3425 1705 3426 1628 3426 1730 3426 1730 3427 1628 3427 1627 3427 1730 3428 1627 3428 1626 3428 1730 3429 1626 3429 1729 3429 1729 3430 1626 3430 1610 3430 1632 3431 1707 3431 1610 3431 1610 3432 1707 3432 1729 3432 1629 3433 1728 3433 1632 3433 1632 3434 1728 3434 1707 3434 1634 3435 1689 3435 1631 3435 1631 3436 1689 3436 1690 3436 1631 3437 1690 3437 1701 3437 1631 3438 1701 3438 1629 3438 1629 3439 1701 3439 1728 3439 1634 3440 1688 3440 1689 3440 1686 3441 1687 3441 1633 3441 1633 3442 1687 3442 1634 3442 1634 3443 1687 3443 1688 3443 1621 3444 1735 3444 1667 3444 1621 3445 1667 3445 1622 3445 1622 3446 1667 3446 1649 3446 1622 3447 1649 3447 1620 3447 1620 3448 1649 3448 1654 3448 1620 3449 1654 3449 1652 3449 1620 3450 1652 3450 1619 3450 1619 3451 1652 3451 1651 3451 1617 3452 1638 3452 1657 3452 1619 3453 1651 3453 1656 3453 1619 3454 1656 3454 1617 3454 1617 3455 1656 3455 1638 3455 1748 3456 1749 3456 1750 3456 1749 3457 1748 3457 1751 3457 1751 3458 1755 3458 1752 3458 1748 3459 1753 3459 1751 3459 1751 3460 1753 3460 1754 3460 1751 3461 1754 3461 1755 3461 1756 3462 1757 3462 1758 3462 1756 3463 1758 3463 1759 3463 1756 3464 1759 3464 1760 3464 1756 3465 1760 3465 1750 3465 1750 3466 1760 3466 1748 3466 1761 3467 1762 3467 1757 3467 1765 3468 1766 3468 1767 3468 1767 3469 1768 3469 1765 3469 1767 3470 1766 3470 1762 3470 1767 3471 1762 3471 1761 3471 1769 3472 1770 3472 1767 3472 1767 3473 1770 3473 1768 3473 1773 3474 1771 3474 1772 3474 1773 3475 1772 3475 1774 3475 1774 3476 1775 3476 1776 3476 1772 3477 1777 3477 1774 3477 1774 3478 1777 3478 1778 3478 1774 3479 1778 3479 1779 3479 1774 3480 1779 3480 1775 3480 1757 3481 1756 3481 1763 3481 1757 3482 1763 3482 1764 3482 1757 3483 1764 3483 1761 3483 1761 3484 1764 3484 1780 3484 1780 3485 1771 3485 1761 3485 1771 3486 1780 3486 1781 3486 1771 3487 1781 3487 1782 3487 1771 3488 1782 3488 1772 3488 1785 3489 1783 3489 1784 3489 1783 3490 1786 3490 1784 3490 1784 3491 1786 3491 1763 3491 1763 3492 1786 3492 1764 3492 1784 3493 1787 3493 1788 3493 1784 3494 1788 3494 1785 3494 1789 3495 1802 3495 1791 3495 1794 3496 1795 3496 1796 3496 1796 3497 1795 3497 1797 3497 1797 3498 1795 3498 1793 3498 1794 3499 1798 3499 1795 3499 1800 3500 1799 3500 1798 3500 1802 3501 1868 3501 1791 3501 1807 3502 1806 3502 1808 3502 1769 3503 1767 3503 1793 3503 1798 3504 1794 3504 1812 3504 1798 3505 1812 3505 1800 3505 1799 3506 1800 3506 1813 3506 1799 3507 1813 3507 1801 3507 1801 3508 1813 3508 1814 3508 1801 3509 1814 3509 1815 3509 1801 3510 1815 3510 1816 3510 1801 3511 1816 3511 1817 3511 1817 3512 1816 3512 1791 3512 1817 3513 1791 3513 1868 3513 1810 3514 1805 3514 1809 3514 1809 3515 1805 3515 1818 3515 1818 3516 1805 3516 1806 3516 1818 3517 1806 3517 1807 3517 1819 3518 1807 3518 1808 3518 1819 3519 1808 3519 1804 3519 1761 3520 1771 3520 1811 3520 1797 3521 1811 3521 1792 3521 1797 3522 1792 3522 1796 3522 1796 3523 1792 3523 1794 3523 1794 3524 1792 3524 1810 3524 1794 3525 1810 3525 1809 3525 1819 3526 1818 3526 1807 3526 1790 3527 1819 3527 1804 3527 1820 3528 1804 3528 1803 3528 1820 3529 1803 3529 1821 3529 1790 3530 1789 3530 1791 3530 1790 3531 1791 3531 1816 3531 1790 3532 1816 3532 1819 3532 1819 3533 1816 3533 1815 3533 1819 3534 1815 3534 1814 3534 1819 3535 1814 3535 1818 3535 1818 3536 1814 3536 1813 3536 1818 3537 1813 3537 1809 3537 1809 3538 1813 3538 1800 3538 1809 3539 1800 3539 1812 3539 1809 3540 1812 3540 1794 3540 1811 3541 1797 3541 1793 3541 1811 3542 1793 3542 1761 3542 1761 3543 1793 3543 1767 3543 1808 3544 1803 3544 1804 3544 1804 3545 1820 3545 1790 3545 1790 3546 1820 3546 1822 3546 1790 3547 1822 3547 1789 3547 1821 3548 1822 3548 1820 3548 1763 3549 1756 3549 1823 3549 1825 3550 1845 3550 1824 3550 1827 3551 1825 3551 1828 3551 1830 3552 1827 3552 1828 3552 1830 3553 1828 3553 1831 3553 1831 3554 1828 3554 1832 3554 1831 3555 1832 3555 1833 3555 1833 3556 1834 3556 1835 3556 1784 3557 1823 3557 1787 3557 1787 3558 1823 3558 1840 3558 1840 3559 1823 3559 1850 3559 1840 3560 1850 3560 1841 3560 1841 3561 1850 3561 1849 3561 1841 3562 1849 3562 1848 3562 1841 3563 1848 3563 1842 3563 1845 3564 1882 3564 1824 3564 1833 3565 1832 3565 1846 3565 1833 3566 1846 3566 1834 3566 1835 3567 1834 3567 1847 3567 1835 3568 1847 3568 1836 3568 1836 3569 1847 3569 1837 3569 1836 3570 1837 3570 1838 3570 1828 3571 1825 3571 1826 3571 1828 3572 1826 3572 1832 3572 1832 3573 1826 3573 1846 3573 1834 3574 1846 3574 1847 3574 1838 3575 1837 3575 1848 3575 1838 3576 1848 3576 1829 3576 1829 3577 1848 3577 1849 3577 1829 3578 1849 3578 1850 3578 1829 3579 1850 3579 1839 3579 1839 3580 1850 3580 1823 3580 1823 3581 1756 3581 1839 3581 1839 3582 1756 3582 1750 3582 1851 3583 1848 3583 1837 3583 1851 3584 1837 3584 1852 3584 1852 3585 1837 3585 1847 3585 1852 3586 1847 3586 1846 3586 1852 3587 1846 3587 1853 3587 1853 3588 1846 3588 1854 3588 1854 3589 1846 3589 1826 3589 1854 3590 1826 3590 1824 3590 1824 3591 1826 3591 1825 3591 1763 3592 1823 3592 1784 3592 1882 3593 1855 3593 1824 3593 1824 3594 1855 3594 1854 3594 1854 3595 1855 3595 1844 3595 1854 3596 1844 3596 1853 3596 1853 3597 1844 3597 1852 3597 1852 3598 1844 3598 1843 3598 1852 3599 1843 3599 1851 3599 1851 3600 1843 3600 1842 3600 1851 3601 1842 3601 1848 3601 1858 3602 1859 3602 1860 3602 1802 3603 1869 3603 1868 3603 1870 3604 1871 3604 1869 3604 1872 3605 1871 3605 1870 3605 1873 3606 1867 3606 1872 3606 1876 3607 1875 3607 1874 3607 1878 3608 1879 3608 1880 3608 1880 3609 1879 3609 1881 3609 1827 3610 1830 3610 1863 3610 1830 3611 1878 3611 1863 3611 1884 3612 1883 3612 1885 3612 1859 3613 1884 3613 1860 3613 1858 3614 1886 3614 1859 3614 1857 3615 1886 3615 1858 3615 1857 3616 1887 3616 1886 3616 1856 3617 1887 3617 1857 3617 1889 3618 1888 3618 1865 3618 1889 3619 1890 3619 1821 3619 1845 3620 1862 3620 1861 3620 1845 3621 1861 3621 1882 3621 1885 3622 1883 3622 1861 3622 1885 3623 1861 3623 1862 3623 1891 3624 1862 3624 1845 3624 1891 3625 1845 3625 1825 3625 1885 3626 1862 3626 1891 3626 1860 3627 1884 3627 1885 3627 1892 3628 1885 3628 1891 3628 1863 3629 1891 3629 1825 3629 1863 3630 1825 3630 1827 3630 1877 3631 1866 3631 1881 3631 1860 3632 1885 3632 1893 3632 1893 3633 1885 3633 1892 3633 1892 3634 1891 3634 1863 3634 1877 3635 1875 3635 1866 3635 1866 3636 1875 3636 1876 3636 1894 3637 1892 3637 1863 3637 1894 3638 1863 3638 1880 3638 1880 3639 1863 3639 1878 3639 1895 3640 1858 3640 1860 3640 1895 3641 1860 3641 1896 3641 1896 3642 1860 3642 1893 3642 1896 3643 1893 3643 1866 3643 1866 3644 1893 3644 1892 3644 1866 3645 1892 3645 1894 3645 1874 3646 1867 3646 1873 3646 1865 3647 1864 3647 1856 3647 1865 3648 1856 3648 1897 3648 1897 3649 1856 3649 1857 3649 1898 3650 1857 3650 1858 3650 1898 3651 1858 3651 1895 3651 1866 3652 1894 3652 1881 3652 1881 3653 1894 3653 1880 3653 1888 3654 1864 3654 1865 3654 1897 3655 1857 3655 1898 3655 1898 3656 1895 3656 1899 3656 1899 3657 1895 3657 1896 3657 1899 3658 1896 3658 1876 3658 1876 3659 1896 3659 1866 3659 1890 3660 1889 3660 1865 3660 1890 3661 1865 3661 1897 3661 1900 3662 1897 3662 1898 3662 1822 3663 1821 3663 1890 3663 1901 3664 1890 3664 1897 3664 1901 3665 1897 3665 1900 3665 1900 3666 1898 3666 1873 3666 1873 3667 1898 3667 1899 3667 1873 3668 1899 3668 1874 3668 1874 3669 1899 3669 1876 3669 1870 3670 1802 3670 1789 3670 1869 3671 1802 3671 1870 3671 1901 3672 1870 3672 1789 3672 1873 3673 1872 3673 1900 3673 1900 3674 1872 3674 1870 3674 1900 3675 1870 3675 1901 3675 1901 3676 1789 3676 1822 3676 1890 3677 1901 3677 1822 3677 1755 3678 1878 3678 1752 3678 1755 3679 1879 3679 1878 3679 1754 3680 1879 3680 1755 3680 1753 3681 1881 3681 1754 3681 1754 3682 1881 3682 1879 3682 1753 3683 1877 3683 1881 3683 1748 3684 1877 3684 1753 3684 1760 3685 1874 3685 1748 3685 1748 3686 1874 3686 1875 3686 1748 3687 1875 3687 1877 3687 1760 3688 1867 3688 1874 3688 1759 3689 1867 3689 1760 3689 1758 3690 1872 3690 1759 3690 1759 3691 1872 3691 1867 3691 1757 3692 1871 3692 1758 3692 1758 3693 1871 3693 1872 3693 1868 3694 1869 3694 1766 3694 1766 3695 1869 3695 1762 3695 1762 3696 1869 3696 1757 3696 1757 3697 1869 3697 1871 3697 1868 3698 1766 3698 1765 3698 1868 3699 1765 3699 1817 3699 1817 3700 1765 3700 1768 3700 1817 3701 1768 3701 1801 3701 1768 3702 1799 3702 1801 3702 1770 3703 1798 3703 1799 3703 1770 3704 1799 3704 1768 3704 1769 3705 1793 3705 1770 3705 1793 3706 1795 3706 1770 3706 1770 3707 1795 3707 1798 3707 1752 3708 1878 3708 1830 3708 1752 3709 1830 3709 1751 3709 1751 3710 1830 3710 1831 3710 1751 3711 1831 3711 1833 3711 1751 3712 1833 3712 1749 3712 1836 3713 1749 3713 1835 3713 1835 3714 1749 3714 1833 3714 1749 3715 1829 3715 1839 3715 1749 3716 1839 3716 1750 3716 1749 3717 1836 3717 1838 3717 1749 3718 1838 3718 1829 3718 1889 3719 1775 3719 1779 3719 1889 3720 1779 3720 1888 3720 1888 3721 1779 3721 1778 3721 1888 3722 1778 3722 1864 3722 1864 3723 1778 3723 1777 3723 1864 3724 1777 3724 1856 3724 1856 3725 1777 3725 1772 3725 1856 3726 1772 3726 1887 3726 1886 3727 1772 3727 1782 3727 1886 3728 1782 3728 1859 3728 1772 3729 1886 3729 1887 3729 1859 3730 1782 3730 1884 3730 1884 3731 1782 3731 1781 3731 1884 3732 1781 3732 1780 3732 1884 3733 1780 3733 1883 3733 1883 3734 1780 3734 1764 3734 1786 3735 1861 3735 1764 3735 1764 3736 1861 3736 1883 3736 1783 3737 1882 3737 1786 3737 1786 3738 1882 3738 1861 3738 1788 3739 1843 3739 1785 3739 1785 3740 1843 3740 1844 3740 1785 3741 1844 3741 1855 3741 1785 3742 1855 3742 1783 3742 1783 3743 1855 3743 1882 3743 1788 3744 1842 3744 1843 3744 1840 3745 1841 3745 1787 3745 1787 3746 1841 3746 1788 3746 1788 3747 1841 3747 1842 3747 1775 3748 1889 3748 1821 3748 1775 3749 1821 3749 1776 3749 1776 3750 1821 3750 1803 3750 1776 3751 1803 3751 1774 3751 1774 3752 1803 3752 1808 3752 1774 3753 1808 3753 1806 3753 1774 3754 1806 3754 1773 3754 1773 3755 1806 3755 1805 3755 1771 3756 1792 3756 1811 3756 1773 3757 1805 3757 1810 3757 1773 3758 1810 3758 1771 3758 1771 3759 1810 3759 1792 3759 1902 3760 1903 3760 1904 3760 1905 3761 1906 3761 1907 3761 1908 3762 1909 3762 1910 3762 1911 3763 1912 3763 1913 3763 1914 3764 1915 3764 1916 3764 1917 3765 1918 3765 1919 3765 1920 3766 1921 3766 1922 3766 1923 3767 1924 3767 1925 3767 1926 3768 1927 3768 1928 3768 1929 3769 1930 3769 1931 3769 1932 3770 1933 3770 1934 3770 1935 3771 1936 3771 1937 3771 1938 3772 1939 3772 1940 3772 1941 3773 1942 3773 1943 3773 1943 3774 1942 3774 1944 3774 1944 3775 1942 3775 1945 3775 1944 3776 1945 3776 1946 3776 1944 3777 1946 3777 1947 3777 1948 3778 1949 3778 1950 3778 1950 3779 1949 3779 1951 3779 1951 3780 1949 3780 1952 3780 1951 3781 1952 3781 1953 3781 1951 3782 1953 3782 1954 3782 1955 3783 1956 3783 1957 3783 1957 3784 1956 3784 1958 3784 1958 3785 1956 3785 1959 3785 1958 3786 1959 3786 1960 3786 1958 3787 1960 3787 1961 3787 1962 3788 1963 3788 1964 3788 1964 3789 1963 3789 1965 3789 1965 3790 1963 3790 1966 3790 1965 3791 1966 3791 1967 3791 1965 3792 1967 3792 1968 3792 1969 3793 1970 3793 1971 3793 1971 3794 1970 3794 1972 3794 1972 3795 1970 3795 1973 3795 1972 3796 1973 3796 1974 3796 1972 3797 1974 3797 1975 3797 1976 3798 1977 3798 1978 3798 1978 3799 1977 3799 1979 3799 1979 3800 1977 3800 1980 3800 1979 3801 1980 3801 1981 3801 1979 3802 1981 3802 1982 3802 1983 3803 1984 3803 1985 3803 1985 3804 1984 3804 1986 3804 1986 3805 1984 3805 1987 3805 1986 3806 1987 3806 1988 3806 1986 3807 1988 3807 1989 3807 1990 3808 1991 3808 1992 3808 1992 3809 1991 3809 1993 3809 1993 3810 1991 3810 1994 3810 1993 3811 1994 3811 1995 3811 1993 3812 1995 3812 1996 3812 1997 3813 1998 3813 1999 3813 1999 3814 1998 3814 2000 3814 2000 3815 1998 3815 2001 3815 2000 3816 2001 3816 2002 3816 2000 3817 2002 3817 2003 3817 2004 3818 2005 3818 2006 3818 2006 3819 2005 3819 2007 3819 2007 3820 2005 3820 2008 3820 2007 3821 2008 3821 2009 3821 2007 3822 2009 3822 2010 3822 2011 3823 2012 3823 2013 3823 2013 3824 2012 3824 2014 3824 2014 3825 2012 3825 2015 3825 2014 3826 2015 3826 2016 3826 2014 3827 2016 3827 2017 3827 1940 3828 1939 3828 2018 3828 2018 3829 1939 3829 2019 3829 2019 3830 1939 3830 2020 3830 2019 3831 2020 3831 2021 3831 1985 3832 1917 3832 1983 3832 1983 3833 1917 3833 1919 3833 1983 3834 1919 3834 1981 3834 1981 3834 1919 3834 2022 3834 1981 3835 2022 3835 1982 3835 1978 3836 1920 3836 1976 3836 1976 3837 1920 3837 1922 3837 1976 3838 1922 3838 1974 3838 1974 3839 1922 3839 2023 3839 1974 3840 2023 3840 1975 3840 1971 3841 1923 3841 1969 3841 1969 3842 1923 3842 1925 3842 1969 3843 1925 3843 1967 3843 1967 3844 1925 3844 2024 3844 1967 3845 2024 3845 1968 3845 1964 3846 1926 3846 1962 3846 1962 3847 1926 3847 1928 3847 1962 3848 1928 3848 1960 3848 1960 3849 1928 3849 2025 3849 1960 3850 2025 3850 1961 3850 1957 3851 1929 3851 1955 3851 1955 3852 1929 3852 1931 3852 1955 3853 1931 3853 1953 3853 1953 3854 1931 3854 2026 3854 1953 3855 2026 3855 1954 3855 1950 3856 1932 3856 1948 3856 1948 3857 1932 3857 1934 3857 1948 3858 1934 3858 1946 3858 1946 3859 1934 3859 2027 3859 1946 3860 2027 3860 1947 3860 1943 3861 1935 3861 1941 3861 1941 3862 1935 3862 1937 3862 1941 3863 1937 3863 1940 3863 1940 3863 1937 3863 2028 3863 1940 3864 2028 3864 1938 3864 2020 3865 1902 3865 2021 3865 2021 3866 1902 3866 1904 3866 2021 3867 1904 3867 2016 3867 2016 3868 1904 3868 2029 3868 2016 3869 2029 3869 2017 3869 2013 3870 1905 3870 2011 3870 2011 3871 1905 3871 1907 3871 2011 3872 1907 3872 2009 3872 2009 3873 1907 3873 2030 3873 2009 3874 2030 3874 2010 3874 2006 3875 1908 3875 2004 3875 2004 3876 1908 3876 1910 3876 2004 3877 1910 3877 2002 3877 2002 3878 1910 3878 2031 3878 2002 3879 2031 3879 2003 3879 1999 3880 1911 3880 1997 3880 1997 3881 1911 3881 1913 3881 1997 3882 1913 3882 1995 3882 1995 3883 1913 3883 2032 3883 1995 3884 2032 3884 1996 3884 1992 3885 1914 3885 1990 3885 1990 3886 1914 3886 1916 3886 1990 3887 1916 3887 1988 3887 1988 3888 1916 3888 2033 3888 1988 3889 2033 3889 1989 3889 2034 3890 2017 3890 2035 3890 2035 3891 2017 3891 2029 3891 2035 3892 2029 3892 2036 3892 2036 3893 2029 3893 1904 3893 2036 3893 1904 3893 2037 3893 2037 3894 1904 3894 1903 3894 1906 3895 2038 3895 1907 3895 1907 3896 2038 3896 2039 3896 1907 3893 2039 3893 2030 3893 2030 3897 2039 3897 2040 3897 2030 3898 2040 3898 2010 3898 1910 3899 1909 3899 2041 3899 1910 3893 2041 3893 2031 3893 2031 3900 2041 3900 2042 3900 2031 3893 2042 3893 2003 3893 2003 3901 2042 3901 2043 3901 2044 3902 2045 3902 1996 3902 1996 3893 2032 3893 2044 3893 2044 3893 2032 3893 1913 3893 2044 3903 1913 3903 2046 3903 2046 3904 1913 3904 1912 3904 2047 3893 1989 3893 2048 3893 2048 3905 1989 3905 2033 3905 2048 3906 2033 3906 2049 3906 2049 3907 2033 3907 1916 3907 2049 3908 1916 3908 1915 3908 2050 3893 1982 3893 2051 3893 2051 3909 1982 3909 2022 3909 2051 3910 2022 3910 2052 3910 2052 3911 2022 3911 1919 3911 2052 3912 1919 3912 2053 3912 2053 3894 1919 3894 1918 3894 2054 3913 1975 3913 2055 3913 2055 3914 1975 3914 2023 3914 2055 3915 2023 3915 2056 3915 2056 3893 2023 3893 1922 3893 2056 3893 1922 3893 2057 3893 2057 3916 1922 3916 1921 3916 1924 3917 2058 3917 1925 3917 1925 3918 2058 3918 2059 3918 1925 3893 2059 3893 2024 3893 2024 3919 2059 3919 2060 3919 2024 3920 2060 3920 1968 3920 1928 3921 1927 3921 2061 3921 1928 3893 2061 3893 2025 3893 2025 3922 2061 3922 2062 3922 2025 3893 2062 3893 1961 3893 1961 3923 2062 3923 2063 3923 2064 3924 2065 3924 1954 3924 1954 3893 2026 3893 2064 3893 2064 3893 2026 3893 1931 3893 2064 3925 1931 3925 2066 3925 2066 3926 1931 3926 1930 3926 2067 3893 1947 3893 2068 3893 2068 3927 1947 3927 2027 3927 2068 3928 2027 3928 2069 3928 2069 3929 2027 3929 1934 3929 2069 3930 1934 3930 1933 3930 2070 3893 1938 3893 2071 3893 2071 3931 1938 3931 2028 3931 2071 3932 2028 3932 2072 3932 2072 3933 2028 3933 1937 3933 2072 3934 1937 3934 2073 3934 2073 3916 1937 3916 1936 3916 2076 3935 2077 3935 2078 3935 2079 3936 2080 3936 2081 3936 2082 3937 2083 3937 2084 3937 2083 3938 2085 3938 2084 3938 2084 3939 2085 3939 2086 3939 2087 3940 2088 3940 2089 3940 2090 3941 2091 3941 2088 3941 2088 3942 2091 3942 2089 3942 2090 3943 2092 3943 2093 3943 2093 3944 2092 3944 2094 3944 2095 3945 2096 3945 2097 3945 2098 3946 2099 3946 2100 3946 2100 3947 2099 3947 2101 3947 2100 3948 2101 3948 2102 3948 2102 3949 2101 3949 2103 3949 2099 3950 2098 3950 2097 3950 2095 3951 2104 3951 2096 3951 2096 3952 2104 3952 2105 3952 2096 3953 2105 3953 2093 3953 2093 3954 2105 3954 2090 3954 2090 3955 2105 3955 2091 3955 2106 3956 2107 3956 2108 3956 2108 3957 2107 3957 2109 3957 2102 3958 2103 3958 2110 3958 2110 3959 2111 3959 2102 3959 2117 3960 2112 3960 2113 3960 2113 3961 2112 3961 2114 3961 2113 3962 2114 3962 2110 3962 2110 3963 2114 3963 2111 3963 2115 3964 2116 3964 2117 3964 2117 3965 2116 3965 2118 3965 2117 3966 2118 3966 2112 3966 2106 3967 2119 3967 2120 3967 2120 3968 2119 3968 2121 3968 2120 3969 2121 3969 2115 3969 2115 3970 2121 3970 2116 3970 2108 3971 2109 3971 2122 3971 2122 3972 2109 3972 2123 3972 2125 3973 2124 3973 2126 3973 2125 3974 2126 3974 2127 3974 2125 3975 2127 3975 2123 3975 2123 3976 2127 3976 2122 3976 2086 3977 2128 3977 2129 3977 2128 3978 2130 3978 2129 3978 2129 3979 2130 3979 2125 3979 2125 3980 2130 3980 2124 3980 2131 3981 2132 3981 2133 3981 2134 3982 2135 3982 2133 3982 2133 3983 2135 3983 2131 3983 2133 3984 2136 3984 2137 3984 2133 3985 2137 3985 2134 3985 2089 3986 2138 3986 2087 3986 2087 3987 2138 3987 2084 3987 2084 3988 2138 3988 2133 3988 2084 3989 2133 3989 2082 3989 2082 3990 2133 3990 2132 3990 2139 3991 2140 3991 2141 3991 2141 3992 2140 3992 2142 3992 2081 3993 2143 3993 2079 3993 2139 3994 2141 3994 2081 3994 2081 3995 2141 3995 2143 3995 2144 3996 2145 3996 2140 3996 2140 3997 2145 3997 2142 3997 2146 3998 2148 3998 2147 3998 2147 3999 2148 3999 2144 3999 2144 4000 2148 4000 2145 4000 2149 4001 2150 4001 2151 4001 2152 4002 2153 4002 2154 4002 2155 4003 2156 4003 2157 4003 2157 4004 2156 4004 2158 4004 2157 4005 2158 4005 2159 4005 2159 4006 2158 4006 2160 4006 2160 4007 2158 4007 2152 4007 2154 4008 2153 4008 2161 4008 2161 4009 2153 4009 2162 4009 2161 4010 2162 4010 2163 4010 2162 4011 2146 4011 2163 4011 2163 4012 2146 4012 2151 4012 2151 4013 2146 4013 2147 4013 2151 4014 2147 4014 2149 4014 2164 4015 2165 4015 2166 4015 2166 4016 2165 4016 2167 4016 2168 4017 2169 4017 2170 4017 2156 4018 2155 4018 2174 4018 2171 4019 2172 4019 2173 4019 2171 4020 2173 4020 2174 4020 2174 4021 2173 4021 2175 4021 2174 4022 2175 4022 2156 4022 2172 4023 2171 4023 2168 4023 2176 4024 2177 4024 2178 4024 2176 4025 2172 4025 2177 4025 2177 4026 2172 4026 2170 4026 2170 4027 2172 4027 2168 4027 2179 4028 2180 4028 2165 4028 2165 4029 2180 4029 2167 4029 2182 4030 2183 4030 2181 4030 2181 4031 2183 4031 2179 4031 2179 4032 2183 4032 2180 4032 2184 4033 2185 4033 2186 4033 2186 4034 2187 4034 2184 4034 2139 4035 2188 4035 2189 4035 2189 4036 2188 4036 2190 4036 2189 4037 2190 4037 2187 4037 2186 4038 2185 4038 2182 4038 2186 4039 2182 4039 2181 4039 2191 4040 2192 4040 2079 4040 2079 4041 2192 4041 2080 4041 2079 4042 2193 4042 2191 4042 2139 4043 2081 4043 2194 4043 2139 4044 2194 4044 2188 4044 2195 4045 2196 4045 2149 4045 2149 4046 2196 4046 2150 4046 2197 4047 2198 4047 2199 4047 2197 4048 2199 4048 2195 4048 2195 4049 2199 4049 2196 4049 2200 4050 2201 4050 2202 4050 2203 4051 2204 4051 2200 4051 2202 4052 2201 4052 2205 4052 2202 4053 2205 4053 2197 4053 2197 4054 2205 4054 2198 4054 2207 4055 2206 4055 2204 4055 2207 4056 2204 4056 2203 4056 2208 4057 2209 4057 2207 4057 2207 4058 2209 4058 2206 4058 2212 4059 2213 4059 2211 4059 2211 4060 2213 4060 2210 4060 2211 4061 2215 4061 2212 4061 2210 4062 2208 4062 2211 4062 2211 4063 2208 4063 2214 4063 2214 4064 2208 4064 2207 4064 2214 4065 2207 4065 2216 4065 2216 4066 2207 4066 2217 4066 2216 4067 2217 4067 2218 4067 2170 4068 2169 4068 2219 4068 2170 4069 2219 4069 2220 4069 2220 4070 2219 4070 2221 4070 2220 4071 2221 4071 2166 4071 2166 4072 2221 4072 2164 4072 2221 4073 2222 4073 2164 4073 2164 4074 2222 4074 2223 4074 2223 4075 2222 4075 2224 4075 2223 4076 2224 4076 2217 4076 2217 4077 2224 4077 2218 4077 2225 4078 2160 4078 2154 4078 2154 4079 2160 4079 2152 4079 2226 4080 2227 4080 2228 4080 2228 4081 2227 4081 2229 4081 2231 4082 2230 4082 2232 4082 2233 4083 2234 4083 2235 4083 2236 4084 2233 4084 2235 4084 2235 4085 2234 4085 2237 4085 2231 4086 2237 4086 2230 4086 2232 4087 2238 4087 2231 4087 2231 4088 2238 4088 2226 4088 2231 4089 2226 4089 2228 4089 2240 4090 2239 4090 2241 4090 2240 4091 2241 4091 2236 4091 2242 4092 2243 4092 2236 4092 2236 4093 2243 4093 2233 4093 2244 4094 2078 4094 2245 4094 2236 4095 2241 4095 2246 4095 2236 4096 2246 4096 2078 4096 2078 4097 2246 4097 2245 4097 2244 4098 2076 4098 2078 4098 2236 4099 2078 4099 2242 4099 2239 4100 2240 4100 2247 4100 2247 4101 2240 4101 2248 4101 2106 4102 2120 4102 2107 4102 2107 4103 2120 4103 2249 4103 2107 4104 2249 4104 2250 4104 2107 4105 2250 4105 2248 4105 2248 4106 2250 4106 2247 4106 2253 4107 2254 4107 2252 4107 2252 4108 2254 4108 2251 4108 2252 4109 2255 4109 2253 4109 2251 4110 2099 4110 2252 4110 2252 4111 2099 4111 2096 4111 2096 4112 2099 4112 2097 4112 2227 4113 2256 4113 2229 4113 2229 4114 2256 4114 2092 4114 2092 4115 2256 4115 2094 4115 2257 4116 2258 4116 2259 4116 2260 4117 2261 4117 2262 4117 2263 4118 2264 4118 2265 4118 2265 4119 2264 4119 2266 4119 2262 4120 2267 4120 2260 4120 2269 4121 2268 4121 2267 4121 2271 4122 2270 4122 2272 4122 2269 4123 2273 4123 2268 4123 2273 4124 2269 4124 2271 4124 2271 4125 2269 4125 2270 4125 2271 4126 2272 4126 2263 4126 2265 4127 2266 4127 2274 4127 2265 4128 2274 4128 2259 4128 2259 4129 2274 4129 2275 4129 2262 4130 2261 4130 2276 4130 2277 4131 2278 4131 2262 4131 2277 4132 2262 4132 2276 4132 2259 4133 2275 4133 2279 4133 2259 4134 2279 4134 2257 4134 2269 4135 2267 4135 2262 4135 2269 4136 2262 4136 2282 4136 2283 4137 2284 4137 2282 4137 2282 4138 2284 4138 2285 4138 2282 4139 2285 4139 2269 4139 2280 4140 2281 4140 2262 4140 2262 4141 2281 4141 2286 4141 2262 4142 2286 4142 2282 4142 2282 4143 2286 4143 2287 4143 2287 4144 2288 4144 2282 4144 2282 4145 2288 4145 2289 4145 2282 4146 2289 4146 2290 4146 2282 4147 2290 4147 2283 4147 2291 4148 2300 4148 2280 4148 2280 4149 2300 4149 2281 4149 2294 4150 2295 4150 2293 4150 2293 4151 2295 4151 2292 4151 2297 4152 2296 4152 2298 4152 2297 4153 2298 4153 2294 4153 2292 4154 2299 4154 2293 4154 2293 4155 2299 4155 2300 4155 2293 4156 2300 4156 2291 4156 2296 4157 2297 4157 2303 4157 2303 4158 2297 4158 2304 4158 2303 4159 2304 4159 2305 4159 2306 4160 2307 4160 2305 4160 2305 4161 2307 4161 2308 4161 2305 4162 2308 4162 2303 4162 2301 4163 2302 4163 2304 4163 2304 4164 2302 4164 2309 4164 2304 4165 2309 4165 2305 4165 2305 4166 2309 4166 2310 4166 2305 4167 2310 4167 2311 4167 2311 4168 2312 4168 2305 4168 2305 4169 2312 4169 2313 4169 2305 4170 2313 4170 2306 4170 2257 4171 2279 4171 2301 4171 2301 4172 2279 4172 2302 4172 2314 4173 2315 4173 2316 4173 2317 4174 2324 4174 2316 4174 2316 4175 2324 4175 2318 4175 2316 4176 2318 4176 2319 4176 2319 4177 2320 4177 2316 4177 2316 4178 2320 4178 2321 4178 2316 4179 2321 4179 2322 4179 2316 4180 2322 4180 2314 4180 2316 4181 2315 4181 2323 4181 2278 4182 2277 4182 2324 4182 2278 4183 2324 4183 2317 4183 2325 4184 2326 4184 2265 4184 2327 4185 2328 4185 2265 4185 2265 4186 2328 4186 2325 4186 2265 4187 2329 4187 2330 4187 2265 4188 2330 4188 2327 4188 2265 4189 2326 4189 2271 4189 2265 4190 2271 4190 2263 4190 2259 4191 2258 4191 2331 4191 2331 4192 2258 4192 2332 4192 2333 4193 2334 4193 2332 4193 2332 4194 2334 4194 2331 4194 2337 4195 2338 4195 2339 4195 2339 4196 2340 4196 2337 4196 2323 4197 2341 4197 2316 4197 2316 4198 2341 4198 2339 4198 2339 4199 2341 4199 2340 4199 2336 4200 2338 4200 2335 4200 2335 4201 2342 4201 2336 4201 2336 4202 2342 4202 2343 4202 2336 4203 2343 4203 2333 4203 2333 4204 2343 4204 2334 4204 2344 4205 2345 4205 2346 4205 2346 4206 2345 4206 2347 4206 2348 4207 2349 4207 2350 4207 2351 4208 2352 4208 2348 4208 2348 4209 2352 4209 2349 4209 2353 4210 2355 4210 2354 4210 2354 4211 2355 4211 2356 4211 2354 4212 2356 4212 2357 4212 2357 4213 2356 4213 2358 4213 2357 4214 2358 4214 2351 4214 2351 4215 2358 4215 2352 4215 2346 4216 2347 4216 2359 4216 2346 4217 2359 4217 2369 4217 2360 4218 2361 4218 2362 4218 2363 4219 2364 4219 2365 4219 2364 4220 2366 4220 2365 4220 2362 4221 2367 4221 2360 4221 2364 4222 2363 4222 2367 4222 2362 4223 2361 4223 2368 4223 2362 4224 2368 4224 2369 4224 2362 4225 2369 4225 2359 4225 2370 4226 2371 4226 2372 4226 2373 4227 2374 4227 2372 4227 2372 4228 2374 4228 2370 4228 2372 4229 2376 4229 2373 4229 2372 4230 2371 4230 2366 4230 2372 4231 2366 4231 2375 4231 2375 4232 2366 4232 2364 4232 2375 4233 2364 4233 2377 4233 2375 4234 2377 4234 2378 4234 2378 4235 2377 4235 2379 4235 2380 4236 2381 4236 2379 4236 2379 4237 2381 4237 2378 4237 2382 4238 2380 4238 2383 4238 2384 4239 2385 4239 2386 4239 2386 4240 2387 4240 2384 4240 2388 4241 2387 4241 2389 4241 2389 4242 2390 4242 2388 4242 2389 4243 2391 4243 2392 4243 2392 4244 2391 4244 2348 4244 2389 4245 2392 4245 2390 4245 2350 4246 2392 4246 2348 4246 2386 4247 2385 4247 2393 4247 2386 4248 2393 4248 2382 4248 2382 4249 2393 4249 2381 4249 2382 4250 2381 4250 2380 4250 2395 4251 2394 4251 2383 4251 2383 4252 2394 4252 2382 4252 2394 4253 2395 4253 2396 4253 2396 4254 2395 4254 2397 4254 2399 4255 2398 4255 2400 4255 2401 4256 2398 4256 2402 4256 2403 4257 2401 4257 2402 4257 2075 4258 2074 4258 2402 4258 2402 4259 2074 4259 2403 4259 2400 4260 2404 4260 2399 4260 2399 4261 2404 4261 2405 4261 2399 4262 2405 4262 2396 4262 2399 4263 2396 4263 2397 4263 2408 4264 2409 4264 2075 4264 2075 4265 2409 4265 2410 4265 2406 4266 2407 4266 2075 4266 2075 4267 2407 4267 2411 4267 2075 4268 2411 4268 2412 4268 2075 4269 2412 4269 2413 4269 2413 4270 2414 4270 2075 4270 2075 4271 2414 4271 2415 4271 2075 4272 2415 4272 2408 4272 2075 4273 2410 4273 2074 4273 2407 4274 2406 4274 2416 4274 2416 4275 2406 4275 2417 4275 2354 4276 2345 4276 2344 4276 2354 4277 2344 4277 2353 4277 2354 4278 2418 4278 2345 4278 2345 4279 2418 4279 2419 4279 2345 4280 2419 4280 2420 4280 2345 4281 2420 4281 2417 4281 2417 4282 2420 4282 2416 4282 2421 4283 2422 4283 2423 4283 2424 4284 2425 4284 2423 4284 2423 4285 2425 4285 2421 4285 2423 4286 2426 4286 2424 4286 2423 4287 2422 4287 2389 4287 2423 4288 2389 4288 2386 4288 2386 4289 2389 4289 2387 4289 2338 4290 2336 4290 2339 4290 2339 4291 2336 4291 2427 4291 2339 4291 2427 4291 2428 4291 2428 4292 2427 4292 2429 4292 2428 4293 2429 4293 2430 4293 2430 4294 2429 4294 2431 4294 2430 4295 2431 4295 2432 4295 2432 4296 2431 4296 2433 4296 2432 4297 2433 4297 2434 4297 2434 4298 2433 4298 2435 4298 2434 4299 2435 4299 2436 4299 2436 4300 2435 4300 2437 4300 2436 4300 2437 4300 2438 4300 2438 4301 2437 4301 2402 4301 2438 4302 2402 4302 2399 4302 2399 4303 2402 4303 2398 4303 2237 4304 2231 4304 2235 4304 2235 4305 2231 4305 2439 4305 2235 4306 2439 4306 2440 4306 2440 4307 2439 4307 2441 4307 2440 4308 2441 4308 2442 4308 2442 4309 2441 4309 2443 4309 2442 4310 2443 4310 2444 4310 2444 4311 2443 4311 2445 4311 2444 4312 2445 4312 2446 4312 2446 4313 2445 4313 2447 4313 2446 4313 2447 4313 2448 4313 2448 4314 2447 4314 2449 4314 2448 4315 2449 4315 2450 4315 2450 4316 2449 4316 2297 4316 2450 4317 2297 4317 2293 4317 2293 4318 2297 4318 2294 4318 2084 4319 2086 4319 2129 4319 2084 4320 2129 4320 2451 4320 2451 4321 2129 4321 2452 4321 2451 4322 2452 4322 2453 4322 2453 4323 2452 4323 2454 4323 2453 4324 2454 4324 2455 4324 2455 4325 2454 4325 2456 4325 2455 4325 2456 4325 2457 4325 2457 4326 2456 4326 2458 4326 2457 4327 2458 4327 2459 4327 2459 4328 2458 4328 2460 4328 2459 4328 2460 4328 2461 4328 2461 4329 2460 4329 2203 4329 2461 4329 2203 4329 2202 4329 2202 4330 2203 4330 2200 4330 2367 4331 2362 4331 2364 4331 2364 4332 2362 4332 2462 4332 2364 4332 2462 4332 2463 4332 2463 4333 2462 4333 2464 4333 2463 4334 2464 4334 2465 4334 2465 4335 2464 4335 2466 4335 2465 4336 2466 4336 2467 4336 2467 4337 2466 4337 2468 4337 2467 4337 2468 4337 2469 4337 2469 4338 2468 4338 2470 4338 2469 4338 2470 4338 2471 4338 2471 4339 2470 4339 2472 4339 2471 4339 2472 4339 2473 4339 2473 4340 2472 4340 2189 4340 2473 4340 2189 4340 2186 4340 2186 4341 2189 4341 2187 4341 2477 4342 2478 4342 2479 4342 2256 4343 2227 4343 2480 4343 2477 4344 2480 4344 2478 4344 2093 4345 2094 4345 2481 4345 2481 4346 2094 4346 2474 4346 2481 4347 2474 4347 2482 4347 2481 4348 2482 4348 2483 4348 2483 4349 2482 4349 2484 4349 2485 4350 2483 4350 2484 4350 2486 4351 2487 4351 2488 4351 2486 4352 2488 4352 2485 4352 2485 4353 2488 4353 2483 4353 2474 4354 2256 4354 2480 4354 2474 4355 2480 4355 2477 4355 2489 4356 2477 4356 2479 4356 2489 4357 2479 4357 2490 4357 2094 4358 2256 4358 2474 4358 2482 4359 2474 4359 2477 4359 2482 4360 2477 4360 2484 4360 2484 4361 2477 4361 2489 4361 2484 4362 2489 4362 2485 4362 2485 4363 2489 4363 2490 4363 2485 4364 2490 4364 2486 4364 2476 4365 2475 4365 2491 4365 2476 4366 2491 4366 2492 4366 2478 4367 2475 4367 2479 4367 2479 4368 2475 4368 2476 4368 2479 4369 2476 4369 2490 4369 2490 4370 2476 4370 2492 4370 2490 4371 2492 4371 2486 4371 2486 4372 2492 4372 2493 4372 2486 4373 2493 4373 2487 4373 2475 4374 2494 4374 2491 4374 2491 4375 2494 4375 2495 4375 2491 4376 2495 4376 2492 4376 2492 4377 2495 4377 2493 4377 2496 4378 2497 4378 2498 4378 2496 4379 2498 4379 2499 4379 2499 4380 2498 4380 2500 4380 2499 4381 2500 4381 2501 4381 2501 4382 2500 4382 2502 4382 2501 4383 2502 4383 2503 4383 2247 4384 2250 4384 2504 4384 2505 4385 2241 4385 2506 4385 2506 4386 2241 4386 2239 4386 2505 4387 2506 4387 2507 4387 2505 4388 2507 4388 2508 4388 2508 4389 2507 4389 2509 4389 2510 4390 2508 4390 2509 4390 2511 4391 2512 4391 2513 4391 2513 4392 2512 4392 2514 4392 2510 4393 2513 4393 2508 4393 2497 4394 2511 4394 2515 4394 2506 4395 2247 4395 2504 4395 2506 4396 2504 4396 2516 4396 2516 4397 2504 4397 2503 4397 2516 4398 2503 4398 2517 4398 2517 4399 2503 4399 2502 4399 2517 4400 2502 4400 2518 4400 2518 4401 2502 4401 2500 4401 2518 4402 2500 4402 2515 4402 2515 4403 2500 4403 2498 4403 2515 4404 2498 4404 2497 4404 2515 4405 2511 4405 2513 4405 2515 4406 2513 4406 2518 4406 2518 4407 2513 4407 2510 4407 2518 4408 2510 4408 2517 4408 2517 4409 2510 4409 2509 4409 2517 4410 2509 4410 2516 4410 2516 4411 2509 4411 2507 4411 2516 4412 2507 4412 2506 4412 2247 4413 2506 4413 2239 4413 2481 4414 2483 4414 2096 4414 2503 4415 2504 4415 2249 4415 2249 4416 2504 4416 2250 4416 2503 4417 2249 4417 2501 4417 2501 4418 2249 4418 2120 4418 2501 4419 2120 4419 2499 4419 2499 4420 2120 4420 2496 4420 2496 4421 2120 4421 2115 4421 2496 4422 2115 4422 2520 4422 2520 4423 2115 4423 2117 4423 2520 4424 2117 4424 2521 4424 2521 4425 2117 4425 2113 4425 2521 4426 2113 4426 2522 4426 2522 4427 2113 4427 2110 4427 2522 4428 2110 4428 2103 4428 2522 4429 2103 4429 2523 4429 2101 4430 2524 4430 2103 4430 2103 4431 2524 4431 2523 4431 2099 4432 2525 4432 2526 4432 2099 4433 2526 4433 2101 4433 2101 4434 2526 4434 2524 4434 2525 4435 2099 4435 2527 4435 2527 4436 2099 4436 2251 4436 2527 4437 2251 4437 2528 4437 2528 4438 2251 4438 2254 4438 2253 4439 2519 4439 2254 4439 2254 4440 2519 4440 2528 4440 2519 4441 2253 4441 2529 4441 2529 4442 2253 4442 2255 4442 2529 4443 2255 4443 2488 4443 2488 4444 2255 4444 2252 4444 2488 4445 2252 4445 2483 4445 2483 4446 2252 4446 2096 4446 2093 4447 2481 4447 2096 4447 2505 4448 2508 4448 2246 4448 2226 4449 2480 4449 2227 4449 2480 4450 2226 4450 2478 4450 2478 4451 2226 4451 2238 4451 2478 4452 2238 4452 2475 4452 2230 4453 2494 4453 2232 4453 2232 4454 2494 4454 2475 4454 2232 4455 2475 4455 2238 4455 2234 4456 2530 4456 2237 4456 2237 4457 2530 4457 2531 4457 2237 4458 2531 4458 2230 4458 2230 4459 2531 4459 2494 4459 2234 4460 2532 4460 2530 4460 2233 4461 2533 4461 2534 4461 2233 4462 2534 4462 2234 4462 2234 4463 2534 4463 2532 4463 2243 4464 2535 4464 2233 4464 2233 4465 2535 4465 2533 4465 2243 4466 2537 4466 2535 4466 2242 4467 2536 4467 2537 4467 2242 4468 2537 4468 2243 4468 2536 4469 2242 4469 2538 4469 2538 4470 2242 4470 2078 4470 2538 4471 2078 4471 2539 4471 2539 4472 2078 4472 2077 4472 2539 4473 2077 4473 2540 4473 2540 4474 2077 4474 2076 4474 2540 4475 2076 4475 2541 4475 2541 4476 2076 4476 2244 4476 2541 4477 2244 4477 2514 4477 2514 4478 2244 4478 2513 4478 2513 4479 2244 4479 2245 4479 2513 4480 2245 4480 2508 4480 2246 4481 2508 4481 2245 4481 2241 4482 2505 4482 2246 4482 2519 4483 2529 4483 2487 4483 2487 4484 2529 4484 2488 4484 2542 4485 2527 4485 2528 4485 2542 4486 2528 4486 2543 4486 2543 4487 2528 4487 2519 4487 2527 4488 2542 4488 2544 4488 2525 4489 2545 4489 2526 4489 2546 4490 2524 4490 2545 4490 2545 4491 2524 4491 2526 4491 2547 4492 2522 4492 2523 4492 2520 4493 2521 4493 2548 4493 2548 4494 2521 4494 2547 4494 2547 4495 2521 4495 2522 4495 2496 4496 2520 4496 2548 4496 2512 4497 2541 4497 2514 4497 2550 4498 2539 4498 2549 4498 2549 4499 2539 4499 2540 4499 2536 4500 2538 4500 2551 4500 2551 4501 2538 4501 2550 4501 2550 4502 2538 4502 2539 4502 2535 4503 2537 4503 2552 4503 2532 4504 2534 4504 2553 4504 2553 4505 2534 4505 2533 4505 2554 4506 2531 4506 2530 4506 2554 4507 2530 4507 2532 4507 2554 4508 2532 4508 2553 4508 2531 4509 2554 4509 2495 4509 2531 4510 2495 4510 2494 4510 2511 4511 2497 4511 2548 4511 2548 4512 2497 4512 2496 4512 2512 4513 2511 4513 2555 4513 2555 4514 2511 4514 2548 4514 2555 4515 2548 4515 2556 4515 2556 4516 2548 4516 2547 4516 2556 4517 2547 4517 2557 4517 2557 4518 2547 4518 2523 4518 2557 4519 2523 4519 2546 4519 2546 4520 2523 4520 2524 4520 2525 4521 2527 4521 2544 4521 2525 4522 2544 4522 2545 4522 2545 4523 2544 4523 2558 4523 2545 4524 2558 4524 2546 4524 2546 4525 2558 4525 2559 4525 2546 4526 2559 4526 2557 4526 2557 4527 2559 4527 2551 4527 2557 4528 2551 4528 2556 4528 2556 4529 2551 4529 2550 4529 2556 4530 2550 4530 2555 4530 2555 4531 2550 4531 2549 4531 2555 4532 2549 4532 2512 4532 2512 4533 2549 4533 2540 4533 2512 4534 2540 4534 2541 4534 2536 4535 2551 4535 2537 4535 2537 4536 2551 4536 2559 4536 2537 4537 2559 4537 2552 4537 2552 4538 2559 4538 2558 4538 2552 4539 2558 4539 2560 4539 2560 4540 2558 4540 2544 4540 2560 4541 2544 4541 2561 4541 2561 4542 2544 4542 2542 4542 2561 4543 2542 4543 2562 4543 2562 4544 2542 4544 2543 4544 2562 4545 2543 4545 2493 4545 2543 4546 2519 4546 2487 4546 2543 4547 2487 4547 2493 4547 2493 4548 2495 4548 2562 4548 2562 4549 2495 4549 2554 4549 2562 4550 2554 4550 2561 4550 2561 4551 2554 4551 2553 4551 2561 4552 2553 4552 2560 4552 2560 4553 2553 4553 2533 4553 2560 4554 2533 4554 2552 4554 2552 4555 2533 4555 2535 4555 2565 4556 2566 4556 2567 4556 2565 4557 2568 4557 2566 4557 2302 4558 2569 4558 2309 4558 2309 4559 2569 4559 2570 4559 2570 4560 2569 4560 2571 4560 2570 4561 2571 4561 2572 4561 2572 4562 2571 4562 2573 4562 2574 4563 2572 4563 2573 4563 2575 4564 2576 4564 2577 4564 2575 4565 2577 4565 2574 4565 2574 4566 2577 4566 2572 4566 2302 4567 2279 4567 2568 4567 2569 4568 2302 4568 2568 4568 2569 4569 2568 4569 2565 4569 2578 4570 2565 4570 2567 4570 2578 4571 2567 4571 2579 4571 2571 4572 2569 4572 2565 4572 2571 4573 2565 4573 2573 4573 2573 4574 2565 4574 2578 4574 2573 4575 2578 4575 2574 4575 2574 4576 2578 4576 2579 4576 2574 4577 2579 4577 2575 4577 2564 4578 2563 4578 2580 4578 2564 4579 2580 4579 2581 4579 2566 4580 2563 4580 2567 4580 2567 4581 2563 4581 2564 4581 2567 4582 2564 4582 2579 4582 2579 4583 2564 4583 2581 4583 2579 4584 2581 4584 2575 4584 2575 4585 2581 4585 2582 4585 2575 4586 2582 4586 2576 4586 2563 4587 2583 4587 2580 4587 2580 4588 2583 4588 2584 4588 2580 4589 2584 4589 2581 4589 2581 4590 2584 4590 2582 4590 2586 4591 2587 4591 2588 4591 2586 4592 2588 4592 2589 4592 2589 4593 2588 4593 2590 4593 2589 4594 2590 4594 2591 4594 2591 4595 2590 4595 2592 4595 2591 4596 2592 4596 2593 4596 2281 4597 2585 4597 2286 4597 2286 4598 2585 4598 2595 4598 2595 4599 2585 4599 2596 4599 2595 4600 2596 4600 2597 4600 2597 4601 2596 4601 2598 4601 2599 4602 2597 4602 2598 4602 2600 4603 2601 4603 2602 4603 2602 4604 2601 4604 2603 4604 2599 4605 2602 4605 2597 4605 2587 4606 2600 4606 2604 4606 2588 4607 2587 4607 2604 4607 2588 4608 2604 4608 2590 4608 2590 4609 2604 4609 2605 4609 2590 4610 2605 4610 2592 4610 2592 4611 2605 4611 2606 4611 2592 4612 2606 4612 2593 4612 2593 4613 2606 4613 2607 4613 2593 4614 2607 4614 2594 4614 2594 4615 2607 4615 2585 4615 2585 4616 2281 4616 2594 4616 2594 4617 2281 4617 2300 4617 2596 4618 2585 4618 2607 4618 2596 4619 2607 4619 2598 4619 2598 4620 2607 4620 2606 4620 2598 4621 2606 4621 2599 4621 2599 4622 2606 4622 2605 4622 2599 4623 2605 4623 2602 4623 2602 4624 2605 4624 2604 4624 2602 4625 2604 4625 2600 4625 2570 4626 2572 4626 2310 4626 2593 4627 2594 4627 2299 4627 2299 4628 2594 4628 2300 4628 2593 4629 2299 4629 2591 4629 2591 4630 2299 4630 2292 4630 2591 4631 2292 4631 2589 4631 2589 4632 2292 4632 2586 4632 2586 4633 2292 4633 2295 4633 2586 4634 2295 4634 2609 4634 2609 4635 2295 4635 2294 4635 2609 4636 2294 4636 2610 4636 2610 4637 2294 4637 2298 4637 2610 4638 2298 4638 2611 4638 2611 4639 2298 4639 2296 4639 2611 4640 2296 4640 2612 4640 2613 4641 2614 4641 2303 4641 2303 4642 2614 4642 2296 4642 2296 4643 2614 4643 2612 4643 2613 4644 2303 4644 2308 4644 2613 4645 2308 4645 2615 4645 2615 4646 2308 4646 2616 4646 2616 4647 2308 4647 2307 4647 2616 4648 2307 4648 2617 4648 2617 4649 2307 4649 2306 4649 2313 4650 2608 4650 2306 4650 2306 4651 2608 4651 2617 4651 2608 4652 2313 4652 2618 4652 2618 4653 2313 4653 2312 4653 2618 4654 2312 4654 2577 4654 2577 4655 2312 4655 2311 4655 2577 4656 2311 4656 2572 4656 2572 4657 2311 4657 2310 4657 2309 4658 2570 4658 2310 4658 2595 4659 2597 4659 2287 4659 2279 4660 2275 4660 2568 4660 2275 4661 2566 4661 2568 4661 2274 4662 2563 4662 2566 4662 2274 4663 2566 4663 2275 4663 2563 4664 2274 4664 2266 4664 2563 4665 2266 4665 2583 4665 2583 4666 2266 4666 2264 4666 2583 4667 2264 4667 2619 4667 2619 4668 2264 4668 2263 4668 2619 4669 2263 4669 2620 4669 2620 4670 2263 4670 2272 4670 2620 4671 2272 4671 2621 4671 2621 4672 2272 4672 2622 4672 2622 4673 2272 4673 2270 4673 2622 4674 2270 4674 2623 4674 2269 4675 2624 4675 2270 4675 2270 4676 2624 4676 2623 4676 2285 4677 2625 4677 2626 4677 2285 4678 2626 4678 2269 4678 2269 4679 2626 4679 2624 4679 2625 4680 2285 4680 2627 4680 2627 4681 2285 4681 2284 4681 2627 4682 2284 4682 2628 4682 2628 4683 2284 4683 2283 4683 2628 4684 2283 4684 2629 4684 2629 4685 2283 4685 2290 4685 2629 4686 2290 4686 2630 4686 2630 4687 2290 4687 2289 4687 2630 4688 2289 4688 2603 4688 2603 4689 2289 4689 2602 4689 2602 4690 2289 4690 2288 4690 2602 4691 2288 4691 2597 4691 2287 4692 2597 4692 2288 4692 2286 4693 2595 4693 2287 4693 2608 4694 2618 4694 2576 4694 2576 4695 2618 4695 2577 4695 2631 4696 2616 4696 2617 4696 2631 4697 2617 4697 2632 4697 2632 4698 2617 4698 2608 4698 2616 4699 2631 4699 2633 4699 2615 4700 2634 4700 2613 4700 2635 4701 2614 4701 2634 4701 2634 4702 2614 4702 2613 4702 2636 4703 2611 4703 2612 4703 2609 4704 2610 4704 2637 4704 2637 4705 2610 4705 2636 4705 2636 4706 2610 4706 2611 4706 2586 4707 2609 4707 2637 4707 2601 4708 2630 4708 2603 4708 2639 4709 2628 4709 2638 4709 2638 4710 2628 4710 2629 4710 2625 4711 2627 4711 2640 4711 2640 4712 2627 4712 2639 4712 2639 4713 2627 4713 2628 4713 2624 4714 2626 4714 2641 4714 2621 4715 2622 4715 2642 4715 2642 4716 2622 4716 2623 4716 2643 4717 2619 4717 2620 4717 2643 4718 2620 4718 2621 4718 2643 4719 2621 4719 2642 4719 2619 4720 2643 4720 2584 4720 2619 4721 2584 4721 2583 4721 2600 4722 2587 4722 2637 4722 2637 4723 2587 4723 2586 4723 2601 4724 2600 4724 2644 4724 2644 4725 2600 4725 2637 4725 2644 4726 2637 4726 2645 4726 2645 4727 2637 4727 2636 4727 2645 4728 2636 4728 2646 4728 2646 4729 2636 4729 2612 4729 2646 4730 2612 4730 2635 4730 2635 4731 2612 4731 2614 4731 2615 4732 2616 4732 2633 4732 2615 4733 2633 4733 2634 4733 2634 4734 2633 4734 2647 4734 2634 4735 2647 4735 2635 4735 2635 4736 2647 4736 2648 4736 2635 4737 2648 4737 2646 4737 2646 4738 2648 4738 2640 4738 2646 4739 2640 4739 2645 4739 2645 4740 2640 4740 2639 4740 2645 4741 2639 4741 2644 4741 2644 4742 2639 4742 2638 4742 2644 4743 2638 4743 2601 4743 2601 4744 2638 4744 2629 4744 2601 4745 2629 4745 2630 4745 2625 4746 2640 4746 2626 4746 2626 4747 2640 4747 2648 4747 2626 4748 2648 4748 2641 4748 2641 4749 2648 4749 2647 4749 2641 4750 2647 4750 2649 4750 2649 4751 2647 4751 2633 4751 2649 4752 2633 4752 2650 4752 2650 4753 2633 4753 2631 4753 2650 4754 2631 4754 2651 4754 2651 4755 2631 4755 2632 4755 2651 4756 2632 4756 2582 4756 2632 4757 2608 4757 2576 4757 2632 4758 2576 4758 2582 4758 2582 4759 2584 4759 2651 4759 2651 4760 2584 4760 2643 4760 2651 4761 2643 4761 2650 4761 2650 4762 2643 4762 2642 4762 2650 4763 2642 4763 2649 4763 2649 4764 2642 4764 2623 4764 2649 4765 2623 4765 2641 4765 2641 4766 2623 4766 2624 4766 2018 4767 2297 4767 1940 4767 1940 4768 2297 4768 1941 4768 2016 3893 2258 3893 2021 3893 2021 4769 2258 4769 2257 4769 2021 3893 2257 3893 2019 3893 2019 4770 2257 4770 2301 4770 2019 3893 2301 3893 2018 3893 2018 4771 2301 4771 2304 4771 2018 4772 2304 4772 2297 4772 2008 3893 2431 3893 2009 3893 2009 3893 2431 3893 2429 3893 2009 4773 2429 4773 2011 4773 2011 3893 2429 3893 2427 3893 2011 3893 2427 3893 2012 3893 2012 3893 2427 3893 2336 3893 2012 4774 2336 4774 2015 4774 2015 3893 2336 3893 2333 3893 2015 4775 2333 4775 2016 4775 2016 4776 2333 4776 2332 4776 2016 3893 2332 3893 2258 3893 1997 3893 2417 3893 1998 3893 1998 3893 2417 3893 2406 3893 1998 3893 2406 3893 2001 3893 2001 4777 2406 4777 2075 4777 2001 4778 2075 4778 2002 4778 2002 3893 2075 3893 2402 3893 2002 4779 2402 4779 2004 4779 2004 4780 2402 4780 2437 4780 2004 4781 2437 4781 2652 4781 2652 4782 2437 4782 2435 4782 2652 3893 2435 3893 2008 3893 2008 3893 2435 3893 2433 3893 2008 3893 2433 3893 2431 3893 2297 4783 2449 4783 1941 4783 1941 4784 2449 4784 2447 4784 1941 3893 2447 3893 2653 3893 2653 3893 2447 3893 2445 3893 2653 3893 2445 3893 1945 3893 1945 4785 2445 4785 2443 4785 1945 3893 2443 3893 1946 3893 1946 4786 2443 4786 2441 4786 1946 3893 2441 3893 1948 3893 1948 4787 2441 4787 2439 4787 1948 3893 2439 3893 1949 3893 1949 4788 2439 4788 2231 4788 1949 3893 2231 3893 1952 3893 1988 3893 2464 3893 1990 3893 1990 4789 2464 4789 2462 4789 1990 3893 2462 3893 1991 3893 1991 4790 2462 4790 2362 4790 1991 3893 2362 3893 1994 3893 1994 4791 2362 4791 2359 4791 1994 3893 2359 3893 1995 3893 1995 4792 2359 4792 2347 4792 1995 3893 2347 3893 1997 3893 1997 3893 2347 3893 2345 3893 1997 3893 2345 3893 2417 3893 2231 3893 2228 3893 1952 3893 1952 4793 2228 4793 2229 4793 1952 3893 2229 3893 1953 3893 1953 3893 2229 3893 2092 3893 1953 3893 2092 3893 1955 3893 1955 3893 2092 3893 2090 3893 1955 3893 2090 3893 1956 3893 1956 3893 2090 3893 2088 3893 1956 3893 2088 3893 1959 3893 1959 3893 2088 3893 2087 3893 1959 4794 2087 4794 1960 4794 1969 3893 2202 3893 1970 3893 1970 3893 2202 3893 2197 3893 1970 3893 2197 3893 1973 3893 1973 3893 2197 3893 2195 3893 1973 3893 2195 3893 1974 3893 1974 3893 2195 3893 2149 3893 1974 3893 2149 3893 1976 3893 1976 4795 2149 4795 2147 4795 1976 3893 2147 3893 1977 3893 1977 4796 2147 4796 2144 4796 1977 3893 2144 3893 1980 3893 2087 4797 2084 4797 1960 4797 1960 3893 2084 3893 2451 3893 1960 3893 2451 3893 1962 3893 1962 3893 2451 3893 2453 3893 1962 3893 2453 3893 2654 3893 2654 3893 2453 3893 2455 3893 2654 3893 2455 3893 1966 3893 1966 4798 2455 4798 2457 4798 1966 3893 2457 3893 1967 3893 1967 4799 2457 4799 2459 4799 1967 4800 2459 4800 1969 4800 1969 3893 2459 3893 2461 3893 1969 4801 2461 4801 2202 4801 2144 4802 2140 4802 1980 4802 1980 4803 2140 4803 2139 4803 1980 3893 2139 3893 1981 3893 1981 4804 2139 4804 2189 4804 1981 3893 2189 3893 1983 3893 1983 4805 2189 4805 2472 4805 1983 3893 2472 3893 2655 3893 2655 4806 2472 4806 2656 4806 2655 3893 2656 3893 1987 3893 1987 4807 2656 4807 2468 4807 1987 3893 2468 3893 1988 3893 1988 4808 2468 4808 2466 4808 1988 4809 2466 4809 2464 4809 2657 4810 2463 4810 2658 4810 2658 4811 2463 4811 2465 4811 2658 4812 2465 4812 2659 4812 2659 4813 2465 4813 2467 4813 2659 4810 2467 4810 2660 4810 2660 4814 2467 4814 2469 4814 2660 4815 2469 4815 2661 4815 2661 4816 2469 4816 2662 4816 2661 4810 2662 4810 2663 4810 2663 4817 2662 4817 2473 4817 2663 4810 2473 4810 2664 4810 2664 4818 2473 4818 2186 4818 2664 4819 2186 4819 2665 4819 2186 4810 2181 4810 2665 4810 2665 4820 2181 4820 2179 4820 2665 4810 2179 4810 2666 4810 2666 4821 2179 4821 2165 4821 2666 4810 2165 4810 2667 4810 2667 4822 2165 4822 2164 4822 2667 4810 2164 4810 2668 4810 2668 4823 2164 4823 2223 4823 2668 4824 2223 4824 2669 4824 2669 4825 2223 4825 2217 4825 2669 4810 2217 4810 2670 4810 2670 4826 2217 4826 2207 4826 2670 4810 2207 4810 2671 4810 2293 4827 2672 4827 2673 4827 2674 4810 2440 4810 2675 4810 2675 4810 2440 4810 2442 4810 2675 4810 2442 4810 2676 4810 2676 4828 2442 4828 2444 4828 2676 4810 2444 4810 2677 4810 2677 4829 2444 4829 2446 4829 2677 4810 2446 4810 2678 4810 2678 4810 2446 4810 2448 4810 2678 4830 2448 4830 2673 4830 2673 4831 2448 4831 2450 4831 2673 4832 2450 4832 2293 4832 2679 4833 2397 4833 2680 4833 2680 4810 2397 4810 2395 4810 2680 4810 2395 4810 2681 4810 2681 4810 2395 4810 2383 4810 2681 4834 2383 4834 2682 4834 2682 4835 2383 4835 2380 4835 2682 4836 2380 4836 2683 4836 2683 4837 2380 4837 2379 4837 2683 4838 2379 4838 2684 4838 2684 4839 2379 4839 2377 4839 2684 4840 2377 4840 2657 4840 2657 4841 2377 4841 2364 4841 2657 4842 2364 4842 2463 4842 2685 4810 2428 4810 2686 4810 2686 4810 2428 4810 2430 4810 2686 4810 2430 4810 2687 4810 2687 4843 2430 4843 2432 4843 2687 4810 2432 4810 2688 4810 2688 4810 2432 4810 2434 4810 2688 4810 2434 4810 2689 4810 2689 4810 2434 4810 2436 4810 2689 4810 2436 4810 2690 4810 2690 4810 2436 4810 2438 4810 2690 4810 2438 4810 2679 4810 2679 4810 2438 4810 2399 4810 2679 4810 2399 4810 2397 4810 2672 4844 2293 4844 2291 4844 2672 4810 2291 4810 2691 4810 2691 4845 2291 4845 2280 4845 2691 4810 2280 4810 2692 4810 2692 4846 2280 4846 2262 4846 2692 4810 2262 4810 2693 4810 2693 4847 2262 4847 2278 4847 2693 4810 2278 4810 2694 4810 2694 4848 2278 4848 2317 4848 2694 4849 2317 4849 2695 4849 2695 4850 2317 4850 2316 4850 2695 4810 2316 4810 2685 4810 2685 4810 2316 4810 2339 4810 2685 4810 2339 4810 2428 4810 2696 4810 2123 4810 2697 4810 2697 4810 2123 4810 2109 4810 2697 4810 2109 4810 2698 4810 2698 4810 2109 4810 2107 4810 2698 4810 2107 4810 2699 4810 2699 4851 2107 4851 2248 4851 2699 4852 2248 4852 2700 4852 2700 4810 2248 4810 2240 4810 2700 4810 2240 4810 2701 4810 2701 4853 2240 4853 2236 4853 2701 4854 2236 4854 2674 4854 2674 4810 2236 4810 2235 4810 2674 4855 2235 4855 2440 4855 2207 4810 2203 4810 2671 4810 2671 4810 2203 4810 2460 4810 2671 4810 2460 4810 2702 4810 2702 4810 2460 4810 2458 4810 2702 4810 2458 4810 2703 4810 2703 4856 2458 4856 2456 4856 2703 4810 2456 4810 2704 4810 2704 4810 2456 4810 2454 4810 2704 4810 2454 4810 2705 4810 2705 4810 2454 4810 2452 4810 2705 4810 2452 4810 2706 4810 2706 4810 2452 4810 2129 4810 2706 4857 2129 4857 2696 4857 2696 4810 2129 4810 2125 4810 2696 4810 2125 4810 2123 4810 2711 4858 2259 4858 2707 4858 2711 4859 2707 4859 2712 4859 2711 4860 2712 4860 2713 4860 2713 4861 2712 4861 2714 4861 2715 4862 2713 4862 2714 4862 2716 4863 2717 4863 2718 4863 2716 4864 2718 4864 2715 4864 2715 4865 2718 4865 2713 4865 2719 4866 2708 4866 2709 4866 2331 4867 2334 4867 2707 4867 2707 4868 2334 4868 2720 4868 2707 4869 2720 4869 2721 4869 2721 4870 2720 4870 2708 4870 2721 4871 2708 4871 2722 4871 2722 4872 2708 4872 2719 4872 2722 4873 2719 4873 2723 4873 2259 4874 2331 4874 2707 4874 2712 4875 2707 4875 2721 4875 2712 4876 2721 4876 2714 4876 2714 4877 2721 4877 2722 4877 2714 4878 2722 4878 2715 4878 2715 4879 2722 4879 2723 4879 2715 4880 2723 4880 2716 4880 2709 4881 2724 4881 2710 4881 2710 4882 2724 4882 2725 4882 2710 4883 2725 4883 2726 4883 2719 4884 2709 4884 2710 4884 2719 4885 2710 4885 2723 4885 2723 4886 2710 4886 2726 4886 2723 4887 2726 4887 2716 4887 2716 4888 2726 4888 2727 4888 2716 4889 2727 4889 2717 4889 2724 4890 2728 4890 2725 4890 2725 4891 2728 4891 2729 4891 2725 4892 2729 4892 2726 4892 2726 4893 2729 4893 2727 4893 2324 4894 2730 4894 2318 4894 2318 4895 2730 4895 2731 4895 2731 4896 2730 4896 2732 4896 2731 4897 2732 4897 2733 4897 2733 4898 2732 4898 2734 4898 2735 4899 2733 4899 2734 4899 2736 4900 2737 4900 2738 4900 2738 4901 2737 4901 2739 4901 2735 4902 2738 4902 2733 4902 2740 4903 2741 4903 2742 4903 2740 4904 2742 4904 2743 4904 2743 4905 2742 4905 2744 4905 2743 4906 2744 4906 2745 4906 2745 4907 2744 4907 2746 4907 2745 4908 2746 4908 2747 4908 2741 4909 2736 4909 2749 4909 2742 4910 2741 4910 2749 4910 2742 4911 2749 4911 2744 4911 2744 4912 2749 4912 2750 4912 2744 4913 2750 4913 2746 4913 2746 4914 2750 4914 2751 4914 2746 4915 2751 4915 2747 4915 2747 4916 2751 4916 2752 4916 2747 4917 2752 4917 2748 4917 2748 4918 2752 4918 2730 4918 2730 4919 2324 4919 2748 4919 2748 4920 2324 4920 2277 4920 2732 4921 2730 4921 2752 4921 2732 4922 2752 4922 2734 4922 2734 4923 2752 4923 2751 4923 2734 4924 2751 4924 2735 4924 2735 4925 2751 4925 2750 4925 2735 4926 2750 4926 2738 4926 2738 4927 2750 4927 2749 4927 2738 4928 2749 4928 2736 4928 2731 4929 2319 4929 2318 4929 2335 4930 2338 4930 2753 4930 2753 4931 2338 4931 2754 4931 2754 4932 2338 4932 2337 4932 2754 4933 2337 4933 2755 4933 2755 4934 2337 4934 2756 4934 2756 4935 2337 4935 2340 4935 2756 4936 2340 4936 2757 4936 2341 4937 2760 4937 2758 4937 2341 4938 2758 4938 2340 4938 2340 4939 2758 4939 2757 4939 2323 4940 2759 4940 2760 4940 2323 4941 2760 4941 2341 4941 2759 4942 2323 4942 2761 4942 2761 4943 2323 4943 2315 4943 2761 4944 2315 4944 2762 4944 2762 4945 2315 4945 2314 4945 2762 4946 2314 4946 2763 4946 2763 4947 2314 4947 2322 4947 2763 4948 2322 4948 2764 4948 2764 4949 2322 4949 2321 4949 2764 4950 2321 4950 2739 4950 2739 4951 2321 4951 2738 4951 2738 4952 2321 4952 2320 4952 2738 4953 2320 4953 2733 4953 2731 4954 2733 4954 2320 4954 2319 4955 2731 4955 2320 4955 2335 4956 2753 4956 2728 4956 2335 4957 2728 4957 2342 4957 2342 4958 2728 4958 2724 4958 2342 4959 2724 4959 2343 4959 2343 4960 2724 4960 2709 4960 2334 4961 2343 4961 2720 4961 2343 4962 2709 4962 2708 4962 2343 4963 2708 4963 2720 4963 2711 4964 2265 4964 2259 4964 2711 4965 2713 4965 2265 4965 2740 4966 2261 4966 2260 4966 2740 4967 2260 4967 2766 4967 2766 4968 2260 4968 2267 4968 2766 4969 2267 4969 2767 4969 2767 4970 2267 4970 2268 4970 2767 4971 2268 4971 2768 4971 2768 4972 2268 4972 2273 4972 2768 4973 2273 4973 2769 4973 2273 4974 2770 4974 2769 4974 2326 4975 2771 4975 2772 4975 2326 4976 2772 4976 2271 4976 2271 4977 2772 4977 2273 4977 2273 4978 2772 4978 2770 4978 2771 4979 2326 4979 2773 4979 2773 4980 2326 4980 2325 4980 2773 4981 2325 4981 2774 4981 2774 4982 2325 4982 2328 4982 2327 4983 2765 4983 2328 4983 2328 4984 2765 4984 2774 4984 2765 4985 2327 4985 2775 4985 2775 4986 2327 4986 2330 4986 2775 4987 2330 4987 2718 4987 2718 4988 2330 4988 2329 4988 2718 4989 2329 4989 2713 4989 2713 4990 2329 4990 2265 4990 2740 4991 2743 4991 2261 4991 2261 4992 2743 4992 2745 4992 2261 4993 2745 4993 2276 4993 2277 4994 2276 4994 2748 4994 2276 4995 2745 4995 2747 4995 2276 4996 2747 4996 2748 4996 2737 4997 2764 4997 2739 4997 2777 4998 2762 4998 2776 4998 2776 4999 2762 4999 2763 4999 2759 5000 2761 5000 2778 5000 2778 5001 2761 5001 2777 5001 2777 5002 2761 5002 2762 5002 2758 5003 2760 5003 2779 5003 2755 5004 2756 5004 2780 5004 2780 5005 2756 5005 2757 5005 2781 5006 2753 5006 2754 5006 2781 5007 2754 5007 2755 5007 2781 5008 2755 5008 2780 5008 2753 5009 2781 5009 2729 5009 2753 5010 2729 5010 2728 5010 2765 5011 2775 5011 2717 5011 2717 5012 2775 5012 2718 5012 2782 5013 2773 5013 2774 5013 2782 5014 2774 5014 2783 5014 2783 5015 2774 5015 2765 5015 2773 5016 2782 5016 2784 5016 2771 5017 2785 5017 2772 5017 2786 5018 2770 5018 2785 5018 2785 5019 2770 5019 2772 5019 2787 5020 2768 5020 2769 5020 2766 5021 2767 5021 2788 5021 2788 5022 2767 5022 2787 5022 2787 5023 2767 5023 2768 5023 2740 5024 2766 5024 2788 5024 2736 5025 2741 5025 2788 5025 2788 5026 2741 5026 2740 5026 2737 5027 2736 5027 2789 5027 2789 5028 2736 5028 2788 5028 2789 5029 2788 5029 2790 5029 2790 5030 2788 5030 2787 5030 2790 5031 2787 5031 2791 5031 2791 5032 2787 5032 2769 5032 2791 5033 2769 5033 2786 5033 2786 5034 2769 5034 2770 5034 2771 5035 2773 5035 2784 5035 2771 5036 2784 5036 2785 5036 2785 5037 2784 5037 2792 5037 2785 5038 2792 5038 2786 5038 2786 5039 2792 5039 2793 5039 2786 5040 2793 5040 2791 5040 2791 5041 2793 5041 2778 5041 2791 5042 2778 5042 2790 5042 2790 5043 2778 5043 2777 5043 2790 5044 2777 5044 2789 5044 2789 5045 2777 5045 2776 5045 2789 5046 2776 5046 2737 5046 2737 5047 2776 5047 2763 5047 2737 5048 2763 5048 2764 5048 2759 5049 2778 5049 2760 5049 2760 5050 2778 5050 2793 5050 2760 5051 2793 5051 2779 5051 2779 5052 2793 5052 2792 5052 2779 5053 2792 5053 2794 5053 2794 5054 2792 5054 2784 5054 2794 5055 2784 5055 2795 5055 2795 5056 2784 5056 2782 5056 2795 5057 2782 5057 2796 5057 2796 5058 2782 5058 2783 5058 2796 5059 2783 5059 2727 5059 2783 5060 2765 5060 2717 5060 2783 5061 2717 5061 2727 5061 2727 5062 2729 5062 2796 5062 2796 5063 2729 5063 2781 5063 2796 5064 2781 5064 2795 5064 2795 5065 2781 5065 2780 5065 2795 5066 2780 5066 2794 5066 2794 5067 2780 5067 2757 5067 2794 5068 2757 5068 2779 5068 2779 5069 2757 5069 2758 5069 2799 5070 2151 5070 2800 5070 2800 5071 2151 5071 2150 5071 2799 5072 2800 5072 2801 5072 2799 5073 2801 5073 2802 5073 2802 5074 2801 5074 2803 5074 2804 5075 2802 5075 2803 5075 2805 5076 2806 5076 2807 5076 2805 5077 2807 5077 2804 5077 2804 5078 2807 5078 2802 5078 2808 5079 2809 5079 2810 5079 2196 5080 2199 5080 2811 5080 2808 5081 2811 5081 2809 5081 2800 5082 2196 5082 2811 5082 2800 5083 2811 5083 2808 5083 2812 5084 2808 5084 2810 5084 2812 5085 2810 5085 2813 5085 2150 5086 2196 5086 2800 5086 2801 5087 2800 5087 2808 5087 2801 5088 2808 5088 2803 5088 2803 5089 2808 5089 2812 5089 2803 5090 2812 5090 2804 5090 2804 5091 2812 5091 2813 5091 2804 5092 2813 5092 2805 5092 2798 5093 2797 5093 2814 5093 2798 5094 2814 5094 2815 5094 2809 5095 2797 5095 2810 5095 2810 5096 2797 5096 2798 5096 2810 5097 2798 5097 2813 5097 2813 5098 2798 5098 2815 5098 2813 5099 2815 5099 2805 5099 2805 5100 2815 5100 2816 5100 2805 5101 2816 5101 2806 5101 2797 5102 2817 5102 2814 5102 2814 5103 2817 5103 2818 5103 2814 5104 2818 5104 2815 5104 2815 5105 2818 5105 2816 5105 2216 5106 2218 5106 2820 5106 2820 5107 2218 5107 2819 5107 2820 5108 2819 5108 2821 5108 2820 5109 2821 5109 2822 5109 2822 5110 2821 5110 2823 5110 2824 5111 2822 5111 2823 5111 2825 5112 2826 5112 2827 5112 2827 5113 2826 5113 2828 5113 2824 5114 2827 5114 2822 5114 2829 5115 2830 5115 2831 5115 2829 5116 2831 5116 2832 5116 2832 5117 2831 5117 2833 5117 2832 5118 2833 5118 2834 5118 2832 5119 2834 5119 2835 5119 2835 5120 2834 5120 2836 5120 2830 5121 2825 5121 2838 5121 2831 5122 2830 5122 2838 5122 2831 5123 2838 5123 2833 5123 2833 5124 2838 5124 2839 5124 2833 5125 2839 5125 2834 5125 2834 5126 2839 5126 2840 5126 2834 5127 2840 5127 2836 5127 2836 5128 2840 5128 2841 5128 2836 5129 2841 5129 2837 5129 2837 5130 2841 5130 2819 5130 2837 5131 2819 5131 2222 5131 2222 5132 2819 5132 2224 5132 2838 5133 2825 5133 2827 5133 2838 5134 2827 5134 2839 5134 2839 5135 2827 5135 2824 5135 2839 5136 2824 5136 2840 5136 2840 5137 2824 5137 2823 5137 2840 5138 2823 5138 2841 5138 2841 5139 2823 5139 2821 5139 2841 5140 2821 5140 2819 5140 2224 5141 2819 5141 2218 5141 2799 5142 2163 5142 2151 5142 2169 5143 2829 5143 2219 5143 2171 5144 2843 5144 2168 5144 2168 5145 2843 5145 2844 5145 2168 5146 2844 5146 2169 5146 2169 5147 2844 5147 2829 5147 2174 5148 2845 5148 2171 5148 2171 5149 2845 5149 2843 5149 2174 5150 2847 5150 2845 5150 2155 5151 2846 5151 2174 5151 2174 5152 2846 5152 2847 5152 2157 5153 2848 5153 2849 5153 2157 5154 2849 5154 2155 5154 2155 5155 2849 5155 2846 5155 2848 5156 2157 5156 2850 5156 2850 5157 2157 5157 2159 5157 2850 5158 2159 5158 2851 5158 2851 5159 2159 5159 2160 5159 2225 5160 2842 5160 2160 5160 2160 5161 2842 5161 2851 5161 2842 5162 2225 5162 2852 5162 2852 5163 2225 5163 2154 5163 2852 5164 2154 5164 2807 5164 2807 5165 2154 5165 2161 5165 2807 5166 2161 5166 2802 5166 2802 5167 2161 5167 2163 5167 2799 5168 2802 5168 2163 5168 2829 5169 2832 5169 2219 5169 2219 5170 2832 5170 2221 5170 2222 5171 2221 5171 2837 5171 2221 5172 2832 5172 2835 5172 2221 5173 2835 5173 2836 5173 2221 5174 2836 5174 2837 5174 2820 5175 2214 5175 2216 5175 2201 5176 2200 5176 2853 5176 2853 5177 2200 5177 2854 5177 2854 5178 2200 5178 2204 5178 2854 5179 2204 5179 2855 5179 2855 5180 2204 5180 2856 5180 2856 5181 2204 5181 2206 5181 2856 5182 2206 5182 2857 5182 2209 5183 2858 5183 2206 5183 2206 5184 2858 5184 2857 5184 2209 5185 2860 5185 2858 5185 2208 5186 2859 5186 2860 5186 2208 5187 2860 5187 2209 5187 2859 5188 2208 5188 2861 5188 2861 5189 2208 5189 2210 5189 2861 5190 2210 5190 2862 5190 2862 5191 2210 5191 2213 5191 2862 5192 2213 5192 2863 5192 2863 5193 2213 5193 2212 5193 2863 5194 2212 5194 2864 5194 2864 5195 2212 5195 2215 5195 2864 5196 2215 5196 2828 5196 2828 5197 2215 5197 2827 5197 2827 5198 2215 5198 2211 5198 2827 5199 2211 5199 2822 5199 2820 5200 2822 5200 2211 5200 2214 5201 2820 5201 2211 5201 2198 5202 2797 5202 2809 5202 2201 5203 2853 5203 2817 5203 2201 5204 2817 5204 2205 5204 2205 5205 2817 5205 2797 5205 2205 5206 2797 5206 2198 5206 2199 5207 2198 5207 2811 5207 2198 5208 2809 5208 2811 5208 2842 5209 2852 5209 2806 5209 2806 5210 2852 5210 2807 5210 2865 5211 2850 5211 2851 5211 2865 5212 2851 5212 2866 5212 2866 5213 2851 5213 2842 5213 2850 5214 2865 5214 2867 5214 2848 5215 2868 5215 2849 5215 2869 5216 2846 5216 2868 5216 2868 5217 2846 5217 2849 5217 2870 5218 2845 5218 2847 5218 2844 5219 2843 5219 2871 5219 2871 5220 2843 5220 2870 5220 2870 5221 2843 5221 2845 5221 2829 5222 2844 5222 2871 5222 2826 5223 2864 5223 2828 5223 2873 5224 2862 5224 2872 5224 2872 5225 2862 5225 2863 5225 2859 5226 2861 5226 2874 5226 2874 5227 2861 5227 2873 5227 2873 5228 2861 5228 2862 5228 2858 5229 2860 5229 2875 5229 2855 5230 2856 5230 2876 5230 2876 5231 2856 5231 2857 5231 2877 5232 2853 5232 2854 5232 2877 5233 2854 5233 2855 5233 2877 5234 2855 5234 2876 5234 2853 5235 2877 5235 2818 5235 2853 5236 2818 5236 2817 5236 2825 5237 2830 5237 2871 5237 2871 5238 2830 5238 2829 5238 2826 5239 2825 5239 2878 5239 2878 5240 2825 5240 2871 5240 2878 5241 2871 5241 2879 5241 2879 5242 2871 5242 2870 5242 2879 5243 2870 5243 2880 5243 2880 5244 2870 5244 2847 5244 2880 5245 2847 5245 2869 5245 2869 5246 2847 5246 2846 5246 2848 5247 2850 5247 2867 5247 2848 5248 2867 5248 2868 5248 2868 5249 2867 5249 2881 5249 2868 5250 2881 5250 2869 5250 2869 5251 2881 5251 2882 5251 2869 5252 2882 5252 2880 5252 2880 5253 2882 5253 2874 5253 2880 5254 2874 5254 2879 5254 2879 5255 2874 5255 2873 5255 2879 5256 2873 5256 2878 5256 2878 5257 2873 5257 2872 5257 2878 5258 2872 5258 2826 5258 2826 5259 2872 5259 2863 5259 2826 5260 2863 5260 2864 5260 2859 5261 2874 5261 2860 5261 2860 5262 2874 5262 2882 5262 2860 5263 2882 5263 2875 5263 2875 5264 2882 5264 2881 5264 2875 5265 2881 5265 2883 5265 2883 5266 2881 5266 2867 5266 2883 5267 2867 5267 2884 5267 2884 5268 2867 5268 2865 5268 2884 5269 2865 5269 2885 5269 2885 5270 2865 5270 2866 5270 2885 5271 2866 5271 2816 5271 2866 5272 2842 5272 2806 5272 2866 5273 2806 5273 2816 5273 2816 5274 2818 5274 2885 5274 2885 5275 2818 5275 2877 5275 2885 5276 2877 5276 2884 5276 2884 5277 2877 5277 2876 5277 2884 5278 2876 5278 2883 5278 2883 5279 2876 5279 2857 5279 2883 5280 2857 5280 2875 5280 2875 5281 2857 5281 2858 5281 2346 5282 2888 5282 2344 5282 2344 5283 2888 5283 2889 5283 2889 5284 2888 5284 2890 5284 2889 5285 2890 5285 2891 5285 2891 5286 2890 5286 2892 5286 2893 5287 2891 5287 2892 5287 2894 5288 2895 5288 2896 5288 2894 5289 2896 5289 2893 5289 2893 5290 2896 5290 2891 5290 2897 5291 2898 5291 2899 5291 2897 5292 2900 5292 2898 5292 2346 5293 2369 5293 2900 5293 2888 5294 2346 5294 2900 5294 2888 5295 2900 5295 2897 5295 2901 5296 2897 5296 2899 5296 2901 5297 2899 5297 2902 5297 2890 5298 2888 5298 2897 5298 2890 5299 2897 5299 2892 5299 2892 5300 2897 5300 2901 5300 2892 5301 2901 5301 2893 5301 2893 5302 2901 5302 2902 5302 2893 5303 2902 5303 2894 5303 2887 5304 2886 5304 2903 5304 2887 5305 2903 5305 2904 5305 2898 5306 2886 5306 2899 5306 2899 5307 2886 5307 2887 5307 2899 5308 2887 5308 2902 5308 2902 5309 2887 5309 2904 5309 2902 5310 2904 5310 2894 5310 2894 5311 2904 5311 2905 5311 2894 5312 2905 5312 2895 5312 2886 5313 2906 5313 2903 5313 2903 5314 2906 5314 2907 5314 2903 5315 2907 5315 2904 5315 2904 5316 2907 5316 2905 5316 2908 5317 2909 5317 2910 5317 2908 5318 2910 5318 2911 5318 2911 5319 2910 5319 2912 5319 2913 5320 2911 5320 2912 5320 2914 5321 2915 5321 2916 5321 2916 5322 2915 5322 2917 5322 2913 5323 2916 5323 2911 5323 2918 5324 2919 5324 2920 5324 2920 5325 2919 5325 2921 5325 2920 5326 2921 5326 2922 5326 2923 5327 2924 5327 2918 5327 2918 5328 2924 5328 2919 5328 2925 5329 2924 5329 2923 5329 2922 5330 2914 5330 2927 5330 2927 5331 2914 5331 2916 5331 2927 5332 2916 5332 2928 5332 2928 5333 2916 5333 2913 5333 2928 5334 2913 5334 2929 5334 2929 5335 2913 5335 2912 5335 2929 5336 2912 5336 2930 5336 2930 5337 2912 5337 2910 5337 2930 5338 2910 5338 2909 5338 2920 5339 2922 5339 2927 5339 2920 5340 2927 5340 2918 5340 2918 5341 2927 5341 2928 5341 2918 5342 2928 5342 2923 5342 2923 5343 2928 5343 2929 5343 2923 5344 2929 5344 2925 5344 2925 5345 2929 5345 2930 5345 2925 5346 2930 5346 2926 5346 2926 5347 2930 5347 2909 5347 2926 5348 2909 5348 2381 5348 2381 5349 2909 5349 2378 5349 2908 5350 2375 5350 2909 5350 2909 5351 2375 5351 2378 5351 2889 5352 2353 5352 2344 5352 2921 5353 2385 5353 2384 5353 2921 5354 2384 5354 2932 5354 2932 5355 2384 5355 2387 5355 2932 5356 2387 5356 2933 5356 2933 5357 2387 5357 2388 5357 2933 5358 2388 5358 2934 5358 2934 5359 2388 5359 2390 5359 2934 5360 2390 5360 2935 5360 2350 5361 2936 5361 2937 5361 2350 5362 2937 5362 2392 5362 2392 5363 2937 5363 2938 5363 2392 5364 2938 5364 2390 5364 2390 5365 2938 5365 2935 5365 2936 5366 2350 5366 2939 5366 2939 5367 2350 5367 2349 5367 2939 5368 2349 5368 2940 5368 2940 5369 2349 5369 2352 5369 2358 5370 2931 5370 2352 5370 2352 5371 2931 5371 2940 5371 2931 5372 2358 5372 2941 5372 2941 5373 2358 5373 2356 5373 2941 5374 2356 5374 2896 5374 2896 5375 2356 5375 2355 5375 2896 5376 2355 5376 2891 5376 2891 5377 2355 5377 2353 5377 2889 5378 2891 5378 2353 5378 2921 5379 2919 5379 2385 5379 2385 5380 2919 5380 2924 5380 2385 5381 2924 5381 2393 5381 2381 5382 2393 5382 2926 5382 2393 5383 2924 5383 2925 5383 2393 5384 2925 5384 2926 5384 2363 5385 2942 5385 2367 5385 2367 5386 2942 5386 2943 5386 2367 5387 2943 5387 2360 5387 2363 5388 2944 5388 2942 5388 2365 5389 2945 5389 2946 5389 2365 5390 2946 5390 2363 5390 2363 5391 2946 5391 2944 5391 2945 5392 2365 5392 2947 5392 2947 5393 2365 5393 2366 5393 2947 5394 2366 5394 2948 5394 2948 5395 2366 5395 2371 5395 2948 5396 2371 5396 2949 5396 2370 5397 2950 5397 2371 5397 2371 5398 2950 5398 2949 5398 2373 5399 2952 5399 2374 5399 2374 5400 2952 5400 2951 5400 2374 5401 2951 5401 2370 5401 2370 5402 2951 5402 2950 5402 2376 5403 2917 5403 2953 5403 2376 5404 2953 5404 2373 5404 2373 5405 2953 5405 2952 5405 2372 5406 2916 5406 2376 5406 2376 5407 2916 5407 2917 5407 2372 5408 2911 5408 2916 5408 2372 5409 2908 5409 2911 5409 2908 5410 2372 5410 2375 5410 2368 5411 2886 5411 2898 5411 2360 5412 2943 5412 2906 5412 2360 5413 2906 5413 2361 5413 2361 5414 2906 5414 2886 5414 2361 5415 2886 5415 2368 5415 2369 5416 2368 5416 2900 5416 2368 5417 2898 5417 2900 5417 2931 5418 2941 5418 2895 5418 2895 5419 2941 5419 2896 5419 2954 5420 2939 5420 2940 5420 2954 5421 2940 5421 2955 5421 2955 5422 2940 5422 2931 5422 2939 5423 2954 5423 2956 5423 2936 5424 2957 5424 2937 5424 2958 5425 2938 5425 2957 5425 2957 5426 2938 5426 2937 5426 2959 5427 2934 5427 2935 5427 2932 5428 2933 5428 2960 5428 2960 5429 2933 5429 2959 5429 2959 5430 2933 5430 2934 5430 2921 5431 2932 5431 2960 5431 2915 5432 2953 5432 2917 5432 2962 5433 2951 5433 2961 5433 2961 5434 2951 5434 2952 5434 2949 5435 2950 5435 2963 5435 2963 5436 2950 5436 2962 5436 2962 5437 2950 5437 2951 5437 2947 5438 2948 5438 2964 5438 2944 5439 2946 5439 2965 5439 2965 5440 2946 5440 2945 5440 2966 5441 2943 5441 2942 5441 2966 5442 2942 5442 2944 5442 2966 5443 2944 5443 2965 5443 2943 5444 2966 5444 2907 5444 2943 5445 2907 5445 2906 5445 2914 5446 2922 5446 2960 5446 2960 5447 2922 5447 2921 5447 2915 5448 2914 5448 2967 5448 2967 5449 2914 5449 2960 5449 2967 5450 2960 5450 2968 5450 2968 5451 2960 5451 2959 5451 2968 5452 2959 5452 2969 5452 2969 5453 2959 5453 2935 5453 2969 5454 2935 5454 2958 5454 2958 5455 2935 5455 2938 5455 2936 5456 2939 5456 2956 5456 2936 5457 2956 5457 2957 5457 2957 5458 2956 5458 2970 5458 2957 5459 2970 5459 2958 5459 2958 5460 2970 5460 2971 5460 2958 5461 2971 5461 2969 5461 2969 5462 2971 5462 2963 5462 2969 5463 2963 5463 2968 5463 2968 5464 2963 5464 2962 5464 2968 5465 2962 5465 2967 5465 2967 5466 2962 5466 2961 5466 2967 5467 2961 5467 2915 5467 2915 5468 2961 5468 2952 5468 2915 5469 2952 5469 2953 5469 2949 5470 2963 5470 2948 5470 2948 5471 2963 5471 2971 5471 2948 5472 2971 5472 2964 5472 2964 5473 2971 5473 2970 5473 2964 5474 2970 5474 2972 5474 2972 5475 2970 5475 2956 5475 2972 5476 2956 5476 2973 5476 2973 5477 2956 5477 2954 5477 2973 5478 2954 5478 2974 5478 2974 5479 2954 5479 2955 5479 2974 5480 2955 5480 2905 5480 2955 5481 2931 5481 2895 5481 2955 5482 2895 5482 2905 5482 2905 5483 2907 5483 2974 5483 2974 5484 2907 5484 2966 5484 2974 5485 2966 5485 2973 5485 2973 5486 2966 5486 2965 5486 2973 5487 2965 5487 2972 5487 2972 5488 2965 5488 2945 5488 2972 5489 2945 5489 2964 5489 2964 5490 2945 5490 2947 5490 2977 5491 2141 5491 2978 5491 2978 5492 2141 5492 2142 5492 2977 5493 2978 5493 2979 5493 2977 5494 2979 5494 2980 5494 2980 5495 2979 5495 2981 5495 2982 5496 2980 5496 2981 5496 2983 5497 2984 5497 2985 5497 2983 5498 2985 5498 2982 5498 2982 5499 2985 5499 2980 5499 2986 5500 2987 5500 2988 5500 2145 5501 2148 5501 2989 5501 2986 5502 2989 5502 2987 5502 2978 5503 2145 5503 2989 5503 2978 5504 2989 5504 2986 5504 2990 5505 2986 5505 2988 5505 2990 5506 2988 5506 2991 5506 2142 5507 2145 5507 2978 5507 2979 5508 2978 5508 2986 5508 2979 5509 2986 5509 2981 5509 2981 5510 2986 5510 2990 5510 2981 5511 2990 5511 2982 5511 2982 5512 2990 5512 2991 5512 2982 5513 2991 5513 2983 5513 2976 5514 2975 5514 2992 5514 2976 5515 2992 5515 2993 5515 2987 5516 2975 5516 2988 5516 2988 5517 2975 5517 2976 5517 2988 5518 2976 5518 2991 5518 2991 5519 2976 5519 2993 5519 2991 5520 2993 5520 2983 5520 2983 5521 2993 5521 2994 5521 2983 5522 2994 5522 2984 5522 2975 5523 2995 5523 2992 5523 2992 5524 2995 5524 2996 5524 2992 5525 2996 5525 2993 5525 2993 5526 2996 5526 2994 5526 2997 5527 2166 5527 2998 5527 2998 5528 2166 5528 2167 5528 2997 5529 2998 5529 2999 5529 2997 5530 2999 5530 3000 5530 3000 5531 2999 5531 3001 5531 3002 5532 3000 5532 3001 5532 3003 5533 3004 5533 3005 5533 3005 5534 3004 5534 3006 5534 3002 5535 3005 5535 3000 5535 3007 5536 3008 5536 3009 5536 3007 5537 3009 5537 3010 5537 3010 5538 3009 5538 3011 5538 3010 5539 3011 5539 3012 5539 3012 5540 3011 5540 3013 5540 3012 5541 3013 5541 3014 5541 2180 5542 2183 5542 3015 5542 3008 5543 3003 5543 3016 5543 2998 5544 2180 5544 3015 5544 2998 5545 3015 5545 3017 5545 3017 5546 3015 5546 3014 5546 3017 5547 3014 5547 3018 5547 3018 5548 3014 5548 3013 5548 3018 5549 3013 5549 3019 5549 3019 5550 3013 5550 3011 5550 3019 5551 3011 5551 3016 5551 3016 5552 3011 5552 3009 5552 3016 5553 3009 5553 3008 5553 3016 5554 3003 5554 3005 5554 3016 5555 3005 5555 3019 5555 3019 5556 3005 5556 3002 5556 3019 5557 3002 5557 3018 5557 3018 5558 3002 5558 3001 5558 3018 5559 3001 5559 3017 5559 3017 5560 3001 5560 2999 5560 3017 5561 2999 5561 2998 5561 2180 5562 2998 5562 2167 5562 2977 5563 2143 5563 2141 5563 3007 5564 2185 5564 2184 5564 3007 5565 2184 5565 3021 5565 3021 5566 2184 5566 2187 5566 3021 5567 2187 5567 3022 5567 3022 5568 2187 5568 2190 5568 3022 5569 2190 5569 3023 5569 3023 5570 2190 5570 2188 5570 3023 5571 2188 5571 3024 5571 2188 5572 3025 5572 3024 5572 2081 5573 3026 5573 3027 5573 2081 5574 3027 5574 2194 5574 2194 5575 3027 5575 2188 5575 2188 5576 3027 5576 3025 5576 3026 5577 2081 5577 3028 5577 3028 5578 2081 5578 2080 5578 3028 5579 2080 5579 3029 5579 3029 5580 2080 5580 2192 5580 2191 5581 3020 5581 2192 5581 2192 5582 3020 5582 3029 5582 3020 5583 2191 5583 3030 5583 3030 5584 2191 5584 2193 5584 3030 5585 2193 5585 2985 5585 2985 5586 2193 5586 2079 5586 2985 5587 2079 5587 2980 5587 2980 5588 2079 5588 2143 5588 2977 5589 2980 5589 2143 5589 3007 5590 3010 5590 2185 5590 2185 5591 3010 5591 3012 5591 2185 5592 3012 5592 2182 5592 2183 5593 2182 5593 3015 5593 2182 5594 3012 5594 3014 5594 2182 5595 3014 5595 3015 5595 2997 5596 2220 5596 2166 5596 2158 5597 3031 5597 2152 5597 2152 5598 3031 5598 3032 5598 2152 5599 3032 5599 2153 5599 2158 5600 3033 5600 3031 5600 2156 5601 3034 5601 3035 5601 2156 5602 3035 5602 2158 5602 2158 5603 3035 5603 3033 5603 2156 5604 3036 5604 3034 5604 2175 5605 3038 5605 2156 5605 2156 5606 3038 5606 3036 5606 2173 5607 3037 5607 3038 5607 2173 5608 3038 5608 2175 5608 3037 5609 2173 5609 3039 5609 3039 5610 2173 5610 2172 5610 3039 5611 2172 5611 3040 5611 3040 5612 2172 5612 2176 5612 3040 5613 2176 5613 3041 5613 3041 5614 2176 5614 2178 5614 3041 5615 2178 5615 3042 5615 3042 5616 2178 5616 2177 5616 3042 5617 2177 5617 3006 5617 3006 5618 2177 5618 3005 5618 3005 5619 2177 5619 2170 5619 3005 5620 2170 5620 3000 5620 2997 5621 3000 5621 2170 5621 2220 5622 2997 5622 2170 5622 2153 5623 3032 5623 2995 5623 2153 5624 2995 5624 2162 5624 2162 5625 2995 5625 2975 5625 2162 5626 2975 5626 2146 5626 2146 5627 2975 5627 2987 5627 2148 5628 2146 5628 2989 5628 2146 5629 2987 5629 2989 5629 3020 5630 3030 5630 2984 5630 2984 5631 3030 5631 2985 5631 3043 5632 3028 5632 3029 5632 3043 5633 3029 5633 3044 5633 3044 5634 3029 5634 3020 5634 3028 5635 3043 5635 3045 5635 3026 5636 3046 5636 3027 5636 3047 5637 3025 5637 3046 5637 3046 5638 3025 5638 3027 5638 3048 5639 3023 5639 3024 5639 3021 5640 3022 5640 3049 5640 3049 5641 3022 5641 3048 5641 3048 5642 3022 5642 3023 5642 3007 5643 3021 5643 3049 5643 3004 5644 3042 5644 3006 5644 3051 5645 3040 5645 3050 5645 3050 5646 3040 5646 3041 5646 3037 5647 3039 5647 3052 5647 3052 5648 3039 5648 3051 5648 3051 5649 3039 5649 3040 5649 3036 5650 3038 5650 3053 5650 3033 5651 3035 5651 3054 5651 3054 5652 3035 5652 3034 5652 3055 5653 3032 5653 3031 5653 3055 5654 3031 5654 3033 5654 3055 5655 3033 5655 3054 5655 3032 5656 3055 5656 2996 5656 3032 5657 2996 5657 2995 5657 3003 5658 3008 5658 3049 5658 3049 5659 3008 5659 3007 5659 3004 5660 3003 5660 3056 5660 3056 5661 3003 5661 3049 5661 3056 5662 3049 5662 3057 5662 3057 5663 3049 5663 3048 5663 3057 5664 3048 5664 3058 5664 3058 5665 3048 5665 3024 5665 3058 5666 3024 5666 3047 5666 3047 5667 3024 5667 3025 5667 3026 5668 3028 5668 3045 5668 3026 5669 3045 5669 3046 5669 3046 5670 3045 5670 3059 5670 3046 5671 3059 5671 3047 5671 3047 5672 3059 5672 3060 5672 3047 5673 3060 5673 3058 5673 3058 5674 3060 5674 3052 5674 3058 5675 3052 5675 3057 5675 3057 5676 3052 5676 3051 5676 3057 5677 3051 5677 3056 5677 3056 5678 3051 5678 3050 5678 3056 5679 3050 5679 3004 5679 3004 5680 3050 5680 3041 5680 3004 5681 3041 5681 3042 5681 3037 5682 3052 5682 3038 5682 3038 5683 3052 5683 3060 5683 3038 5684 3060 5684 3053 5684 3053 5685 3060 5685 3059 5685 3053 5686 3059 5686 3061 5686 3061 5687 3059 5687 3045 5687 3061 5688 3045 5688 3062 5688 3062 5689 3045 5689 3043 5689 3062 5690 3043 5690 3063 5690 3063 5691 3043 5691 3044 5691 3063 5692 3044 5692 2994 5692 3044 5693 3020 5693 2984 5693 3044 5694 2984 5694 2994 5694 2994 5695 2996 5695 3063 5695 3063 5696 2996 5696 3055 5696 3063 5697 3055 5697 3062 5697 3062 5698 3055 5698 3054 5698 3062 5699 3054 5699 3061 5699 3061 5700 3054 5700 3034 5700 3061 5701 3034 5701 3053 5701 3053 5702 3034 5702 3036 5702 2407 5703 3066 5703 2411 5703 2411 5704 3066 5704 3067 5704 3067 5705 3066 5705 3068 5705 3067 5706 3068 5706 3069 5706 3069 5707 3068 5707 3070 5707 3071 5708 3069 5708 3070 5708 3072 5709 3073 5709 3074 5709 3072 5710 3074 5710 3071 5710 3071 5711 3074 5711 3069 5711 3075 5712 3076 5712 3077 5712 3075 5713 3078 5713 3076 5713 3078 5714 2416 5714 2420 5714 2407 5715 2416 5715 3066 5715 3066 5716 2416 5716 3078 5716 3066 5717 3078 5717 3075 5717 3079 5718 3075 5718 3077 5718 3079 5719 3077 5719 3080 5719 3068 5720 3066 5720 3075 5720 3068 5721 3075 5721 3070 5721 3070 5722 3075 5722 3079 5722 3070 5723 3079 5723 3071 5723 3071 5724 3079 5724 3080 5724 3071 5725 3080 5725 3072 5725 3065 5726 3064 5726 3081 5726 3065 5727 3081 5727 3082 5727 3076 5728 3064 5728 3077 5728 3077 5729 3064 5729 3065 5729 3077 5730 3065 5730 3080 5730 3080 5731 3065 5731 3082 5731 3080 5732 3082 5732 3072 5732 3072 5733 3082 5733 3083 5733 3072 5734 3083 5734 3073 5734 3064 5735 3084 5735 3081 5735 3081 5736 3084 5736 3085 5736 3081 5737 3085 5737 3082 5737 3082 5738 3085 5738 3083 5738 3086 5739 3087 5739 3088 5739 3086 5740 3088 5740 3089 5740 3089 5741 3088 5741 3090 5741 3091 5742 3089 5742 3090 5742 3092 5743 3093 5743 3094 5743 3094 5744 3093 5744 3095 5744 3091 5745 3094 5745 3089 5745 3096 5746 3097 5746 3098 5746 3096 5747 3098 5747 3099 5747 3099 5748 3098 5748 3100 5748 3099 5749 3100 5749 3101 5749 3101 5750 3100 5750 3102 5750 3101 5751 3102 5751 3103 5751 3097 5752 3092 5752 3105 5752 3105 5753 3092 5753 3094 5753 3105 5754 3094 5754 3106 5754 3106 5755 3094 5755 3091 5755 3106 5756 3091 5756 3107 5756 3107 5757 3091 5757 3090 5757 3107 5758 3090 5758 3108 5758 3108 5759 3090 5759 3088 5759 3108 5760 3088 5760 3087 5760 3098 5761 3097 5761 3105 5761 3098 5762 3105 5762 3100 5762 3100 5763 3105 5763 3106 5763 3100 5764 3106 5764 3102 5764 3102 5765 3106 5765 3107 5765 3102 5766 3107 5766 3103 5766 3103 5767 3107 5767 3108 5767 3103 5768 3108 5768 3104 5768 3104 5769 3108 5769 3087 5769 3104 5770 3087 5770 2396 5770 2396 5771 3087 5771 2394 5771 3086 5772 2382 5772 3087 5772 3087 5773 2382 5773 2394 5773 3086 5774 2386 5774 2382 5774 3084 5775 2354 5775 2357 5775 3084 5776 2357 5776 3109 5776 3109 5777 2357 5777 2351 5777 3109 5778 2351 5778 3110 5778 3110 5779 2351 5779 2348 5779 3110 5780 2348 5780 3111 5780 3111 5781 2348 5781 3112 5781 3112 5782 2348 5782 2391 5782 3112 5783 2391 5783 3113 5783 2389 5784 3114 5784 2391 5784 2391 5785 3114 5785 3113 5785 2389 5786 3116 5786 3114 5786 2422 5787 3115 5787 3116 5787 2422 5788 3116 5788 2389 5788 3115 5789 2422 5789 3117 5789 3117 5790 2422 5790 2421 5790 3117 5791 2421 5791 3118 5791 3118 5792 2421 5792 2425 5792 3118 5793 2425 5793 3119 5793 3119 5794 2425 5794 2424 5794 3119 5795 2424 5795 3120 5795 3120 5796 2424 5796 2426 5796 3120 5797 2426 5797 3095 5797 3095 5798 2426 5798 3094 5798 3094 5799 2426 5799 2423 5799 3094 5800 2423 5800 3089 5800 3086 5801 3089 5801 2423 5801 2386 5802 3086 5802 2423 5802 2418 5803 3064 5803 3076 5803 2418 5804 3076 5804 2419 5804 2354 5805 3084 5805 2418 5805 2418 5806 3084 5806 3064 5806 2420 5807 2419 5807 3078 5807 2419 5808 3076 5808 3078 5808 3067 5809 2412 5809 2411 5809 3096 5810 2404 5810 2400 5810 3096 5811 2400 5811 3122 5811 3122 5812 2400 5812 2398 5812 3122 5813 2398 5813 3123 5813 3123 5814 2398 5814 2401 5814 3123 5815 2401 5815 3124 5815 3124 5816 2401 5816 2403 5816 3124 5817 2403 5817 3125 5817 2410 5818 3126 5818 3127 5818 2410 5819 3127 5819 2074 5819 2074 5820 3127 5820 3128 5820 2074 5821 3128 5821 2403 5821 2403 5822 3128 5822 3125 5822 3126 5823 2410 5823 3129 5823 3129 5824 2410 5824 2409 5824 3129 5825 2409 5825 3130 5825 3130 5826 2409 5826 2408 5826 2415 5827 3121 5827 2408 5827 2408 5828 3121 5828 3130 5828 3121 5829 2415 5829 3131 5829 3131 5830 2415 5830 2414 5830 3131 5831 2414 5831 3074 5831 3074 5832 2414 5832 2413 5832 3074 5833 2413 5833 3069 5833 3069 5834 2413 5834 2412 5834 3067 5835 3069 5835 2412 5835 3096 5836 3099 5836 2404 5836 2404 5837 3099 5837 3101 5837 2404 5838 3101 5838 2405 5838 2405 5839 3101 5839 3103 5839 2405 5840 3103 5840 2396 5840 2396 5841 3103 5841 3104 5841 3093 5842 3120 5842 3095 5842 3133 5843 3118 5843 3132 5843 3132 5844 3118 5844 3119 5844 3115 5845 3117 5845 3134 5845 3134 5846 3117 5846 3133 5846 3133 5847 3117 5847 3118 5847 3114 5848 3116 5848 3135 5848 3111 5849 3112 5849 3136 5849 3136 5850 3112 5850 3113 5850 3137 5851 3109 5851 3110 5851 3137 5852 3110 5852 3111 5852 3137 5853 3111 5853 3136 5853 3109 5854 3137 5854 3085 5854 3109 5855 3085 5855 3084 5855 3121 5856 3131 5856 3073 5856 3073 5857 3131 5857 3074 5857 3138 5858 3129 5858 3130 5858 3138 5859 3130 5859 3139 5859 3139 5860 3130 5860 3121 5860 3129 5861 3138 5861 3140 5861 3126 5862 3141 5862 3127 5862 3142 5863 3128 5863 3141 5863 3141 5864 3128 5864 3127 5864 3143 5865 3124 5865 3125 5865 3122 5866 3123 5866 3144 5866 3144 5867 3123 5867 3143 5867 3143 5868 3123 5868 3124 5868 3096 5869 3122 5869 3144 5869 3092 5870 3097 5870 3144 5870 3144 5871 3097 5871 3096 5871 3093 5872 3092 5872 3145 5872 3145 5873 3092 5873 3144 5873 3145 5874 3144 5874 3146 5874 3146 5875 3144 5875 3143 5875 3146 5876 3143 5876 3147 5876 3147 5877 3143 5877 3125 5877 3147 5878 3125 5878 3142 5878 3142 5879 3125 5879 3128 5879 3126 5880 3129 5880 3140 5880 3126 5881 3140 5881 3141 5881 3141 5882 3140 5882 3148 5882 3141 5883 3148 5883 3142 5883 3142 5884 3148 5884 3149 5884 3142 5885 3149 5885 3147 5885 3147 5886 3149 5886 3134 5886 3147 5887 3134 5887 3146 5887 3146 5888 3134 5888 3133 5888 3146 5889 3133 5889 3145 5889 3145 5890 3133 5890 3132 5890 3145 5891 3132 5891 3093 5891 3093 5892 3132 5892 3119 5892 3093 5893 3119 5893 3120 5893 3115 5894 3134 5894 3116 5894 3116 5895 3134 5895 3149 5895 3116 5896 3149 5896 3135 5896 3135 5897 3149 5897 3148 5897 3135 5898 3148 5898 3150 5898 3150 5899 3148 5899 3140 5899 3150 5900 3140 5900 3151 5900 3151 5901 3140 5901 3138 5901 3151 5902 3138 5902 3152 5902 3152 5903 3138 5903 3139 5903 3152 5904 3139 5904 3083 5904 3139 5905 3121 5905 3073 5905 3139 5906 3073 5906 3083 5906 3083 5907 3085 5907 3152 5907 3152 5908 3085 5908 3137 5908 3152 5909 3137 5909 3151 5909 3151 5910 3137 5910 3136 5910 3151 5911 3136 5911 3150 5911 3150 5912 3136 5912 3113 5912 3150 5913 3113 5913 3135 5913 3135 5914 3113 5914 3114 5914 3156 5915 2138 5915 3153 5915 3156 5916 3153 5916 3157 5916 3156 5917 3157 5917 3158 5917 3158 5918 3157 5918 3159 5918 3160 5919 3158 5919 3159 5919 3161 5920 3162 5920 3163 5920 3161 5921 3163 5921 3160 5921 3160 5922 3163 5922 3158 5922 3164 5923 3165 5923 3166 5923 3164 5924 3167 5924 3165 5924 2089 5925 2091 5925 3153 5925 3153 5926 2091 5926 3167 5926 3153 5927 3167 5927 3164 5927 3168 5928 3164 5928 3166 5928 3168 5929 3166 5929 3169 5929 2138 5930 2089 5930 3153 5930 3157 5931 3153 5931 3164 5931 3157 5932 3164 5932 3159 5932 3159 5933 3164 5933 3168 5933 3159 5934 3168 5934 3160 5934 3160 5935 3168 5935 3169 5935 3160 5936 3169 5936 3161 5936 3155 5937 3154 5937 3170 5937 3155 5938 3170 5938 3171 5938 3165 5939 3154 5939 3166 5939 3166 5940 3154 5940 3155 5940 3166 5941 3155 5941 3169 5941 3169 5942 3155 5942 3171 5942 3169 5943 3171 5943 3161 5943 3161 5944 3171 5944 3172 5944 3161 5945 3172 5945 3162 5945 3154 5946 3173 5946 3170 5946 3170 5947 3173 5947 3174 5947 3170 5948 3174 5948 3171 5948 3171 5949 3174 5949 3172 5949 2108 5950 2122 5950 3175 5950 2108 5951 3175 5951 2106 5951 2106 5952 3175 5952 3176 5952 3176 5953 3175 5953 3177 5953 3176 5954 3177 5954 3178 5954 3178 5955 3177 5955 3179 5955 3180 5956 3178 5956 3179 5956 3181 5957 3182 5957 3183 5957 3183 5958 3182 5958 3184 5958 3180 5959 3183 5959 3178 5959 3185 5960 3186 5960 3187 5960 3185 5961 3187 5961 3188 5961 3188 5962 3187 5962 3189 5962 3188 5963 3189 5963 3190 5963 3190 5964 3189 5964 3191 5964 3190 5965 3191 5965 3192 5965 3186 5966 3181 5966 3194 5966 3187 5967 3186 5967 3194 5967 3187 5968 3194 5968 3189 5968 3189 5969 3194 5969 3195 5969 3189 5970 3195 5970 3191 5970 3191 5971 3195 5971 3196 5971 3191 5972 3196 5972 3192 5972 3192 5973 3196 5973 3197 5973 3192 5974 3197 5974 3193 5974 3193 5975 3197 5975 3175 5975 3175 5976 2122 5976 3193 5976 3193 5977 2122 5977 2127 5977 3177 5978 3175 5978 3197 5978 3177 5979 3197 5979 3179 5979 3179 5980 3197 5980 3196 5980 3179 5981 3196 5981 3180 5981 3180 5982 3196 5982 3195 5982 3180 5983 3195 5983 3183 5983 3183 5984 3195 5984 3194 5984 3183 5985 3194 5985 3181 5985 3156 5986 2133 5986 2138 5986 3156 5987 3158 5987 2133 5987 3185 5988 2124 5988 2130 5988 3185 5989 2130 5989 3199 5989 3199 5990 2130 5990 2128 5990 3199 5991 2128 5991 3200 5991 3200 5992 2128 5992 2086 5992 3200 5993 2086 5993 3201 5993 3201 5994 2086 5994 2085 5994 3201 5995 2085 5995 2083 5995 3201 5996 2083 5996 3202 5996 2083 5997 3203 5997 3202 5997 2132 5998 3204 5998 3205 5998 2132 5999 3205 5999 2082 5999 2082 6000 3205 6000 2083 6000 2083 6001 3205 6001 3203 6001 3204 6002 2132 6002 3206 6002 3206 6003 2132 6003 2131 6003 3206 6004 2131 6004 3207 6004 3207 6005 2131 6005 2135 6005 2134 6006 3198 6006 2135 6006 2135 6007 3198 6007 3207 6007 3198 6008 2134 6008 3208 6008 3208 6009 2134 6009 2137 6009 3208 6010 2137 6010 3163 6010 3163 6011 2137 6011 2136 6011 3163 6012 2136 6012 3158 6012 3158 6013 2136 6013 2133 6013 3185 6014 3188 6014 2124 6014 2124 6015 3188 6015 3190 6015 2124 6016 3190 6016 2126 6016 2127 6017 2126 6017 3193 6017 2126 6018 3190 6018 3192 6018 2126 6019 3192 6019 3193 6019 3176 6020 2119 6020 2106 6020 2095 6021 2097 6021 3209 6021 3209 6022 2097 6022 3210 6022 3210 6023 2097 6023 2098 6023 3210 6024 2098 6024 3211 6024 3211 6025 2098 6025 3212 6025 3212 6026 2098 6026 2100 6026 3212 6027 2100 6027 3213 6027 2102 6028 3216 6028 3214 6028 2102 6029 3214 6029 2100 6029 2100 6030 3214 6030 3213 6030 2111 6031 3215 6031 3216 6031 2111 6032 3216 6032 2102 6032 3215 6033 2111 6033 3217 6033 3217 6034 2111 6034 2114 6034 3217 6035 2114 6035 3218 6035 3218 6036 2114 6036 2112 6036 3218 6037 2112 6037 3219 6037 3219 6038 2112 6038 2118 6038 3219 6039 2118 6039 3220 6039 3220 6040 2118 6040 2116 6040 3220 6041 2116 6041 3184 6041 3184 6042 2116 6042 3183 6042 3183 6043 2116 6043 2121 6043 3183 6044 2121 6044 3178 6044 3176 6045 3178 6045 2121 6045 2119 6046 3176 6046 2121 6046 2105 6047 3154 6047 3165 6047 2095 6048 3209 6048 3173 6048 2095 6049 3173 6049 2104 6049 2104 6050 3173 6050 3154 6050 2104 6051 3154 6051 2105 6051 2105 6052 3167 6052 2091 6052 2105 6053 3165 6053 3167 6053 3198 6054 3208 6054 3162 6054 3162 6055 3208 6055 3163 6055 3221 6056 3206 6056 3207 6056 3221 6057 3207 6057 3222 6057 3222 6058 3207 6058 3198 6058 3206 6059 3221 6059 3223 6059 3204 6060 3224 6060 3205 6060 3225 6061 3203 6061 3224 6061 3224 6062 3203 6062 3205 6062 3226 6063 3201 6063 3202 6063 3199 6064 3200 6064 3227 6064 3227 6065 3200 6065 3226 6065 3226 6066 3200 6066 3201 6066 3185 6067 3199 6067 3227 6067 3182 6068 3220 6068 3184 6068 3229 6069 3218 6069 3228 6069 3228 6070 3218 6070 3219 6070 3215 6071 3217 6071 3230 6071 3230 6072 3217 6072 3229 6072 3229 6073 3217 6073 3218 6073 3214 6074 3216 6074 3231 6074 3211 6075 3212 6075 3232 6075 3232 6076 3212 6076 3213 6076 3233 6077 3209 6077 3210 6077 3233 6078 3210 6078 3211 6078 3233 6079 3211 6079 3232 6079 3209 6080 3233 6080 3174 6080 3209 6081 3174 6081 3173 6081 3181 6082 3186 6082 3227 6082 3227 6083 3186 6083 3185 6083 3182 6084 3181 6084 3234 6084 3234 6085 3181 6085 3227 6085 3234 6086 3227 6086 3235 6086 3235 6087 3227 6087 3226 6087 3235 6088 3226 6088 3236 6088 3236 6089 3226 6089 3202 6089 3236 6090 3202 6090 3225 6090 3225 6091 3202 6091 3203 6091 3204 6092 3206 6092 3223 6092 3204 6093 3223 6093 3224 6093 3224 6094 3223 6094 3237 6094 3224 6095 3237 6095 3225 6095 3225 6096 3237 6096 3238 6096 3225 6097 3238 6097 3236 6097 3236 6098 3238 6098 3230 6098 3236 6099 3230 6099 3235 6099 3235 6100 3230 6100 3229 6100 3235 6101 3229 6101 3234 6101 3234 6102 3229 6102 3228 6102 3234 6103 3228 6103 3182 6103 3182 6104 3228 6104 3219 6104 3182 6105 3219 6105 3220 6105 3215 6106 3230 6106 3216 6106 3216 6107 3230 6107 3238 6107 3216 6108 3238 6108 3231 6108 3231 6109 3238 6109 3237 6109 3231 6110 3237 6110 3239 6110 3239 6111 3237 6111 3223 6111 3239 6112 3223 6112 3240 6112 3240 6113 3223 6113 3221 6113 3240 6114 3221 6114 3241 6114 3241 6115 3221 6115 3222 6115 3241 6116 3222 6116 3172 6116 3222 6117 3198 6117 3162 6117 3222 6118 3162 6118 3172 6118 3172 6119 3174 6119 3241 6119 3241 6120 3174 6120 3233 6120 3241 6121 3233 6121 3240 6121 3240 6122 3233 6122 3232 6122 3240 6123 3232 6123 3239 6123 3239 6124 3232 6124 3213 6124 3239 6125 3213 6125 3231 6125 3231 6126 3213 6126 3214 6126 3242 6127 3243 6127 3244 6127 3244 4810 3243 4810 3245 4810 3244 6128 3245 6128 3246 6128 3246 6129 3245 6129 3247 6129 3246 4810 3247 4810 3248 4810 3248 6130 3247 6130 3249 6130 3248 4810 3249 4810 3250 4810 3250 4810 3249 4810 3251 4810 3250 4810 3251 4810 3252 4810 3252 4810 3251 4810 3253 4810 3252 6131 3253 6131 3254 6131 3254 4810 3253 4810 3255 4810 3254 6132 3255 6132 3256 6132 3256 4810 3255 4810 3257 4810 3256 4810 3257 4810 3258 4810 3258 4810 3257 4810 3259 4810 3258 6133 3259 6133 3260 6133 3260 4810 3259 4810 3261 4810 3260 4810 3261 4810 3262 4810 3262 4810 3261 4810 3263 4810 3262 4810 3263 4810 3264 4810 3264 6134 3263 6134 3265 6134 3264 4810 3265 4810 3266 4810 3266 6135 3265 6135 3267 6135 3266 4810 3267 4810 3268 4810 3268 4810 3267 4810 3269 4810 3268 4810 3269 4810 3270 4810 3270 4810 3269 4810 3271 4810 3270 4810 3271 4810 3272 4810 3272 4810 3271 4810 3273 4810 3272 4810 3273 4810 3274 4810 3274 4810 3273 4810 3275 4810 3274 4810 3275 4810 3276 4810 3276 4810 3275 4810 3277 4810 3276 4810 3277 4810 3278 4810 3278 4810 3277 4810 3279 4810 3278 4810 3279 4810 3280 4810 3280 4810 3279 4810 3281 4810 3280 6136 3281 6136 3282 6136 3282 4810 3281 4810 3283 4810 3282 6137 3283 6137 3284 6137 3284 4810 3283 4810 3285 4810 3284 6138 3285 6138 3286 6138 3286 4810 3285 4810 3287 4810 3286 6139 3287 6139 3288 6139 3288 6140 3287 6140 3289 6140 3288 4810 3289 4810 3290 4810 3290 4810 3289 4810 3291 4810 3290 6141 3291 6141 3292 6141 3292 4810 3291 4810 3293 4810 3292 4810 3293 4810 3294 4810 3294 4810 3293 4810 3295 4810 3294 4810 3295 4810 3296 4810 3296 4810 3295 4810 3297 4810 3296 4810 3297 4810 3298 4810 3298 4810 3297 4810 3299 4810 3298 4810 3299 4810 3300 4810 3300 4810 3299 4810 3301 4810 3300 4810 3301 4810 3302 4810 3302 6142 3301 6142 3303 6142 3302 4810 3303 4810 3304 4810 3304 4810 3303 4810 3305 4810 3304 4810 3305 4810 3306 4810 3306 6143 3305 6143 3307 6143 3306 6144 3307 6144 3308 6144 3308 4810 3307 4810 3309 4810 3308 4810 3309 4810 3310 4810 3310 4810 3309 4810 3311 4810 3310 4810 3311 4810 3312 4810 3312 4810 3311 4810 3313 4810 3312 6145 3313 6145 3314 6145 3314 6146 3313 6146 3315 6146 3314 6147 3315 6147 3316 6147 3316 6148 3315 6148 3317 6148 3316 6149 3317 6149 3318 6149 3318 4810 3317 4810 3319 4810 3318 4810 3319 4810 3320 4810 3320 6150 3319 6150 3321 6150 3320 6151 3321 6151 3322 6151 3322 4810 3321 4810 3323 4810 3322 4810 3323 4810 3324 4810 3324 4810 3323 4810 3325 4810 3324 6152 3325 6152 3326 6152 3326 4810 3325 4810 3327 4810 3326 4810 3327 4810 3328 4810 3328 6153 3327 6153 3329 6153 3328 6154 3329 6154 3330 6154 3330 4810 3329 4810 3331 4810 3330 6155 3331 6155 3332 6155 3332 4810 3331 4810 3333 4810 3332 4810 3333 4810 3334 4810 3334 4810 3333 4810 3335 4810 3334 4810 3335 4810 3336 4810 3336 4810 3335 4810 3337 4810 3336 6156 3337 6156 3338 6156 3338 4810 3337 4810 3242 4810 3338 4810 3242 4810 3244 4810 3293 6157 3339 6157 3295 6157 3295 6158 3339 6158 2663 6158 3295 6159 2663 6159 3297 6159 3297 6160 2663 6160 2664 6160 3297 6161 2664 6161 3299 6161 3299 6162 2664 6162 2665 6162 3299 6163 2665 6163 3301 6163 3301 6164 2665 6164 2666 6164 3301 6165 2666 6165 3303 6165 3303 6166 2666 6166 2667 6166 3303 6167 2667 6167 3305 6167 3305 6168 2667 6168 2668 6168 3305 6169 2668 6169 3307 6169 3307 6170 2668 6170 2669 6170 3307 6171 2669 6171 3309 6171 3309 6172 2669 6172 2670 6172 3309 6173 2670 6173 3311 6173 3311 6174 2670 6174 2671 6174 3311 6175 2671 6175 3313 6175 3313 6176 2671 6176 2702 6176 3313 6177 2702 6177 3315 6177 3315 6178 2702 6178 2703 6178 3315 6179 2703 6179 3317 6179 3317 6180 2703 6180 2704 6180 3317 6181 2704 6181 3319 6181 3319 6182 2704 6182 2705 6182 3319 6183 2705 6183 3321 6183 3321 6184 2705 6184 2706 6184 3321 6185 2706 6185 3323 6185 3323 6186 2706 6186 2696 6186 3323 6187 2696 6187 3325 6187 3325 6188 2696 6188 2697 6188 3325 6189 2697 6189 3327 6189 3327 6190 2697 6190 2698 6190 3327 6191 2698 6191 3329 6191 3329 6192 2698 6192 2699 6192 3329 6193 2699 6193 3331 6193 3331 6194 2699 6194 2700 6194 3331 6195 2700 6195 3333 6195 3333 6196 2700 6196 2701 6196 3333 6197 2701 6197 3335 6197 3335 6198 2701 6198 2674 6198 3335 6199 2674 6199 3337 6199 3337 6200 2674 6200 2675 6200 3337 6201 2675 6201 3242 6201 3242 6202 2675 6202 2676 6202 3242 6203 2676 6203 3243 6203 3243 6204 2676 6204 2677 6204 3243 6205 2677 6205 3245 6205 3245 6205 2677 6205 2678 6205 3245 6206 2678 6206 3247 6206 3247 6207 2678 6207 2673 6207 3247 6208 2673 6208 3249 6208 3249 6209 2673 6209 2672 6209 3249 6210 2672 6210 3251 6210 3251 6211 2672 6211 2691 6211 3251 6212 2691 6212 3253 6212 3253 6213 2691 6213 2692 6213 3253 6214 2692 6214 3255 6214 3255 6215 2692 6215 2693 6215 3255 6216 2693 6216 3257 6216 3257 6217 2693 6217 2694 6217 3257 6218 2694 6218 3259 6218 3259 6219 2694 6219 2695 6219 3259 6220 2695 6220 3261 6220 3261 6221 2695 6221 2685 6221 3261 6222 2685 6222 3263 6222 3263 6223 2685 6223 2686 6223 3263 6224 2686 6224 3265 6224 3265 6225 2686 6225 2687 6225 3265 6226 2687 6226 3267 6226 3267 6227 2687 6227 2688 6227 3267 6228 2688 6228 3269 6228 3269 6229 2688 6229 2689 6229 3269 6230 2689 6230 3271 6230 3271 6231 2689 6231 2690 6231 3271 6232 2690 6232 3273 6232 3273 6233 2690 6233 2679 6233 3273 6234 2679 6234 3275 6234 3275 6235 2679 6235 2680 6235 3275 6236 2680 6236 3277 6236 3277 6237 2680 6237 2681 6237 3277 6238 2681 6238 3279 6238 3279 6239 2681 6239 2682 6239 3279 6240 2682 6240 3281 6240 3281 6241 2682 6241 2683 6241 3281 6242 2683 6242 3283 6242 3283 6243 2683 6243 2684 6243 3283 6244 2684 6244 3285 6244 3285 6245 2684 6245 2657 6245 3285 6246 2657 6246 3287 6246 3287 6247 2657 6247 2658 6247 3287 6248 2658 6248 3289 6248 3289 6249 2658 6249 2659 6249 3289 6250 2659 6250 3291 6250 3291 6251 2659 6251 2660 6251 3291 6252 2660 6252 3293 6252 3293 6253 2660 6253 3339 6253 3351 6301 3431 6301 3353 6301 3353 6302 3431 6302 3294 6302 3353 6303 3294 6303 3355 6303 3355 6304 3294 6304 3296 6304 3355 6305 3296 6305 3357 6305 3357 6306 3296 6306 3298 6306 3357 6307 3298 6307 3359 6307 3359 6308 3298 6308 3300 6308 3359 6309 3300 6309 3360 6309 3360 6309 3300 6309 3302 6309 3360 6310 3302 6310 3362 6310 3362 6311 3302 6311 3304 6311 3362 6312 3304 6312 3364 6312 3364 6312 3304 6312 3306 6312 3364 6313 3306 6313 3366 6313 3366 6314 3306 6314 3308 6314 3366 6315 3308 6315 3368 6315 3368 6316 3308 6316 3310 6316 3368 6317 3310 6317 3370 6317 3370 6318 3310 6318 3312 6318 3370 6319 3312 6319 3372 6319 3372 6320 3312 6320 3314 6320 3372 6321 3314 6321 3374 6321 3374 6322 3314 6322 3316 6322 3374 6323 3316 6323 3395 6323 3395 6324 3316 6324 3318 6324 3395 6325 3318 6325 3396 6325 3396 6326 3318 6326 3320 6326 3396 6327 3320 6327 3398 6327 3398 6328 3320 6328 3322 6328 3398 6329 3322 6329 3400 6329 3400 6330 3322 6330 3324 6330 3400 6331 3324 6331 3402 6331 3402 6332 3324 6332 3326 6332 3402 6333 3326 6333 3404 6333 3404 6333 3326 6333 3328 6333 3404 6334 3328 6334 3406 6334 3406 6335 3328 6335 3330 6335 3406 6336 3330 6336 3408 6336 3408 6336 3330 6336 3332 6336 3408 6337 3332 6337 3410 6337 3410 6338 3332 6338 3334 6338 3410 6339 3334 6339 3412 6339 3412 6340 3334 6340 3336 6340 3412 6341 3336 6341 3413 6341 3413 6342 3336 6342 3338 6342 3413 6343 3338 6343 3377 6343 3377 6344 3338 6344 3244 6344 3377 6345 3244 6345 3379 6345 3379 6346 3244 6346 3246 6346 3379 6347 3246 6347 3381 6347 3381 6348 3246 6348 3248 6348 3381 6349 3248 6349 3383 6349 3383 6350 3248 6350 3250 6350 3383 6351 3250 6351 3385 6351 3385 6352 3250 6352 3252 6352 3385 6353 3252 6353 3387 6353 3387 6353 3252 6353 3254 6353 3387 6354 3254 6354 3389 6354 3389 6355 3254 6355 3256 6355 3389 6356 3256 6356 3391 6356 3391 6356 3256 6356 3258 6356 3391 6357 3258 6357 3393 6357 3393 6358 3258 6358 3260 6358 3393 6359 3260 6359 3414 6359 3414 6360 3260 6360 3262 6360 3414 6361 3262 6361 3415 6361 3415 6362 3262 6362 3264 6362 3415 6363 3264 6363 3417 6363 3417 6364 3264 6364 3266 6364 3417 6365 3266 6365 3419 6365 3419 6366 3266 6366 3268 6366 3419 6367 3268 6367 3421 6367 3421 6368 3268 6368 3270 6368 3421 6369 3270 6369 3423 6369 3423 6370 3270 6370 3272 6370 3423 6371 3272 6371 3425 6371 3425 6372 3272 6372 3274 6372 3425 6373 3274 6373 3427 6373 3427 6374 3274 6374 3276 6374 3427 6375 3276 6375 3429 6375 3429 6376 3276 6376 3278 6376 3429 6377 3278 6377 3430 6377 3430 6377 3278 6377 3280 6377 3430 6378 3280 6378 3341 6378 3341 6379 3280 6379 3282 6379 3341 6380 3282 6380 3343 6380 3343 6380 3282 6380 3284 6380 3343 6381 3284 6381 3345 6381 3345 6382 3284 6382 3286 6382 3345 6383 3286 6383 3347 6383 3347 6384 3286 6384 3288 6384 3347 6385 3288 6385 3349 6385 3349 6386 3288 6386 3290 6386 3349 6387 3290 6387 3351 6387 3351 6388 3290 6388 3431 6388 2069 6389 3432 6389 3433 6389 2057 6390 3436 6390 3437 6390 2053 6391 3438 6391 3439 6391 2049 6392 3440 6392 3441 6392 2037 6393 3444 6393 3445 6393 2073 6394 3446 6394 3447 6394 3448 6395 2070 6395 3449 6395 3449 6396 2070 6396 2071 6396 3449 6397 2071 6397 3450 6397 3450 6397 2071 6397 2072 6397 3450 6398 2072 6398 3451 6398 3452 6399 2034 6399 3453 6399 3453 6400 2034 6400 2035 6400 3453 6401 2035 6401 3454 6401 3454 6402 2035 6402 2036 6402 3454 6403 2036 6403 3455 6403 3456 6404 3457 6404 2039 6404 2039 6405 3457 6405 2040 6405 2040 6406 3457 6406 3458 6406 2040 6407 3458 6407 3459 6407 2040 6408 3459 6408 3460 6408 3461 6409 3462 6409 3463 6409 3463 6410 3462 6410 2043 6410 3463 6411 2043 6411 3464 6411 3464 6412 2043 6412 3465 6412 3465 6413 2043 6413 2042 6413 3465 6414 2042 6414 3466 6414 3467 6415 3461 6415 2046 6415 2046 6416 3461 6416 3463 6416 2046 6417 3463 6417 3468 6417 2046 6418 3468 6418 2044 6418 2044 6419 3468 6419 3469 6419 2044 6420 3469 6420 2045 6420 2045 6421 3469 6421 3470 6421 3471 6422 2047 6422 3472 6422 3472 6423 2047 6423 2048 6423 3472 6424 2048 6424 3473 6424 3473 6425 2048 6425 2049 6425 3473 6426 2049 6426 3474 6426 3475 6427 2050 6427 3476 6427 3476 6428 2050 6428 2051 6428 3476 6429 2051 6429 3477 6429 3477 6429 2051 6429 2052 6429 3477 6430 2052 6430 3478 6430 3479 6431 2054 6431 3480 6431 3480 6432 2054 6432 2055 6432 3480 6433 2055 6433 3481 6433 3481 6434 2055 6434 2056 6434 3481 6435 2056 6435 3482 6435 3483 6436 3484 6436 2059 6436 2059 6437 3484 6437 2060 6437 2060 6438 3484 6438 3485 6438 2060 6439 3485 6439 3486 6439 2060 6440 3486 6440 3487 6440 3488 6441 3489 6441 3490 6441 3490 6442 3489 6442 2063 6442 3490 6443 2063 6443 3491 6443 3491 6444 2063 6444 3492 6444 3492 6445 2063 6445 2062 6445 3492 6446 2062 6446 3493 6446 3494 6447 3488 6447 2066 6447 2066 6448 3488 6448 3490 6448 2066 6449 3490 6449 3495 6449 2066 6450 3495 6450 2064 6450 2064 6451 3495 6451 3496 6451 2064 6452 3496 6452 2065 6452 2065 6453 3496 6453 3497 6453 3498 6454 2067 6454 3499 6454 3499 6455 2067 6455 2068 6455 3499 6456 2068 6456 3500 6456 3500 6457 2068 6457 2069 6457 3500 6458 2069 6458 3501 6458 3502 6459 2050 6459 3475 6459 3502 6460 3475 6460 3437 6460 3437 6461 3475 6461 3482 6461 3437 6462 3482 6462 2057 6462 2057 6463 3482 6463 2056 6463 3503 6464 2054 6464 3504 6464 3504 6465 2054 6465 3479 6465 3504 6466 3479 6466 3435 6466 3435 6467 3479 6467 3483 6467 3435 6468 3483 6468 2058 6468 2058 6469 3483 6469 2059 6469 2062 6470 2061 6470 3493 6470 3493 6471 2061 6471 3434 6471 3493 6472 3434 6472 3486 6472 3486 6473 3434 6473 3505 6473 3486 6474 3505 6474 3487 6474 3506 6475 2065 6475 3497 6475 3506 6476 3497 6476 3433 6476 3433 6477 3497 6477 3501 6477 3433 6478 3501 6478 2069 6478 3507 6479 2067 6479 3498 6479 3507 6480 3498 6480 3447 6480 3447 6481 3498 6481 3451 6481 3447 6482 3451 6482 2073 6482 2073 6483 3451 6483 2072 6483 3508 6484 2070 6484 3448 6484 3508 6485 3448 6485 3445 6485 3445 6486 3448 6486 3455 6486 3445 6487 3455 6487 2037 6487 2037 6488 3455 6488 2036 6488 3509 6489 2034 6489 3510 6489 3510 6490 2034 6490 3452 6490 3510 6491 3452 6491 3443 6491 3443 6492 3452 6492 3456 6492 3443 6493 3456 6493 2038 6493 2038 6494 3456 6494 2039 6494 2042 6495 2041 6495 3466 6495 3466 6496 2041 6496 3442 6496 3466 6497 3442 6497 3459 6497 3459 6498 3442 6498 3511 6498 3459 6499 3511 6499 3460 6499 3512 6500 2045 6500 3470 6500 3512 6501 3470 6501 3441 6501 3441 6502 3470 6502 3474 6502 3441 6503 3474 6503 2049 6503 3513 6504 2047 6504 3471 6504 3513 6505 3471 6505 3439 6505 3439 6506 3471 6506 3478 6506 3439 6507 3478 6507 2053 6507 2053 6508 3478 6508 2052 6508 3514 6509 3515 6509 3516 6509 3517 6510 3518 6510 3519 6510 3519 3893 3518 3893 3520 3893 3521 6511 3522 6511 3523 6511 3523 3893 3522 3893 3524 3893 3523 6512 3524 6512 3525 6512 3525 6513 3526 6513 3523 6513 3523 3893 3526 3893 3527 3893 3523 6514 3527 6514 3519 6514 3519 6515 3527 6515 3528 6515 3519 6516 3528 6516 3517 6516 3520 3893 3529 3893 3519 3893 3519 6517 3529 6517 3530 6517 3519 3893 3530 3893 3531 3893 3531 3893 3530 3893 3532 3893 3531 6518 3532 6518 3533 6518 3531 6519 3533 6519 3534 6519 3534 6520 3533 6520 3535 6520 3534 6521 3535 6521 3536 6521 3534 3893 3536 3893 3537 3893 3537 6522 3536 6522 3538 6522 3537 6523 3538 6523 3539 6523 3537 3893 3539 3893 3540 3893 3540 6524 3539 6524 3541 6524 3540 3893 3541 3893 3542 3893 3540 3893 3542 3893 3516 3893 3516 3893 3542 3893 3543 3893 3516 3893 3543 3893 3544 3893 3516 3893 3544 3893 3514 3893 3545 3893 3546 3893 3547 3893 3547 3893 3546 3893 3548 3893 3547 6525 3548 6525 3549 6525 3549 6526 3548 6526 3550 6526 3549 6527 3550 6527 3551 6527 3549 6528 3551 6528 3552 6528 3552 6529 3551 6529 3553 6529 3552 3893 3553 3893 3554 3893 3552 3893 3554 3893 3555 3893 3555 6530 3554 6530 3556 6530 3555 6531 3556 6531 3557 6531 3555 3893 3557 3893 3558 3893 3558 6532 3557 6532 3559 6532 3558 6533 3559 6533 3521 6533 3521 6534 3559 6534 3560 6534 3521 6535 3560 6535 3561 6535 3521 6536 3561 6536 3522 6536 3545 6537 3562 6537 3563 6537 3545 6537 3563 6537 3546 6537 3546 6538 3563 6538 3564 6538 3546 6539 3564 6539 3548 6539 3548 6540 3564 6540 3565 6540 3548 6540 3565 6540 3550 6540 3550 6541 3565 6541 3566 6541 3550 6542 3566 6542 3551 6542 3551 6543 3566 6543 3567 6543 3551 6544 3567 6544 3553 6544 3553 6545 3567 6545 3568 6545 3553 6546 3568 6546 3554 6546 3554 6547 3568 6547 3569 6547 3554 6547 3569 6547 3556 6547 3556 6548 3569 6548 3570 6548 3556 6549 3570 6549 3557 6549 3557 6550 3570 6550 3571 6550 3557 6551 3571 6551 3559 6551 3559 6552 3571 6552 3572 6552 3559 6553 3572 6553 3560 6553 3560 6554 3572 6554 3573 6554 3560 6555 3573 6555 3561 6555 3561 6556 3573 6556 3574 6556 3561 6557 3574 6557 3522 6557 3522 6558 3574 6558 3575 6558 3522 6558 3575 6558 3524 6558 3524 6559 3575 6559 3576 6559 3524 6560 3576 6560 3525 6560 3525 6561 3576 6561 3577 6561 3525 6562 3577 6562 3526 6562 3526 6563 3577 6563 3578 6563 3526 6564 3578 6564 3527 6564 3527 6565 3578 6565 3579 6565 3527 6566 3579 6566 3528 6566 3528 6567 3579 6567 3580 6567 3528 6568 3580 6568 3517 6568 3517 6569 3580 6569 3581 6569 3517 6570 3581 6570 3518 6570 3518 6571 3581 6571 3582 6571 3518 6572 3582 6572 3520 6572 3520 6573 3582 6573 3583 6573 3520 6574 3583 6574 3529 6574 3529 6575 3583 6575 3584 6575 3529 6576 3584 6576 3530 6576 3530 6577 3584 6577 3585 6577 3530 6578 3585 6578 3532 6578 3532 6579 3585 6579 3586 6579 3532 6580 3586 6580 3533 6580 3533 6581 3586 6581 3587 6581 3533 6582 3587 6582 3535 6582 3535 6583 3587 6583 3588 6583 3535 6584 3588 6584 3536 6584 3536 6585 3588 6585 3589 6585 3536 6586 3589 6586 3538 6586 3538 6587 3589 6587 3590 6587 3538 6588 3590 6588 3539 6588 3539 6589 3590 6589 3591 6589 3539 6589 3591 6589 3541 6589 3541 6590 3591 6590 3592 6590 3541 6591 3592 6591 3542 6591 3542 6592 3592 6592 3593 6592 3542 6593 3593 6593 3543 6593 3543 6594 3593 6594 3594 6594 3543 6594 3594 6594 3544 6594 3544 6595 3594 6595 3595 6595 3544 6596 3595 6596 3514 6596 3514 6597 3595 6597 3596 6597 3514 6598 3596 6598 3515 6598 3484 3893 3483 3893 3597 3893 3484 3893 3597 3893 3485 3893 3596 3893 3490 3893 3598 3893 3598 6599 3490 6599 3491 6599 3596 6600 3595 6600 3490 6600 3490 6601 3595 6601 3594 6601 3490 6602 3594 6602 3495 6602 3495 6603 3594 6603 3593 6603 3491 6604 3492 6604 3598 6604 3598 3893 3492 3893 3493 3893 3598 3893 3493 3893 3597 3893 3597 3893 3493 3893 3486 3893 3597 3893 3486 3893 3485 3893 3589 3893 3499 3893 3590 3893 3590 3893 3499 3893 3500 3893 3590 3893 3500 3893 3591 3893 3591 6605 3500 6605 3501 6605 3591 3893 3501 3893 3592 3893 3592 6606 3501 6606 3497 6606 3592 6607 3497 6607 3593 6607 3593 6608 3497 6608 3496 6608 3593 3893 3496 3893 3495 3893 3586 3893 3449 3893 3587 3893 3587 6609 3449 6609 3450 6609 3587 3893 3450 3893 3588 3893 3588 6610 3450 6610 3451 6610 3588 3893 3451 3893 3589 3893 3589 6611 3451 6611 3498 6611 3589 6612 3498 6612 3499 6612 3582 3893 3452 3893 3583 3893 3583 3893 3452 3893 3453 3893 3583 3893 3453 3893 3584 3893 3584 6613 3453 6613 3454 6613 3584 3893 3454 3893 3585 3893 3585 6614 3454 6614 3455 6614 3585 3893 3455 3893 3586 3893 3586 6615 3455 6615 3448 6615 3586 3893 3448 3893 3449 3893 3578 3893 3466 3893 3579 3893 3579 3893 3466 3893 3459 3893 3579 6616 3459 6616 3580 6616 3580 3893 3459 3893 3458 3893 3580 6617 3458 6617 3581 6617 3581 6618 3458 6618 3457 6618 3581 3893 3457 3893 3582 3893 3582 6619 3457 6619 3456 6619 3582 6620 3456 6620 3452 6620 3571 6621 3472 6621 3572 6621 3572 6622 3472 6622 3473 6622 3572 3893 3473 3893 3573 3893 3573 6623 3473 6623 3474 6623 3573 3893 3474 3893 3574 3893 3574 6624 3474 6624 3470 6624 3574 3893 3470 3893 3575 3893 3470 3893 3469 3893 3575 3893 3575 3893 3469 3893 3468 3893 3575 6625 3468 6625 3576 6625 3576 3893 3468 3893 3463 3893 3576 3893 3463 3893 3577 3893 3577 6626 3463 6626 3464 6626 3577 3893 3464 3893 3578 3893 3578 3893 3464 3893 3465 3893 3578 6627 3465 6627 3466 6627 3567 3893 3475 3893 3568 3893 3568 3893 3475 3893 3476 3893 3568 3893 3476 3893 3569 3893 3569 6628 3476 6628 3477 6628 3569 6629 3477 6629 3570 6629 3570 6630 3477 6630 3599 6630 3570 6631 3599 6631 3571 6631 3571 6632 3599 6632 3471 6632 3571 6633 3471 6633 3472 6633 3562 3893 3597 3893 3563 3893 3563 3893 3597 3893 3483 3893 3563 3893 3483 3893 3564 3893 3564 6634 3483 6634 3479 6634 3564 3893 3479 3893 3565 3893 3565 3893 3479 3893 3480 3893 3565 3893 3480 3893 3566 3893 3566 6635 3480 6635 3481 6635 3566 6636 3481 6636 3567 6636 3567 6637 3481 6637 3482 6637 3567 6638 3482 6638 3475 6638 1935 6639 3446 6639 1936 6639 1936 6640 3446 6640 2073 6640 3507 6641 1944 6641 2067 6641 2067 6642 1944 6642 1947 6642 3446 3893 1935 3893 3447 3893 3447 6643 1935 6643 1943 6643 3447 3893 1943 3893 3507 3893 3507 6644 1943 6644 1944 6644 1932 6645 3432 6645 1933 6645 1933 6646 3432 6646 2069 6646 3506 6647 1951 6647 2065 6647 2065 6648 1951 6648 1954 6648 3433 6649 3432 6649 1932 6649 1932 6650 1950 6650 3433 6650 3433 6651 1950 6651 1951 6651 3433 6652 1951 6652 3506 6652 1929 6653 3494 6653 1930 6653 1930 6654 3494 6654 2066 6654 3489 6655 1958 6655 2063 6655 2063 6656 1958 6656 1961 6656 3488 6657 3494 6657 1929 6657 1958 6658 3489 6658 3488 6658 1958 6659 3488 6659 1957 6659 1957 3893 3488 3893 1929 3893 1926 6660 3434 6660 1927 6660 1927 6661 3434 6661 2061 6661 3487 6662 1965 6662 2060 6662 2060 6663 1965 6663 1968 6663 1965 6664 3487 6664 3505 6664 1965 6665 3505 6665 1964 6665 1964 6666 3505 6666 3434 6666 1964 3893 3434 3893 1926 3893 1923 6667 3435 6667 1924 6667 1924 6668 3435 6668 2058 6668 3503 6669 1972 6669 2054 6669 2054 6670 1972 6670 1975 6670 1972 6671 3503 6671 3504 6671 1972 6672 3504 6672 1971 6672 1971 3893 3504 3893 3435 3893 1971 6673 3435 6673 1923 6673 1920 6674 3436 6674 1921 6674 1921 6675 3436 6675 2057 6675 3502 6676 1979 6676 2050 6676 2050 6677 1979 6677 1982 6677 3436 3893 1920 3893 3437 3893 3437 3893 1920 3893 1978 3893 3437 6678 1978 6678 3502 6678 3502 6679 1978 6679 1979 6679 1917 6680 3438 6680 1918 6680 1918 6681 3438 6681 2053 6681 3513 6682 1986 6682 2047 6682 2047 6683 1986 6683 1989 6683 3438 3893 1917 3893 3439 3893 3439 6684 1917 6684 1985 6684 3439 3893 1985 3893 3513 3893 3513 6685 1985 6685 1986 6685 1914 6686 3440 6686 1915 6686 1915 6687 3440 6687 2049 6687 3512 6688 1993 6688 2045 6688 2045 6689 1993 6689 1996 6689 3441 6690 3440 6690 1914 6690 1914 6691 1992 6691 3441 6691 3441 6692 1992 6692 1993 6692 3441 6693 1993 6693 3512 6693 1911 6694 3467 6694 1912 6694 1912 6695 3467 6695 2046 6695 3462 6696 2000 6696 2043 6696 2043 6697 2000 6697 2003 6697 3461 6698 3467 6698 1911 6698 2000 6699 3462 6699 3461 6699 2000 6700 3461 6700 1999 6700 1999 3893 3461 3893 1911 3893 1908 6701 3442 6701 1909 6701 1909 6702 3442 6702 2041 6702 3460 6703 2007 6703 2040 6703 2040 6704 2007 6704 2010 6704 2007 6705 3460 6705 3511 6705 2007 6706 3511 6706 2006 6706 2006 6707 3511 6707 3442 6707 2006 3893 3442 3893 1908 3893 1905 6708 3443 6708 1906 6708 1906 6709 3443 6709 2038 6709 3509 6710 2014 6710 2034 6710 2034 6711 2014 6711 2017 6711 2014 6712 3509 6712 3510 6712 2014 6713 3510 6713 2013 6713 2013 3893 3510 3893 3443 3893 2013 6714 3443 6714 1905 6714 1902 6715 3444 6715 1903 6715 1903 6716 3444 6716 2037 6716 3508 6717 1939 6717 2070 6717 2070 6718 1939 6718 1938 6718 3444 3893 1902 3893 3445 3893 3445 3893 1902 3893 2020 3893 3445 6719 2020 6719 3508 6719 3508 6720 2020 6720 1939 6720 3646 6939 3598 6939 3645 6939 3645 6939 3598 6939 3597 6939 3598 6205 3646 6205 3596 6205 3596 6205 3646 6205 3647 6205</p>
        </triangles>
        <triangles material="White-material" count="405">
          <input semantic="VERTEX" source="#Nano_Atom_Left_Rubber_Wheel_001-mesh-vertices" offset="0"/>
          <input semantic="NORMAL" source="#Nano_Atom_Left_Rubber_Wheel_001-mesh-normals" offset="1"/>
          <p>3340 4810 3341 4810 3342 4810 3342 6254 3341 6254 3343 6254 3342 6255 3343 6255 3344 6255 3344 4810 3343 4810 3345 4810 3344 4810 3345 4810 3346 4810 3346 6256 3345 6256 3347 6256 3346 6257 3347 6257 3348 6257 3348 6258 3347 6258 3349 6258 3348 6259 3349 6259 3350 6259 3350 6260 3349 6260 3351 6260 3350 4810 3351 4810 3352 4810 3352 6261 3351 6261 3353 6261 3352 4810 3353 4810 3354 4810 3354 6262 3353 6262 3355 6262 3354 6263 3355 6263 3356 6263 3356 6264 3355 6264 3357 6264 3356 4810 3357 4810 3358 4810 3357 4810 3359 4810 3358 4810 3358 6265 3359 6265 3360 6265 3358 4810 3360 4810 3361 4810 3361 4810 3360 4810 3362 4810 3361 6266 3362 6266 3363 6266 3363 4810 3362 4810 3364 4810 3363 6267 3364 6267 3365 6267 3365 4810 3364 4810 3366 4810 3365 6268 3366 6268 3367 6268 3367 6269 3366 6269 3368 6269 3367 6270 3368 6270 3369 6270 3369 6271 3368 6271 3370 6271 3369 6272 3370 6272 3371 6272 3371 6273 3370 6273 3372 6273 3371 6274 3372 6274 3373 6274 3373 6275 3372 6275 3374 6275 3373 4810 3374 4810 3375 4810 3376 4810 3377 4810 3378 4810 3378 6276 3377 6276 3379 6276 3378 4810 3379 4810 3380 4810 3380 6277 3379 6277 3381 6277 3380 4810 3381 4810 3382 4810 3382 6278 3381 6278 3383 6278 3382 4810 3383 4810 3384 4810 3384 4810 3383 4810 3385 4810 3384 4810 3385 4810 3386 4810 3386 6279 3385 6279 3387 6279 3386 4810 3387 4810 3388 4810 3388 4810 3387 4810 3389 4810 3388 4810 3389 4810 3390 4810 3390 6280 3389 6280 3391 6280 3390 4810 3391 4810 3392 4810 3392 6281 3391 6281 3393 6281 3392 4810 3393 4810 3394 4810 3374 6282 3395 6282 3375 6282 3375 4810 3395 4810 3396 4810 3375 6283 3396 6283 3397 6283 3397 4810 3396 4810 3398 4810 3397 6284 3398 6284 3399 6284 3399 4810 3398 4810 3400 4810 3399 6285 3400 6285 3401 6285 3401 4810 3400 4810 3402 4810 3401 4810 3402 4810 3403 4810 3403 4810 3402 4810 3404 4810 3403 4810 3404 4810 3405 4810 3405 6286 3404 6286 3406 6286 3405 6287 3406 6287 3407 6287 3407 4810 3406 4810 3408 4810 3407 6288 3408 6288 3409 6288 3409 4810 3408 4810 3410 4810 3409 6289 3410 6289 3411 6289 3411 6290 3410 6290 3412 6290 3411 4810 3412 4810 3376 4810 3376 6291 3412 6291 3413 6291 3376 6292 3413 6292 3377 6292 3393 6293 3414 6293 3394 6293 3394 4810 3414 4810 3415 4810 3394 6294 3415 6294 3416 6294 3416 4810 3415 4810 3417 4810 3416 6295 3417 6295 3418 6295 3418 4810 3417 4810 3419 4810 3418 6296 3419 6296 3420 6296 3420 6297 3419 6297 3421 6297 3420 4810 3421 4810 3422 4810 3422 4810 3421 4810 3423 4810 3422 4810 3423 4810 3424 4810 3424 4810 3423 4810 3425 4810 3424 6298 3425 6298 3426 6298 3426 4810 3425 4810 3427 4810 3426 6299 3427 6299 3428 6299 3428 4810 3427 4810 3429 4810 3428 6300 3429 6300 3340 6300 3340 4810 3429 4810 3430 4810 3340 4810 3430 4810 3341 4810 3600 6721 3601 6721 3602 6721 3602 6721 3601 6721 3352 6721 3602 6722 3352 6722 3603 6722 3603 6723 3352 6723 3354 6723 3603 6724 3354 6724 3604 6724 3604 6725 3354 6725 3356 6725 3604 6726 3356 6726 3605 6726 3605 6726 3356 6726 3358 6726 3605 6727 3358 6727 3606 6727 3606 6728 3358 6728 3361 6728 3606 6729 3361 6729 3607 6729 3607 6730 3361 6730 3363 6730 3607 6731 3363 6731 3608 6731 3608 6732 3363 6732 3365 6732 3608 6733 3365 6733 3609 6733 3609 6734 3365 6734 3367 6734 3609 6735 3367 6735 3610 6735 3610 6736 3367 6736 3369 6736 3610 6737 3369 6737 3611 6737 3611 6738 3369 6738 3371 6738 3611 6739 3371 6739 3612 6739 3612 6740 3371 6740 3373 6740 3612 6741 3373 6741 3613 6741 3613 6741 3373 6741 3375 6741 3613 6742 3375 6742 3614 6742 3614 6743 3375 6743 3397 6743 3614 6744 3397 6744 3615 6744 3615 6745 3397 6745 3399 6745 3615 6746 3399 6746 3616 6746 3616 6747 3399 6747 3401 6747 3616 6748 3401 6748 3617 6748 3617 6748 3401 6748 3403 6748 3617 6749 3403 6749 3618 6749 3618 6750 3403 6750 3405 6750 3618 6751 3405 6751 3619 6751 3619 6752 3405 6752 3407 6752 3619 6753 3407 6753 3620 6753 3620 6754 3407 6754 3409 6754 3620 6755 3409 6755 3621 6755 3621 6756 3409 6756 3411 6756 3621 6757 3411 6757 3622 6757 3622 6758 3411 6758 3376 6758 3622 6205 3376 6205 3623 6205 3623 6205 3376 6205 3378 6205 3623 6759 3378 6759 3624 6759 3624 6760 3378 6760 3380 6760 3624 6761 3380 6761 3625 6761 3625 6762 3380 6762 3382 6762 3625 6763 3382 6763 3626 6763 3626 6764 3382 6764 3384 6764 3626 6765 3384 6765 3627 6765 3627 6766 3384 6766 3386 6766 3627 6767 3386 6767 3628 6767 3628 6768 3386 6768 3388 6768 3628 6769 3388 6769 3629 6769 3629 6769 3388 6769 3390 6769 3629 6770 3390 6770 3630 6770 3630 6771 3390 6771 3392 6771 3630 6772 3392 6772 3631 6772 3631 6773 3392 6773 3394 6773 3631 6774 3394 6774 3632 6774 3632 6775 3394 6775 3416 6775 3632 6776 3416 6776 3633 6776 3633 6776 3416 6776 3418 6776 3633 6777 3418 6777 3634 6777 3634 6778 3418 6778 3420 6778 3634 6779 3420 6779 3635 6779 3635 6780 3420 6780 3422 6780 3635 6781 3422 6781 3636 6781 3636 6782 3422 6782 3424 6782 3636 6783 3424 6783 3637 6783 3637 6784 3424 6784 3426 6784 3637 6785 3426 6785 3638 6785 3638 6786 3426 6786 3428 6786 3638 6787 3428 6787 3639 6787 3639 6788 3428 6788 3340 6788 3639 6789 3340 6789 3640 6789 3640 6790 3340 6790 3342 6790 3640 6791 3342 6791 3641 6791 3641 6791 3342 6791 3344 6791 3641 6792 3344 6792 3642 6792 3642 6793 3344 6793 3346 6793 3642 6794 3346 6794 3643 6794 3643 6795 3346 6795 3348 6795 3643 6796 3348 6796 3600 6796 3600 6796 3348 6796 3601 6796 3644 4810 3608 4810 3645 4810 3645 4810 3608 4810 3609 4810 3612 4810 3646 4810 3611 4810 3611 6797 3646 6797 3645 6797 3611 6798 3645 6798 3610 6798 3610 6799 3645 6799 3609 6799 3612 6800 3613 6800 3646 6800 3646 6801 3613 6801 3614 6801 3646 6802 3614 6802 3615 6802 3647 4810 3646 4810 3648 4810 3648 4810 3646 4810 3615 4810 3648 6803 3615 6803 3649 6803 3649 6804 3615 6804 3616 6804 3649 4810 3616 4810 3650 4810 3650 6805 3616 6805 3617 6805 3650 4810 3617 4810 3651 4810 3651 6806 3617 6806 3618 6806 3651 4810 3618 4810 3652 4810 3652 6807 3618 6807 3619 6807 3652 4810 3619 4810 3653 4810 3653 6808 3619 6808 3620 6808 3653 6809 3620 6809 3654 6809 3644 6810 3655 6810 3608 6810 3608 6811 3655 6811 3656 6811 3608 6812 3656 6812 3607 6812 3607 6813 3656 6813 3657 6813 3607 4810 3657 4810 3606 4810 3606 6814 3657 6814 3658 6814 3606 6815 3658 6815 3605 6815 3605 4810 3658 4810 3659 4810 3660 4810 3642 4810 3661 4810 3661 6816 3642 6816 3643 6816 3661 6817 3643 6817 3662 6817 3662 6818 3643 6818 3600 6818 3662 4810 3600 4810 3663 4810 3663 6819 3600 6819 3602 6819 3663 4810 3602 4810 3664 4810 3664 6820 3602 6820 3603 6820 3664 6821 3603 6821 3659 6821 3659 6822 3603 6822 3604 6822 3659 6823 3604 6823 3605 6823 3665 4810 3635 4810 3666 4810 3666 4810 3635 4810 3636 4810 3666 6824 3636 6824 3667 6824 3667 4810 3636 4810 3637 4810 3667 6825 3637 6825 3668 6825 3668 6826 3637 6826 3638 6826 3668 4810 3638 4810 3669 4810 3669 6827 3638 6827 3639 6827 3669 4810 3639 4810 3670 4810 3670 4810 3639 4810 3640 4810 3670 6828 3640 6828 3660 6828 3660 6829 3640 6829 3641 6829 3660 6830 3641 6830 3642 6830 3671 6831 3628 6831 3672 6831 3672 6832 3628 6832 3629 6832 3672 6833 3629 6833 3673 6833 3673 6834 3629 6834 3630 6834 3673 6835 3630 6835 3674 6835 3674 6836 3630 6836 3631 6836 3674 4810 3631 4810 3675 4810 3675 4810 3631 4810 3632 4810 3675 4810 3632 4810 3676 4810 3676 4810 3632 4810 3633 4810 3676 4810 3633 4810 3665 4810 3665 4810 3633 4810 3634 4810 3665 6837 3634 6837 3635 6837 3620 4810 3621 4810 3654 4810 3654 6838 3621 6838 3622 6838 3654 4810 3622 4810 3677 4810 3677 4810 3622 4810 3623 4810 3677 4810 3623 4810 3678 4810 3678 6839 3623 6839 3624 6839 3678 4810 3624 4810 3679 4810 3679 6840 3624 6840 3625 6840 3679 4810 3625 4810 3680 4810 3680 6841 3625 6841 3626 6841 3680 4810 3626 4810 3671 4810 3671 6842 3626 6842 3627 6842 3671 6843 3627 6843 3628 6843 3681 6844 3647 6844 3648 6844 3681 6845 3648 6845 3682 6845 3682 6846 3648 6846 3649 6846 3682 6847 3649 6847 3683 6847 3683 6848 3649 6848 3650 6848 3683 6849 3650 6849 3684 6849 3684 6850 3650 6850 3651 6850 3684 6851 3651 6851 3685 6851 3685 6852 3651 6852 3652 6852 3685 6853 3652 6853 3686 6853 3686 6854 3652 6854 3653 6854 3686 6855 3653 6855 3687 6855 3687 6856 3653 6856 3654 6856 3687 6857 3654 6857 3688 6857 3688 6858 3654 6858 3677 6858 3688 6859 3677 6859 3689 6859 3689 6860 3677 6860 3678 6860 3689 6861 3678 6861 3690 6861 3690 6862 3678 6862 3679 6862 3690 6863 3679 6863 3691 6863 3691 6864 3679 6864 3680 6864 3691 6865 3680 6865 3692 6865 3692 6866 3680 6866 3671 6866 3692 6867 3671 6867 3693 6867 3693 6868 3671 6868 3672 6868 3693 6869 3672 6869 3694 6869 3694 6870 3672 6870 3673 6870 3694 6871 3673 6871 3695 6871 3695 6872 3673 6872 3674 6872 3695 6873 3674 6873 3696 6873 3696 6874 3674 6874 3675 6874 3696 6875 3675 6875 3697 6875 3697 6876 3675 6876 3676 6876 3697 6876 3676 6876 3698 6876 3698 6877 3676 6877 3665 6877 3698 6878 3665 6878 3699 6878 3699 6879 3665 6879 3666 6879 3699 6880 3666 6880 3700 6880 3700 6881 3666 6881 3667 6881 3700 6882 3667 6882 3701 6882 3701 6883 3667 6883 3668 6883 3701 6884 3668 6884 3702 6884 3702 6885 3668 6885 3669 6885 3702 6886 3669 6886 3703 6886 3703 6887 3669 6887 3670 6887 3703 6888 3670 6888 3704 6888 3704 6889 3670 6889 3660 6889 3704 6890 3660 6890 3705 6890 3705 6891 3660 6891 3661 6891 3705 6892 3661 6892 3706 6892 3706 6893 3661 6893 3662 6893 3706 6894 3662 6894 3707 6894 3707 6895 3662 6895 3663 6895 3707 6895 3663 6895 3708 6895 3708 6896 3663 6896 3664 6896 3708 6897 3664 6897 3709 6897 3709 6898 3664 6898 3659 6898 3709 6899 3659 6899 3710 6899 3710 6900 3659 6900 3658 6900 3710 6901 3658 6901 3711 6901 3711 6902 3658 6902 3657 6902 3711 6903 3657 6903 3712 6903 3712 6904 3657 6904 3656 6904 3712 6905 3656 6905 3713 6905 3713 6906 3656 6906 3655 6906 3713 6906 3655 6906 3714 6906 3714 6907 3655 6907 3644 6907 3714 6908 3644 6908 3715 6908 3695 6909 3696 6909 3716 6909 3714 4810 3715 4810 3717 4810 3718 4810 3693 4810 3716 4810 3716 4810 3693 4810 3694 4810 3716 4810 3694 4810 3695 4810 3700 4810 3701 4810 3719 4810 3696 4810 3697 4810 3716 4810 3716 4810 3697 4810 3698 4810 3716 6910 3698 6910 3719 6910 3719 6911 3698 6911 3699 6911 3719 4810 3699 4810 3700 4810 3681 4810 3682 4810 3720 4810 3720 6912 3682 6912 3683 6912 3720 6913 3683 6913 3684 6913 3720 6914 3684 6914 3721 6914 3721 4810 3684 4810 3685 4810 3721 6915 3685 6915 3686 6915 3721 6916 3686 6916 3722 6916 3722 6917 3686 6917 3687 6917 3722 6918 3687 6918 3688 6918 3722 6919 3688 6919 3723 6919 3723 6920 3688 6920 3689 6920 3723 6921 3689 6921 3690 6921 3723 4810 3690 4810 3718 4810 3718 6922 3690 6922 3691 6922 3718 6923 3691 6923 3692 6923 3718 6924 3692 6924 3693 6924 3701 4810 3702 4810 3719 4810 3719 6925 3702 6925 3703 6925 3719 6926 3703 6926 3704 6926 3719 4810 3704 4810 3724 4810 3724 6927 3704 6927 3705 6927 3724 6928 3705 6928 3706 6928 3724 4810 3706 4810 3725 4810 3725 6929 3706 6929 3707 6929 3725 4810 3707 4810 3726 4810 3726 6930 3707 6930 3708 6930 3726 6931 3708 6931 3709 6931 3726 6932 3709 6932 3727 6932 3727 6933 3709 6933 3710 6933 3727 4810 3710 4810 3728 4810 3728 6934 3710 6934 3711 6934 3728 6935 3711 6935 3712 6935 3728 6936 3712 6936 3717 6936 3717 6937 3712 6937 3713 6937 3717 6938 3713 6938 3714 6938 3523 6940 3719 6940 3521 6940 3521 6941 3719 6941 3724 6941 3521 6942 3724 6942 3558 6942 3558 6943 3724 6943 3555 6943 3555 6944 3724 6944 3725 6944 3555 6945 3725 6945 3726 6945 3555 6946 3726 6946 3552 6946 3552 6947 3726 6947 3727 6947 3552 6948 3727 6948 3549 6948 3549 6949 3727 6949 3728 6949 3549 6950 3728 6950 3547 6950 3547 6951 3728 6951 3717 6951 3716 6952 3719 6952 3519 6952 3519 6953 3719 6953 3523 6953 3516 6954 3720 6954 3540 6954 3540 6955 3720 6955 3721 6955 3540 6956 3721 6956 3537 6956 3537 6957 3721 6957 3722 6957 3537 6958 3722 6958 3534 6958 3534 6959 3722 6959 3723 6959 3534 6960 3723 6960 3531 6960 3531 6961 3723 6961 3718 6961 3531 6962 3718 6962 3519 6962 3519 6963 3718 6963 3716 6963 3681 6964 3720 6964 3647 6964 3647 6965 3720 6965 3516 6965 3596 6205 3647 6205 3515 6205 3515 6966 3647 6966 3516 6966 3547 4313 3717 4313 3644 4313 3644 4313 3717 4313 3715 4313 3545 4313 3547 4313 3562 4313 3562 6967 3547 6967 3644 6967 3562 4313 3644 4313 3597 4313 3597 4313 3644 4313 3645 4313</p>
        </triangles>
      </mesh>
    </geometry>
  </library_geometries>
  <library_visual_scenes>
    <visual_scene id="Scene" name="Scene">
      <node id="Nano_Atom_Left_Rubber_Wheel_001" name="Nano Atom Left Rubber Wheel.001" type="NODE">
        <matrix sid="transform">1 0 0 0 0 1 0 0 0 0 1 0 0 0 0 1</matrix>
        <instance_geometry url="#Nano_Atom_Left_Rubber_Wheel_001-mesh" name="Nano Atom Left Rubber Wheel.001">
          <bind_material>
            <technique_common>
              <instance_material symbol="Back-material" target="#Back-material"/>
              <instance_material symbol="White-material" target="#White-material"/>
            </technique_common>
          </bind_material>
        </instance_geometry>
      </node>
    </visual_scene>
  </library_visual_scenes>
  <scene>
    <instance_visual_scene url="#Scene"/>
  </scene>
</COLLADA>